Scanning input file(s)...
Input data        : 24 GiB (32768 slices from 1 file)
Recovery data     : 3687 MiB (4916 * 768 KiB slices)
Input pass(es)    : 1, processing 4916 * 768 KiB chunks per pass
Read buffer size  : 3840 KiB * max 8 buffers
Hash method       : Scalar+PCLMUL (input), AVX2 (recovery)

Intel(R) Core(TM) i5-10600KF CPU @ 4.10GHz
  Multiply method : Shuffle (AVX2) with 8256 B loop tiling, 12 threads
  Input batching  : 12 chunks, 2 batches
  Memory Usage    : 3705.3 MiB (4916 * 768.06 KiB chunks + 18 MiB transfer buffer)

Calculating       :   0.13%
Calculating       :   0.13%
Calculating       :   0.21%
Calculating       :   0.25%
Calculating       :   0.30%
Calculating       :   0.30%
Calculating       :   0.33%
Calculating       :   0.36%
Calculating       :   0.36%
Calculating       :   0.40%
Calculating       :   0.43%
Calculating       :   0.45%
Calculating       :   0.48%
Calculating       :   0.51%
Calculating       :   0.51%
Calculating       :   0.54%
Calculating       :   0.58%
Calculating       :   0.61%
Calculating       :   0.61%
Calculating       :   0.66%
Calculating       :   0.69%
Calculating       :   0.72%
Calculating       :   0.72%
Calculating       :   0.76%
Calculating       :   0.80%
Calculating       :   0.80%
Calculating       :   0.84%
Calculating       :   0.87%
Calculating       :   0.90%
Calculating       :   0.90%
Calculating       :   0.95%
Calculating       :   0.98%
Calculating       :   1.02%
Calculating       :   1.02%
Calculating       :   1.05%
Calculating       :   1.08%
Calculating       :   1.13%
Calculating       :   1.13%
Calculating       :   1.16%
Calculating       :   1.20%
Calculating       :   1.23%
Calculating       :   1.23%
Calculating       :   1.26%
Calculating       :   1.31%
Calculating       :   1.34%
Calculating       :   1.34%
Calculating       :   1.38%
Calculating       :   1.41%
Calculating       :   1.44%
Calculating       :   1.44%
Calculating       :   1.49%
Calculating       :   1.52%
Calculating       :   1.52%
Calculating       :   1.56%
Calculating       :   1.60%
Calculating       :   1.63%
Calculating       :   1.63%
Calculating       :   1.67%
Calculating       :   1.70%
Calculating       :   1.75%
Calculating       :   1.75%
Calculating       :   1.78%
Calculating       :   1.81%
Calculating       :   1.85%
Calculating       :   1.85%
Calculating       :   1.88%
Calculating       :   1.93%
Calculating       :   1.96%
Calculating       :   1.96%
Calculating       :   1.99%
Calculating       :   2.03%
Calculating       :   2.06%
Calculating       :   2.06%
Calculating       :   2.11%
Calculating       :   2.14%
Calculating       :   2.17%
Calculating       :   2.17%
Calculating       :   2.21%
Calculating       :   2.24%
Calculating       :   2.29%
Calculating       :   2.29%
Calculating       :   2.32%
Calculating       :   2.35%
Calculating       :   2.40%
Calculating       :   2.40%
Calculating       :   2.43%
Calculating       :   2.47%
Calculating       :   2.47%
Calculating       :   2.50%
Calculating       :   2.53%
Calculating       :   2.58%
Calculating       :   2.58%
Calculating       :   2.61%
Calculating       :   2.65%
Calculating       :   2.68%
Calculating       :   2.68%
Calculating       :   2.71%
Calculating       :   2.76%
Calculating       :   2.79%
Calculating       :   2.79%
Calculating       :   2.83%
Calculating       :   2.86%
Calculating       :   2.89%
Calculating       :   2.89%
Calculating       :   2.94%
Calculating       :   2.97%
Calculating       :   3.01%
Calculating       :   3.01%
Calculating       :   3.04%
Calculating       :   3.07%
Calculating       :   3.12%
Calculating       :   3.12%
Calculating       :   3.15%
Calculating       :   3.20%
Calculating       :   3.23%
Calculating       :   3.23%
Calculating       :   3.26%
Calculating       :   3.30%
Calculating       :   3.30%
Calculating       :   3.33%
Calculating       :   3.38%
Calculating       :   3.41%
Calculating       :   3.41%
Calculating       :   3.44%
Calculating       :   3.48%
Calculating       :   3.48%
Calculating       :   3.51%
Calculating       :   3.56%
Calculating       :   3.59%
Calculating       :   3.59%
Calculating       :   3.62%
Calculating       :   3.66%
Calculating       :   3.69%
Calculating       :   3.69%
Calculating       :   3.74%
Calculating       :   3.77%
Calculating       :   3.80%
Calculating       :   3.80%
Calculating       :   3.84%
Calculating       :   3.87%
Calculating       :   3.92%
Calculating       :   3.92%
Calculating       :   3.95%
Calculating       :   3.98%
Calculating       :   4.03%
Calculating       :   4.03%
Calculating       :   4.06%
Calculating       :   4.10%
Calculating       :   4.13%
Calculating       :   4.13%
Calculating       :   4.16%
Calculating       :   4.21%
Calculating       :   4.24%
Calculating       :   4.24%
Calculating       :   4.28%
Calculating       :   4.31%
Calculating       :   4.34%
Calculating       :   4.34%
Calculating       :   4.39%
Calculating       :   4.42%
Calculating       :   4.46%
Calculating       :   4.46%
Calculating       :   4.49%
Calculating       :   4.52%
Calculating       :   4.57%
Calculating       :   4.57%
Calculating       :   4.60%
Calculating       :   4.64%
Calculating       :   4.67%
Calculating       :   4.67%
Calculating       :   4.70%
Calculating       :   4.75%
Calculating       :   4.75%
Calculating       :   4.78%
Calculating       :   4.83%
Calculating       :   4.86%
Calculating       :   4.86%
Calculating       :   4.89%
Calculating       :   4.93%
Calculating       :   4.96%
Calculating       :   4.96%
Calculating       :   5.01%
Calculating       :   5.04%
Calculating       :   5.07%
Calculating       :   5.07%
Calculating       :   5.11%
Calculating       :   5.14%
Calculating       :   5.19%
Calculating       :   5.19%
Calculating       :   5.22%
Calculating       :   5.25%
Calculating       :   5.29%
Calculating       :   5.29%
Calculating       :   5.32%
Calculating       :   5.37%
Calculating       :   5.40%
Calculating       :   5.40%
Calculating       :   5.43%
Calculating       :   5.47%
Calculating       :   5.50%
Calculating       :   5.50%
Calculating       :   5.55%
Calculating       :   5.58%
Calculating       :   5.61%
Calculating       :   5.61%
Calculating       :   5.66%
Calculating       :   5.69%
Calculating       :   5.73%
Calculating       :   5.73%
Calculating       :   5.76%
Calculating       :   5.79%
Calculating       :   5.84%
Calculating       :   5.84%
Calculating       :   5.87%
Calculating       :   5.91%
Calculating       :   5.94%
Calculating       :   5.94%
Calculating       :   5.97%
Calculating       :   6.02%
Calculating       :   6.02%
Calculating       :   6.05%
Calculating       :   6.09%
Calculating       :   6.12%
Calculating       :   6.12%
Calculating       :   6.15%
Calculating       :   6.20%
Calculating       :   6.23%
Calculating       :   6.23%
Calculating       :   6.27%
Calculating       :   6.30%
Calculating       :   6.33%
Calculating       :   6.33%
Calculating       :   6.38%
Calculating       :   6.41%
Calculating       :   6.46%
Calculating       :   6.46%
Calculating       :   6.49%
Calculating       :   6.52%
Calculating       :   6.56%
Calculating       :   6.56%
Calculating       :   6.59%
Calculating       :   6.64%
Calculating       :   6.67%
Calculating       :   6.67%
Calculating       :   6.70%
Calculating       :   6.74%
Calculating       :   6.76%
Calculating       :   6.77%
Calculating       :   6.82%
Calculating       :   6.85%
Calculating       :   6.85%
Calculating       :   6.88%
Calculating       :   6.92%
Calculating       :   6.95%
Calculating       :   6.95%
Calculating       :   7.00%
Calculating       :   7.03%
Calculating       :   7.06%
Calculating       :   7.06%
Calculating       :   7.10%
Calculating       :   7.13%
Calculating       :   7.18%
Calculating       :   7.18%
Calculating       :   7.21%
Calculating       :   7.24%
Calculating       :   7.29%
Calculating       :   7.29%
Calculating       :   7.32%
Calculating       :   7.36%
Calculating       :   7.39%
Calculating       :   7.39%
Calculating       :   7.42%
Calculating       :   7.47%
Calculating       :   7.50%
Calculating       :   7.50%
Calculating       :   7.54%
Calculating       :   7.57%
Calculating       :   7.60%
Calculating       :   7.60%
Calculating       :   7.65%
Calculating       :   7.68%
Calculating       :   7.72%
Calculating       :   7.72%
Calculating       :   7.75%
Calculating       :   7.78%
Calculating       :   7.83%
Calculating       :   7.83%
Calculating       :   7.86%
Calculating       :   7.90%
Calculating       :   7.93%
Calculating       :   7.93%
Calculating       :   7.97%
Calculating       :   8.01%
Calculating       :   8.01%
Calculating       :   8.04%
Calculating       :   8.09%
Calculating       :   8.12%
Calculating       :   8.12%
Calculating       :   8.15%
Calculating       :   8.19%
Calculating       :   8.22%
Calculating       :   8.22%
Calculating       :   8.27%
Calculating       :   8.30%
Calculating       :   8.33%
Calculating       :   8.33%
Calculating       :   8.37%
Calculating       :   8.40%
Calculating       :   8.45%
Calculating       :   8.45%
Calculating       :   8.48%
Calculating       :   8.51%
Calculating       :   8.55%
Calculating       :   8.55%
Calculating       :   8.58%
Calculating       :   8.63%
Calculating       :   8.66%
Calculating       :   8.66%
Calculating       :   8.69%
Calculating       :   8.73%
Calculating       :   8.73%
Calculating       :   8.77%
Calculating       :   8.81%
Calculating       :   8.84%
Calculating       :   8.84%
Calculating       :   8.87%
Calculating       :   8.92%
Calculating       :   8.95%
Calculating       :   8.95%
Calculating       :   8.99%
Calculating       :   9.02%
Calculating       :   9.05%
Calculating       :   9.05%
Calculating       :   9.10%
Calculating       :   9.13%
Calculating       :   9.17%
Calculating       :   9.17%
Calculating       :   9.20%
Calculating       :   9.23%
Calculating       :   9.28%
Calculating       :   9.28%
Calculating       :   9.31%
Calculating       :   9.35%
Calculating       :   9.38%
Calculating       :   9.38%
Calculating       :   9.41%
Calculating       :   9.46%
Calculating       :   9.49%
Calculating       :   9.49%
Calculating       :   9.53%
Calculating       :   9.57%
Calculating       :   9.60%
Calculating       :   9.60%
Calculating       :   9.64%
Calculating       :   9.67%
Calculating       :   9.72%
Calculating       :   9.72%
Calculating       :   9.75%
Calculating       :   9.78%
Calculating       :   9.82%
Calculating       :   9.82%
Calculating       :   9.85%
Calculating       :   9.90%
Calculating       :   9.93%
Calculating       :   9.93%
Calculating       :   9.96%
Calculating       :  10.00%
Calculating       :  10.03%
Calculating       :  10.03%
Calculating       :  10.08%
Calculating       :  10.11%
Calculating       :  10.14%
Calculating       :  10.14%
Calculating       :  10.18%
Calculating       :  10.21%
Calculating       :  10.26%
Calculating       :  10.26%
Calculating       :  10.29%
Calculating       :  10.32%
Calculating       :  10.35%
Calculating       :  10.37%
Calculating       :  10.40%
Calculating       :  10.44%
Calculating       :  10.44%
Calculating       :  10.47%
Calculating       :  10.50%
Calculating       :  10.55%
Calculating       :  10.55%
Calculating       :  10.58%
Calculating       :  10.62%
Calculating       :  10.65%
Calculating       :  10.65%
Calculating       :  10.68%
Calculating       :  10.73%
Calculating       :  10.76%
Calculating       :  10.76%
Calculating       :  10.80%
Calculating       :  10.83%
Calculating       :  10.86%
Calculating       :  10.86%
Calculating       :  10.91%
Calculating       :  10.94%
Calculating       :  10.98%
Calculating       :  10.98%
Calculating       :  11.01%
Calculating       :  11.04%
Calculating       :  11.09%
Calculating       :  11.09%
Calculating       :  11.12%
Calculating       :  11.17%
Calculating       :  11.20%
Calculating       :  11.20%
Calculating       :  11.23%
Calculating       :  11.27%
Calculating       :  11.30%
Calculating       :  11.30%
Calculating       :  11.35%
Calculating       :  11.38%
Calculating       :  11.38%
Calculating       :  11.41%
Calculating       :  11.45%
Calculating       :  11.48%
Calculating       :  11.48%
Calculating       :  11.53%
Calculating       :  11.56%
Calculating       :  11.59%
Calculating       :  11.59%
Calculating       :  11.63%
Calculating       :  11.66%
Calculating       :  11.71%
Calculating       :  11.71%
Calculating       :  11.74%
Calculating       :  11.77%
Calculating       :  11.81%
Calculating       :  11.81%
Calculating       :  11.84%
Calculating       :  11.89%
Calculating       :  11.92%
Calculating       :  11.92%
Calculating       :  11.95%
Calculating       :  12.00%
Calculating       :  12.03%
Calculating       :  12.03%
Calculating       :  12.07%
Calculating       :  12.10%
Calculating       :  12.13%
Calculating       :  12.13%
Calculating       :  12.18%
Calculating       :  12.21%
Calculating       :  12.25%
Calculating       :  12.25%
Calculating       :  12.28%
Calculating       :  12.31%
Calculating       :  12.36%
Calculating       :  12.36%
Calculating       :  12.39%
Calculating       :  12.43%
Calculating       :  12.46%
Calculating       :  12.46%
Calculating       :  12.49%
Calculating       :  12.54%
Calculating       :  12.57%
Calculating       :  12.57%
Calculating       :  12.61%
Calculating       :  12.64%
Calculating       :  12.67%
Calculating       :  12.67%
Calculating       :  12.72%
Calculating       :  12.75%
Calculating       :  12.80%
Calculating       :  12.80%
Calculating       :  12.83%
Calculating       :  12.86%
Calculating       :  12.86%
Calculating       :  12.90%
Calculating       :  12.93%
Calculating       :  12.98%
Calculating       :  12.98%
Calculating       :  13.01%
Calculating       :  13.04%
Calculating       :  13.08%
Calculating       :  13.08%
Calculating       :  13.11%
Calculating       :  13.16%
Calculating       :  13.19%
Calculating       :  13.19%
Calculating       :  13.22%
Calculating       :  13.26%
Calculating       :  13.29%
Calculating       :  13.29%
Calculating       :  13.34%
Calculating       :  13.37%
Calculating       :  13.40%
Calculating       :  13.40%
Calculating       :  13.44%
Calculating       :  13.47%
Calculating       :  13.52%
Calculating       :  13.52%
Calculating       :  13.55%
Calculating       :  13.58%
Calculating       :  13.63%
Calculating       :  13.63%
Calculating       :  13.66%
Calculating       :  13.70%
Calculating       :  13.73%
Calculating       :  13.73%
Calculating       :  13.76%
Calculating       :  13.81%
Calculating       :  13.84%
Calculating       :  13.84%
Calculating       :  13.88%
Calculating       :  13.91%
Calculating       :  13.94%
Calculating       :  13.94%
Calculating       :  13.99%
Calculating       :  14.02%
Calculating       :  14.06%
Calculating       :  14.06%
Calculating       :  14.09%
Calculating       :  14.12%
Calculating       :  14.17%
Calculating       :  14.17%
Calculating       :  14.20%
Calculating       :  14.24%
Calculating       :  14.27%
Calculating       :  14.27%
Calculating       :  14.30%
Calculating       :  14.35%
Calculating       :  14.38%
Calculating       :  14.38%
Calculating       :  14.43%
Calculating       :  14.46%
Calculating       :  14.49%
Calculating       :  14.49%
Calculating       :  14.53%
Calculating       :  14.56%
Calculating       :  14.61%
Calculating       :  14.61%
Calculating       :  14.64%
Calculating       :  14.67%
Calculating       :  14.70%
Calculating       :  14.71%
Calculating       :  14.74%
Calculating       :  14.79%
Calculating       :  14.79%
Calculating       :  14.82%
Calculating       :  14.85%
Calculating       :  14.89%
Calculating       :  14.89%
Calculating       :  14.92%
Calculating       :  14.97%
Calculating       :  15.00%
Calculating       :  15.00%
Calculating       :  15.03%
Calculating       :  15.07%
Calculating       :  15.10%
Calculating       :  15.10%
Calculating       :  15.15%
Calculating       :  15.18%
Calculating       :  15.21%
Calculating       :  15.21%
Calculating       :  15.26%
Calculating       :  15.29%
Calculating       :  15.33%
Calculating       :  15.33%
Calculating       :  15.36%
Calculating       :  15.39%
Calculating       :  15.44%
Calculating       :  15.44%
Calculating       :  15.47%
Calculating       :  15.51%
Calculating       :  15.51%
Calculating       :  15.54%
Calculating       :  15.57%
Calculating       :  15.62%
Calculating       :  15.62%
Calculating       :  15.65%
Calculating       :  15.69%
Calculating       :  15.69%
Calculating       :  15.72%
Calculating       :  15.75%
Calculating       :  15.80%
Calculating       :  15.80%
Calculating       :  15.83%
Calculating       :  15.87%
Calculating       :  15.90%
Calculating       :  15.90%
Calculating       :  15.94%
Calculating       :  15.98%
Calculating       :  16.01%
Calculating       :  16.01%
Calculating       :  16.06%
Calculating       :  16.09%
Calculating       :  16.12%
Calculating       :  16.12%
Calculating       :  16.16%
Calculating       :  16.19%
Calculating       :  16.24%
Calculating       :  16.24%
Calculating       :  16.27%
Calculating       :  16.30%
Calculating       :  16.34%
Calculating       :  16.34%
Calculating       :  16.37%
Calculating       :  16.42%
Calculating       :  16.45%
Calculating       :  16.45%
Calculating       :  16.48%
Calculating       :  16.52%
Calculating       :  16.55%
Calculating       :  16.55%
Calculating       :  16.60%
Calculating       :  16.63%
Calculating       :  16.66%
Calculating       :  16.66%
Calculating       :  16.70%
Calculating       :  16.74%
Calculating       :  16.78%
Calculating       :  16.78%
Calculating       :  16.81%
Calculating       :  16.84%
Calculating       :  16.89%
Calculating       :  16.89%
Calculating       :  16.92%
Calculating       :  16.96%
Calculating       :  16.99%
Calculating       :  16.99%
Calculating       :  17.02%
Calculating       :  17.07%
Calculating       :  17.10%
Calculating       :  17.10%
Calculating       :  17.14%
Calculating       :  17.17%
Calculating       :  17.17%
Calculating       :  17.20%
Calculating       :  17.25%
Calculating       :  17.28%
Calculating       :  17.28%
Calculating       :  17.32%
Calculating       :  17.35%
Calculating       :  17.38%
Calculating       :  17.38%
Calculating       :  17.43%
Calculating       :  17.46%
Calculating       :  17.50%
Calculating       :  17.50%
Calculating       :  17.54%
Calculating       :  17.57%
Calculating       :  17.61%
Calculating       :  17.61%
Calculating       :  17.64%
Calculating       :  17.69%
Calculating       :  17.72%
Calculating       :  17.72%
Calculating       :  17.75%
Calculating       :  17.79%
Calculating       :  17.79%
Calculating       :  17.82%
Calculating       :  17.87%
Calculating       :  17.90%
Calculating       :  17.90%
Calculating       :  17.93%
Calculating       :  17.97%
Calculating       :  18.00%
Calculating       :  18.00%
Calculating       :  18.05%
Calculating       :  18.08%
Calculating       :  18.11%
Calculating       :  18.11%
Calculating       :  18.15%
Calculating       :  18.18%
Calculating       :  18.18%
Calculating       :  18.23%
Calculating       :  18.26%
Calculating       :  18.29%
Calculating       :  18.29%
Calculating       :  18.34%
Calculating       :  18.37%
Calculating       :  18.41%
Calculating       :  18.41%
Calculating       :  18.44%
Calculating       :  18.47%
Calculating       :  18.52%
Calculating       :  18.52%
Calculating       :  18.55%
Calculating       :  18.59%
Calculating       :  18.62%
Calculating       :  18.62%
Calculating       :  18.65%
Calculating       :  18.70%
Calculating       :  18.73%
Calculating       :  18.73%
Calculating       :  18.77%
Calculating       :  18.80%
Calculating       :  18.83%
Calculating       :  18.83%
Calculating       :  18.88%
Calculating       :  18.91%
Calculating       :  18.95%
Calculating       :  18.95%
Calculating       :  18.98%
Calculating       :  19.01%
Calculating       :  19.06%
Calculating       :  19.06%
Calculating       :  19.09%
Calculating       :  19.14%
Calculating       :  19.17%
Calculating       :  19.17%
Calculating       :  19.20%
Calculating       :  19.24%
Calculating       :  19.27%
Calculating       :  19.27%
Calculating       :  19.32%
Calculating       :  19.35%
Calculating       :  19.38%
Calculating       :  19.38%
Calculating       :  19.42%
Calculating       :  19.45%
Calculating       :  19.50%
Calculating       :  19.50%
Calculating       :  19.53%
Calculating       :  19.56%
Calculating       :  19.60%
Calculating       :  19.60%
Calculating       :  19.63%
Calculating       :  19.68%
Calculating       :  19.71%
Calculating       :  19.71%
Calculating       :  19.74%
Calculating       :  19.78%
Calculating       :  19.78%
Calculating       :  19.81%
Calculating       :  19.86%
Calculating       :  19.89%
Calculating       :  19.89%
Calculating       :  19.92%
Calculating       :  19.97%
Calculating       :  20.00%
Calculating       :  20.00%
Calculating       :  20.04%
Calculating       :  20.07%
Calculating       :  20.10%
Calculating       :  20.10%
Calculating       :  20.15%
Calculating       :  20.18%
Calculating       :  20.22%
Calculating       :  20.22%
Calculating       :  20.25%
Calculating       :  20.28%
Calculating       :  20.33%
Calculating       :  20.33%
Calculating       :  20.36%
Calculating       :  20.40%
Calculating       :  20.43%
Calculating       :  20.43%
Calculating       :  20.46%
Calculating       :  20.51%
Calculating       :  20.54%
Calculating       :  20.54%
Calculating       :  20.58%
Calculating       :  20.61%
Calculating       :  20.61%
Calculating       :  20.64%
Calculating       :  20.69%
Calculating       :  20.72%
Calculating       :  20.72%
Calculating       :  20.77%
Calculating       :  20.80%
Calculating       :  20.83%
Calculating       :  20.83%
Calculating       :  20.87%
Calculating       :  20.90%
Calculating       :  20.95%
Calculating       :  20.95%
Calculating       :  20.98%
Calculating       :  21.01%
Calculating       :  21.01%
Calculating       :  21.05%
Calculating       :  21.08%
Calculating       :  21.13%
Calculating       :  21.13%
Calculating       :  21.16%
Calculating       :  21.19%
Calculating       :  21.23%
Calculating       :  21.23%
Calculating       :  21.26%
Calculating       :  21.31%
Calculating       :  21.34%
Calculating       :  21.34%
Calculating       :  21.37%
Calculating       :  21.41%
Calculating       :  21.44%
Calculating       :  21.44%
Calculating       :  21.49%
Calculating       :  21.52%
Calculating       :  21.55%
Calculating       :  21.55%
Calculating       :  21.60%
Calculating       :  21.63%
Calculating       :  21.67%
Calculating       :  21.67%
Calculating       :  21.70%
Calculating       :  21.73%
Calculating       :  21.73%
Calculating       :  21.78%
Calculating       :  21.81%
Calculating       :  21.85%
Calculating       :  21.85%
Calculating       :  21.88%
Calculating       :  21.91%
Calculating       :  21.96%
Calculating       :  21.96%
Calculating       :  21.99%
Calculating       :  22.03%
Calculating       :  22.06%
Calculating       :  22.06%
Calculating       :  22.09%
Calculating       :  22.14%
Calculating       :  22.14%
Calculating       :  22.17%
Calculating       :  22.21%
Calculating       :  22.24%
Calculating       :  22.24%
Calculating       :  22.27%
Calculating       :  22.32%
Calculating       :  22.35%
Calculating       :  22.35%
Calculating       :  22.40%
Calculating       :  22.43%
Calculating       :  22.46%
Calculating       :  22.46%
Calculating       :  22.50%
Calculating       :  22.53%
Calculating       :  22.58%
Calculating       :  22.58%
Calculating       :  22.61%
Calculating       :  22.64%
Calculating       :  22.64%
Calculating       :  22.68%
Calculating       :  22.71%
Calculating       :  22.76%
Calculating       :  22.76%
Calculating       :  22.79%
Calculating       :  22.82%
Calculating       :  22.86%
Calculating       :  22.86%
Calculating       :  22.89%
Calculating       :  22.94%
Calculating       :  22.97%
Calculating       :  22.97%
Calculating       :  23.00%
Calculating       :  23.04%
Calculating       :  23.04%
Calculating       :  23.07%
Calculating       :  23.12%
Calculating       :  23.15%
Calculating       :  23.15%
Calculating       :  23.18%
Calculating       :  23.23%
Calculating       :  23.26%
Calculating       :  23.26%
Calculating       :  23.30%
Calculating       :  23.33%
Calculating       :  23.36%
Calculating       :  23.36%
Calculating       :  23.41%
Calculating       :  23.44%
Calculating       :  23.48%
Calculating       :  23.48%
Calculating       :  23.51%
Calculating       :  23.54%
Calculating       :  23.59%
Calculating       :  23.59%
Calculating       :  23.62%
Calculating       :  23.66%
Calculating       :  23.69%
Calculating       :  23.69%
Calculating       :  23.72%
Calculating       :  23.77%
Calculating       :  23.77%
Calculating       :  23.80%
Calculating       :  23.84%
Calculating       :  23.87%
Calculating       :  23.87%
Calculating       :  23.91%
Calculating       :  23.95%
Calculating       :  23.98%
Calculating       :  23.98%
Calculating       :  24.03%
Calculating       :  24.06%
Calculating       :  24.09%
Calculating       :  24.09%
Calculating       :  24.13%
Calculating       :  24.16%
Calculating       :  24.21%
Calculating       :  24.21%
Calculating       :  24.24%
Calculating       :  24.27%
Calculating       :  24.27%
Calculating       :  24.31%
Calculating       :  24.34%
Calculating       :  24.39%
Calculating       :  24.39%
Calculating       :  24.42%
Calculating       :  24.45%
Calculating       :  24.49%
Calculating       :  24.49%
Calculating       :  24.52%
Calculating       :  24.57%
Calculating       :  24.60%
Calculating       :  24.60%
Calculating       :  24.63%
Calculating       :  24.67%
Calculating       :  24.71%
Calculating       :  24.71%
Calculating       :  24.75%
Calculating       :  24.78%
Calculating       :  24.81%
Calculating       :  24.81%
Calculating       :  24.86%
Calculating       :  24.89%
Calculating       :  24.93%
Calculating       :  24.93%
Calculating       :  24.96%
Calculating       :  24.99%
Calculating       :  24.99%
Calculating       :  25.04%
Calculating       :  25.07%
Calculating       :  25.11%
Calculating       :  25.11%
Calculating       :  25.14%
Calculating       :  25.17%
Calculating       :  25.22%
Calculating       :  25.22%
Calculating       :  25.25%
Calculating       :  25.29%
Calculating       :  25.32%
Calculating       :  25.32%
Calculating       :  25.35%
Calculating       :  25.40%
Calculating       :  25.40%
Calculating       :  25.43%
Calculating       :  25.47%
Calculating       :  25.51%
Calculating       :  25.51%
Calculating       :  25.54%
Calculating       :  25.58%
Calculating       :  25.61%
Calculating       :  25.61%
Calculating       :  25.66%
Calculating       :  25.69%
Calculating       :  25.72%
Calculating       :  25.72%
Calculating       :  25.76%
Calculating       :  25.79%
Calculating       :  25.84%
Calculating       :  25.84%
Calculating       :  25.87%
Calculating       :  25.90%
Calculating       :  25.94%
Calculating       :  25.94%
Calculating       :  25.97%
Calculating       :  26.02%
Calculating       :  26.05%
Calculating       :  26.05%
Calculating       :  26.08%
Calculating       :  26.12%
Calculating       :  26.12%
Calculating       :  26.15%
Calculating       :  26.20%
Calculating       :  26.23%
Calculating       :  26.23%
Calculating       :  26.26%
Calculating       :  26.31%
Calculating       :  26.34%
Calculating       :  26.34%
Calculating       :  26.38%
Calculating       :  26.41%
Calculating       :  26.44%
Calculating       :  26.44%
Calculating       :  26.49%
Calculating       :  26.52%
Calculating       :  26.56%
Calculating       :  26.56%
Calculating       :  26.59%
Calculating       :  26.62%
Calculating       :  26.62%
Calculating       :  26.67%
Calculating       :  26.70%
Calculating       :  26.74%
Calculating       :  26.74%
Calculating       :  26.77%
Calculating       :  26.80%
Calculating       :  26.85%
Calculating       :  26.85%
Calculating       :  26.88%
Calculating       :  26.92%
Calculating       :  26.95%
Calculating       :  26.95%
Calculating       :  26.98%
Calculating       :  27.03%
Calculating       :  27.06%
Calculating       :  27.06%
Calculating       :  27.11%
Calculating       :  27.14%
Calculating       :  27.17%
Calculating       :  27.17%
Calculating       :  27.21%
Calculating       :  27.24%
Calculating       :  27.29%
Calculating       :  27.29%
Calculating       :  27.32%
Calculating       :  27.35%
Calculating       :  27.35%
Calculating       :  27.39%
Calculating       :  27.42%
Calculating       :  27.47%
Calculating       :  27.47%
Calculating       :  27.50%
Calculating       :  27.53%
Calculating       :  27.53%
Calculating       :  27.57%
Calculating       :  27.60%
Calculating       :  27.65%
Calculating       :  27.65%
Calculating       :  27.68%
Calculating       :  27.71%
Calculating       :  27.71%
Calculating       :  27.75%
Calculating       :  27.78%
Calculating       :  27.83%
Calculating       :  27.83%
Calculating       :  27.86%
Calculating       :  27.89%
Calculating       :  27.91%
Calculating       :  27.94%
Calculating       :  27.97%
Calculating       :  28.01%
Calculating       :  28.01%
Calculating       :  28.04%
Calculating       :  28.07%
Calculating       :  28.12%
Calculating       :  28.12%
Calculating       :  28.15%
Calculating       :  28.19%
Calculating       :  28.22%
Calculating       :  28.22%
Calculating       :  28.25%
Calculating       :  28.30%
Calculating       :  28.33%
Calculating       :  28.33%
Calculating       :  28.37%
Calculating       :  28.40%
Calculating       :  28.43%
Calculating       :  28.43%
Calculating       :  28.48%
Calculating       :  28.51%
Calculating       :  28.55%
Calculating       :  28.55%
Calculating       :  28.58%
Calculating       :  28.61%
Calculating       :  28.66%
Calculating       :  28.66%
Calculating       :  28.69%
Calculating       :  28.74%
Calculating       :  28.74%
Calculating       :  28.77%
Calculating       :  28.80%
Calculating       :  28.84%
Calculating       :  28.84%
Calculating       :  28.87%
Calculating       :  28.92%
Calculating       :  28.95%
Calculating       :  28.95%
Calculating       :  28.98%
Calculating       :  29.02%
Calculating       :  29.05%
Calculating       :  29.05%
Calculating       :  29.10%
Calculating       :  29.13%
Calculating       :  29.16%
Calculating       :  29.16%
Calculating       :  29.20%
Calculating       :  29.23%
Calculating       :  29.25%
Calculating       :  29.28%
Calculating       :  29.31%
Calculating       :  29.34%
Calculating       :  29.34%
Calculating       :  29.38%
Calculating       :  29.41%
Calculating       :  29.46%
Calculating       :  29.46%
Calculating       :  29.49%
Calculating       :  29.52%
Calculating       :  29.57%
Calculating       :  29.57%
Calculating       :  29.60%
Calculating       :  29.64%
Calculating       :  29.67%
Calculating       :  29.67%
Calculating       :  29.70%
Calculating       :  29.75%
Calculating       :  29.78%
Calculating       :  29.78%
Calculating       :  29.82%
Calculating       :  29.85%
Calculating       :  29.85%
Calculating       :  29.88%
Calculating       :  29.93%
Calculating       :  29.96%
Calculating       :  29.96%
Calculating       :  30.00%
Calculating       :  30.03%
Calculating       :  30.06%
Calculating       :  30.06%
Calculating       :  30.11%
Calculating       :  30.14%
Calculating       :  30.18%
Calculating       :  30.18%
Calculating       :  30.21%
Calculating       :  30.24%
Calculating       :  30.24%
Calculating       :  30.29%
Calculating       :  30.32%
Calculating       :  30.37%
Calculating       :  30.37%
Calculating       :  30.40%
Calculating       :  30.43%
Calculating       :  30.47%
Calculating       :  30.47%
Calculating       :  30.50%
Calculating       :  30.55%
Calculating       :  30.58%
Calculating       :  30.58%
Calculating       :  30.61%
Calculating       :  30.65%
Calculating       :  30.68%
Calculating       :  30.68%
Calculating       :  30.73%
Calculating       :  30.76%
Calculating       :  30.79%
Calculating       :  30.79%
Calculating       :  30.83%
Calculating       :  30.86%
Calculating       :  30.91%
Calculating       :  30.91%
Calculating       :  30.94%
Calculating       :  30.97%
Calculating       :  30.98%
Calculating       :  31.01%
Calculating       :  31.04%
Calculating       :  31.09%
Calculating       :  31.12%
Calculating       :  31.12%
Calculating       :  31.15%
Calculating       :  31.20%
Calculating       :  31.20%
Calculating       :  31.23%
Calculating       :  31.27%
Calculating       :  31.30%
Calculating       :  31.30%
Calculating       :  31.33%
Calculating       :  31.38%
Calculating       :  31.41%
Calculating       :  31.41%
Calculating       :  31.45%
Calculating       :  31.48%
Calculating       :  31.51%
Calculating       :  31.51%
Calculating       :  31.56%
Calculating       :  31.59%
Calculating       :  31.60%
Calculating       :  31.63%
Calculating       :  31.66%
Calculating       :  31.69%
Calculating       :  31.69%
Calculating       :  31.74%
Calculating       :  31.77%
Calculating       :  31.81%
Calculating       :  31.81%
Calculating       :  31.84%
Calculating       :  31.88%
Calculating       :  31.92%
Calculating       :  31.92%
Calculating       :  31.95%
Calculating       :  32.00%
Calculating       :  32.03%
Calculating       :  32.03%
Calculating       :  32.06%
Calculating       :  32.10%
Calculating       :  32.10%
Calculating       :  32.13%
Calculating       :  32.18%
Calculating       :  32.18%
Calculating       :  32.21%
Calculating       :  32.24%
Calculating       :  32.28%
Calculating       :  32.28%
Calculating       :  32.31%
Calculating       :  32.36%
Calculating       :  32.39%
Calculating       :  32.39%
Calculating       :  32.42%
Calculating       :  32.46%
Calculating       :  32.49%
Calculating       :  32.49%
Calculating       :  32.54%
Calculating       :  32.57%
Calculating       :  32.57%
Calculating       :  32.60%
Calculating       :  32.65%
Calculating       :  32.68%
Calculating       :  32.68%
Calculating       :  32.72%
Calculating       :  32.75%
Calculating       :  32.78%
Calculating       :  32.78%
Calculating       :  32.83%
Calculating       :  32.86%
Calculating       :  32.90%
Calculating       :  32.90%
Calculating       :  32.93%
Calculating       :  32.96%
Calculating       :  33.01%
Calculating       :  33.01%
Calculating       :  33.04%
Calculating       :  33.08%
Calculating       :  33.11%
Calculating       :  33.11%
Calculating       :  33.14%
Calculating       :  33.19%
Calculating       :  33.22%
Calculating       :  33.22%
Calculating       :  33.26%
Calculating       :  33.29%
Calculating       :  33.29%
Calculating       :  33.32%
Calculating       :  33.37%
Calculating       :  33.40%
Calculating       :  33.40%
Calculating       :  33.45%
Calculating       :  33.48%
Calculating       :  33.51%
Calculating       :  33.51%
Calculating       :  33.55%
Calculating       :  33.58%
Calculating       :  33.61%
Calculating       :  33.63%
Calculating       :  33.66%
Calculating       :  33.69%
Calculating       :  33.69%
Calculating       :  33.73%
Calculating       :  33.76%
Calculating       :  33.81%
Calculating       :  33.81%
Calculating       :  33.84%
Calculating       :  33.87%
Calculating       :  33.91%
Calculating       :  33.91%
Calculating       :  33.94%
Calculating       :  33.99%
Calculating       :  34.02%
Calculating       :  34.02%
Calculating       :  34.05%
Calculating       :  34.09%
Calculating       :  34.12%
Calculating       :  34.12%
Calculating       :  34.17%
Calculating       :  34.20%
Calculating       :  34.23%
Calculating       :  34.23%
Calculating       :  34.28%
Calculating       :  34.31%
Calculating       :  34.35%
Calculating       :  34.35%
Calculating       :  34.38%
Calculating       :  34.41%
Calculating       :  34.43%
Calculating       :  34.46%
Calculating       :  34.49%
Calculating       :  34.53%
Calculating       :  34.53%
Calculating       :  34.56%
Calculating       :  34.59%
Calculating       :  34.64%
Calculating       :  34.64%
Calculating       :  34.67%
Calculating       :  34.71%
Calculating       :  34.74%
Calculating       :  34.74%
Calculating       :  34.77%
Calculating       :  34.82%
Calculating       :  34.85%
Calculating       :  34.85%
Calculating       :  34.89%
Calculating       :  34.92%
Calculating       :  34.95%
Calculating       :  34.95%
Calculating       :  35.00%
Calculating       :  35.03%
Calculating       :  35.08%
Calculating       :  35.08%
Calculating       :  35.11%
Calculating       :  35.14%
Calculating       :  35.18%
Calculating       :  35.18%
Calculating       :  35.21%
Calculating       :  35.26%
Calculating       :  35.27%
Calculating       :  35.29%
Calculating       :  35.32%
Calculating       :  35.36%
Calculating       :  35.36%
Calculating       :  35.39%
Calculating       :  35.44%
Calculating       :  35.47%
Calculating       :  35.47%
Calculating       :  35.50%
Calculating       :  35.54%
Calculating       :  35.57%
Calculating       :  35.57%
Calculating       :  35.62%
Calculating       :  35.65%
Calculating       :  35.68%
Calculating       :  35.68%
Calculating       :  35.72%
Calculating       :  35.75%
Calculating       :  35.80%
Calculating       :  35.80%
Calculating       :  35.83%
Calculating       :  35.86%
Calculating       :  35.91%
Calculating       :  35.91%
Calculating       :  35.94%
Calculating       :  35.98%
Calculating       :  36.01%
Calculating       :  36.01%
Calculating       :  36.04%
Calculating       :  36.09%
Calculating       :  36.12%
Calculating       :  36.12%
Calculating       :  36.16%
Calculating       :  36.19%
Calculating       :  36.22%
Calculating       :  36.22%
Calculating       :  36.27%
Calculating       :  36.30%
Calculating       :  36.30%
Calculating       :  36.34%
Calculating       :  36.37%
Calculating       :  36.40%
Calculating       :  36.40%
Calculating       :  36.45%
Calculating       :  36.48%
Calculating       :  36.52%
Calculating       :  36.52%
Calculating       :  36.55%
Calculating       :  36.58%
Calculating       :  36.63%
Calculating       :  36.63%
Calculating       :  36.66%
Calculating       :  36.71%
Calculating       :  36.74%
Calculating       :  36.74%
Calculating       :  36.77%
Calculating       :  36.81%
Calculating       :  36.84%
Calculating       :  36.84%
Calculating       :  36.89%
Calculating       :  36.92%
Calculating       :  36.92%
Calculating       :  36.95%
Calculating       :  36.99%
Calculating       :  37.02%
Calculating       :  37.02%
Calculating       :  37.07%
Calculating       :  37.10%
Calculating       :  37.13%
Calculating       :  37.13%
Calculating       :  37.17%
Calculating       :  37.20%
Calculating       :  37.25%
Calculating       :  37.25%
Calculating       :  37.28%
Calculating       :  37.31%
Calculating       :  37.35%
Calculating       :  37.35%
Calculating       :  37.38%
Calculating       :  37.43%
Calculating       :  37.46%
Calculating       :  37.46%
Calculating       :  37.49%
Calculating       :  37.54%
Calculating       :  37.57%
Calculating       :  37.57%
Calculating       :  37.61%
Calculating       :  37.64%
Calculating       :  37.67%
Calculating       :  37.67%
Calculating       :  37.72%
Calculating       :  37.75%
Calculating       :  37.79%
Calculating       :  37.79%
Calculating       :  37.82%
Calculating       :  37.85%
Calculating       :  37.90%
Calculating       :  37.90%
Calculating       :  37.93%
Calculating       :  37.97%
Calculating       :  38.00%
Calculating       :  38.00%
Calculating       :  38.03%
Calculating       :  38.08%
Calculating       :  38.11%
Calculating       :  38.11%
Calculating       :  38.15%
Calculating       :  38.18%
Calculating       :  38.18%
Calculating       :  38.21%
Calculating       :  38.26%
Calculating       :  38.29%
Calculating       :  38.29%
Calculating       :  38.34%
Calculating       :  38.37%
Calculating       :  38.37%
Calculating       :  38.40%
Calculating       :  38.44%
Calculating       :  38.47%
Calculating       :  38.47%
Calculating       :  38.52%
Calculating       :  38.55%
Calculating       :  38.58%
Calculating       :  38.58%
Calculating       :  38.62%
Calculating       :  38.65%
Calculating       :  38.70%
Calculating       :  38.70%
Calculating       :  38.73%
Calculating       :  38.76%
Calculating       :  38.80%
Calculating       :  38.80%
Calculating       :  38.83%
Calculating       :  38.88%
Calculating       :  38.91%
Calculating       :  38.91%
Calculating       :  38.94%
Calculating       :  38.98%
Calculating       :  38.98%
Calculating       :  39.02%
Calculating       :  39.06%
Calculating       :  39.09%
Calculating       :  39.09%
Calculating       :  39.12%
Calculating       :  39.17%
Calculating       :  39.20%
Calculating       :  39.20%
Calculating       :  39.24%
Calculating       :  39.27%
Calculating       :  39.29%
Calculating       :  39.30%
Calculating       :  39.35%
Calculating       :  39.38%
Calculating       :  39.38%
Calculating       :  39.42%
Calculating       :  39.45%
Calculating       :  39.48%
Calculating       :  39.48%
Calculating       :  39.53%
Calculating       :  39.56%
Calculating       :  39.60%
Calculating       :  39.60%
Calculating       :  39.63%
Calculating       :  39.66%
Calculating       :  39.71%
Calculating       :  39.71%
Calculating       :  39.74%
Calculating       :  39.78%
Calculating       :  39.82%
Calculating       :  39.82%
Calculating       :  39.85%
Calculating       :  39.89%
Calculating       :  39.89%
Calculating       :  39.92%
Calculating       :  39.97%
Calculating       :  40.00%
Calculating       :  40.00%
Calculating       :  40.03%
Calculating       :  40.07%
Calculating       :  40.10%
Calculating       :  40.10%
Calculating       :  40.15%
Calculating       :  40.18%
Calculating       :  40.21%
Calculating       :  40.21%
Calculating       :  40.25%
Calculating       :  40.28%
Calculating       :  40.33%
Calculating       :  40.33%
Calculating       :  40.36%
Calculating       :  40.39%
Calculating       :  40.39%
Calculating       :  40.43%
Calculating       :  40.46%
Calculating       :  40.51%
Calculating       :  40.51%
Calculating       :  40.54%
Calculating       :  40.57%
Calculating       :  40.62%
Calculating       :  40.62%
Calculating       :  40.65%
Calculating       :  40.69%
Calculating       :  40.69%
Calculating       :  40.72%
Calculating       :  40.75%
Calculating       :  40.80%
Calculating       :  40.80%
Calculating       :  40.83%
Calculating       :  40.87%
Calculating       :  40.90%
Calculating       :  40.90%
Calculating       :  40.93%
Calculating       :  40.98%
Calculating       :  41.01%
Calculating       :  41.01%
Calculating       :  41.05%
Calculating       :  41.08%
Calculating       :  41.11%
Calculating       :  41.11%
Calculating       :  41.16%
Calculating       :  41.19%
Calculating       :  41.23%
Calculating       :  41.23%
Calculating       :  41.26%
Calculating       :  41.29%
Calculating       :  41.29%
Calculating       :  41.34%
Calculating       :  41.37%
Calculating       :  41.42%
Calculating       :  41.42%
Calculating       :  41.45%
Calculating       :  41.48%
Calculating       :  41.52%
Calculating       :  41.52%
Calculating       :  41.55%
Calculating       :  41.60%
Calculating       :  41.63%
Calculating       :  41.63%
Calculating       :  41.66%
Calculating       :  41.70%
Calculating       :  41.73%
Calculating       :  41.73%
Calculating       :  41.78%
Calculating       :  41.81%
Calculating       :  41.84%
Calculating       :  41.84%
Calculating       :  41.88%
Calculating       :  41.91%
Calculating       :  41.94%
Calculating       :  41.96%
Calculating       :  41.99%
Calculating       :  42.02%
Calculating       :  42.06%
Calculating       :  42.06%
Calculating       :  42.09%
Calculating       :  42.14%
Calculating       :  42.17%
Calculating       :  42.17%
Calculating       :  42.20%
Calculating       :  42.25%
Calculating       :  42.28%
Calculating       :  42.28%
Calculating       :  42.32%
Calculating       :  42.35%
Calculating       :  42.38%
Calculating       :  42.38%
Calculating       :  42.43%
Calculating       :  42.46%
Calculating       :  42.50%
Calculating       :  42.50%
Calculating       :  42.53%
Calculating       :  42.56%
Calculating       :  42.61%
Calculating       :  42.61%
Calculating       :  42.64%
Calculating       :  42.68%
Calculating       :  42.71%
Calculating       :  42.71%
Calculating       :  42.74%
Calculating       :  42.79%
Calculating       :  42.79%
Calculating       :  42.82%
Calculating       :  42.86%
Calculating       :  42.89%
Calculating       :  42.89%
Calculating       :  42.92%
Calculating       :  42.97%
Calculating       :  43.00%
Calculating       :  43.00%
Calculating       :  43.05%
Calculating       :  43.08%
Calculating       :  43.11%
Calculating       :  43.11%
Calculating       :  43.15%
Calculating       :  43.18%
Calculating       :  43.23%
Calculating       :  43.23%
Calculating       :  43.26%
Calculating       :  43.29%
Calculating       :  43.33%
Calculating       :  43.33%
Calculating       :  43.36%
Calculating       :  43.41%
Calculating       :  43.41%
Calculating       :  43.44%
Calculating       :  43.47%
Calculating       :  43.51%
Calculating       :  43.51%
Calculating       :  43.54%
Calculating       :  43.59%
Calculating       :  43.62%
Calculating       :  43.62%
Calculating       :  43.65%
Calculating       :  43.69%
Calculating       :  43.72%
Calculating       :  43.72%
Calculating       :  43.77%
Calculating       :  43.80%
Calculating       :  43.82%
Calculating       :  43.83%
Calculating       :  43.88%
Calculating       :  43.91%
Calculating       :  43.91%
Calculating       :  43.95%
Calculating       :  43.98%
Calculating       :  44.01%
Calculating       :  44.01%
Calculating       :  44.06%
Calculating       :  44.09%
Calculating       :  44.13%
Calculating       :  44.13%
Calculating       :  44.16%
Calculating       :  44.19%
Calculating       :  44.24%
Calculating       :  44.24%
Calculating       :  44.27%
Calculating       :  44.31%
Calculating       :  44.34%
Calculating       :  44.34%
Calculating       :  44.37%
Calculating       :  44.42%
Calculating       :  44.45%
Calculating       :  44.45%
Calculating       :  44.49%
Calculating       :  44.52%
Calculating       :  44.52%
Calculating       :  44.55%
Calculating       :  44.60%
Calculating       :  44.63%
Calculating       :  44.63%
Calculating       :  44.68%
Calculating       :  44.71%
Calculating       :  44.74%
Calculating       :  44.74%
Calculating       :  44.78%
Calculating       :  44.81%
Calculating       :  44.86%
Calculating       :  44.86%
Calculating       :  44.89%
Calculating       :  44.92%
Calculating       :  44.96%
Calculating       :  44.96%
Calculating       :  44.99%
Calculating       :  45.04%
Calculating       :  45.04%
Calculating       :  45.07%
Calculating       :  45.10%
Calculating       :  45.14%
Calculating       :  45.14%
Calculating       :  45.17%
Calculating       :  45.22%
Calculating       :  45.25%
Calculating       :  45.25%
Calculating       :  45.28%
Calculating       :  45.32%
Calculating       :  45.35%
Calculating       :  45.35%
Calculating       :  45.40%
Calculating       :  45.43%
Calculating       :  45.45%
Calculating       :  45.46%
Calculating       :  45.51%
Calculating       :  45.54%
Calculating       :  45.54%
Calculating       :  45.58%
Calculating       :  45.61%
Calculating       :  45.64%
Calculating       :  45.64%
Calculating       :  45.69%
Calculating       :  45.72%
Calculating       :  45.76%
Calculating       :  45.76%
Calculating       :  45.79%
Calculating       :  45.82%
Calculating       :  45.87%
Calculating       :  45.87%
Calculating       :  45.90%
Calculating       :  45.94%
Calculating       :  45.97%
Calculating       :  45.97%
Calculating       :  46.00%
Calculating       :  46.05%
Calculating       :  46.08%
Calculating       :  46.08%
Calculating       :  46.12%
Calculating       :  46.15%
Calculating       :  46.15%
Calculating       :  46.19%
Calculating       :  46.23%
Calculating       :  46.26%
Calculating       :  46.26%
Calculating       :  46.31%
Calculating       :  46.34%
Calculating       :  46.37%
Calculating       :  46.37%
Calculating       :  46.41%
Calculating       :  46.44%
Calculating       :  46.49%
Calculating       :  46.49%
Calculating       :  46.52%
Calculating       :  46.55%
Calculating       :  46.59%
Calculating       :  46.59%
Calculating       :  46.62%
Calculating       :  46.67%
Calculating       :  46.70%
Calculating       :  46.70%
Calculating       :  46.73%
Calculating       :  46.77%
Calculating       :  46.77%
Calculating       :  46.80%
Calculating       :  46.85%
Calculating       :  46.88%
Calculating       :  46.88%
Calculating       :  46.91%
Calculating       :  46.95%
Calculating       :  46.99%
Calculating       :  46.99%
Calculating       :  47.03%
Calculating       :  47.06%
Calculating       :  47.06%
Calculating       :  47.09%
Calculating       :  47.14%
Calculating       :  47.17%
Calculating       :  47.17%
Calculating       :  47.21%
Calculating       :  47.24%
Calculating       :  47.24%
Calculating       :  47.27%
Calculating       :  47.32%
Calculating       :  47.35%
Calculating       :  47.35%
Calculating       :  47.39%
Calculating       :  47.42%
Calculating       :  47.45%
Calculating       :  47.45%
Calculating       :  47.50%
Calculating       :  47.53%
Calculating       :  47.57%
Calculating       :  47.57%
Calculating       :  47.60%
Calculating       :  47.63%
Calculating       :  47.63%
Calculating       :  47.68%
Calculating       :  47.71%
Calculating       :  47.75%
Calculating       :  47.75%
Calculating       :  47.79%
Calculating       :  47.82%
Calculating       :  47.86%
Calculating       :  47.86%
Calculating       :  47.89%
Calculating       :  47.94%
Calculating       :  47.97%
Calculating       :  47.97%
Calculating       :  48.00%
Calculating       :  48.04%
Calculating       :  48.07%
Calculating       :  48.07%
Calculating       :  48.12%
Calculating       :  48.15%
Calculating       :  48.15%
Calculating       :  48.18%
Calculating       :  48.22%
Calculating       :  48.25%
Calculating       :  48.25%
Calculating       :  48.30%
Calculating       :  48.33%
Calculating       :  48.36%
Calculating       :  48.36%
Calculating       :  48.40%
Calculating       :  48.43%
Calculating       :  48.48%
Calculating       :  48.48%
Calculating       :  48.51%
Calculating       :  48.54%
Calculating       :  48.59%
Calculating       :  48.59%
Calculating       :  48.62%
Calculating       :  48.66%
Calculating       :  48.69%
Calculating       :  48.69%
Calculating       :  48.72%
Calculating       :  48.77%
Calculating       :  48.80%
Calculating       :  48.80%
Calculating       :  48.84%
Calculating       :  48.87%
Calculating       :  48.90%
Calculating       :  48.90%
Calculating       :  48.95%
Calculating       :  48.98%
Calculating       :  48.98%
Calculating       :  49.02%
Calculating       :  49.05%
Calculating       :  49.08%
Calculating       :  49.10%
Calculating       :  49.13%
Calculating       :  49.16%
Calculating       :  49.20%
Calculating       :  49.20%
Calculating       :  49.23%
Calculating       :  49.26%
Calculating       :  49.31%
Calculating       :  49.31%
Calculating       :  49.34%
Calculating       :  49.39%
Calculating       :  49.42%
Calculating       :  49.42%
Calculating       :  49.45%
Calculating       :  49.49%
Calculating       :  49.52%
Calculating       :  49.52%
Calculating       :  49.57%
Calculating       :  49.60%
Calculating       :  49.60%
Calculating       :  49.63%
Calculating       :  49.67%
Calculating       :  49.70%
Calculating       :  49.70%
Calculating       :  49.75%
Calculating       :  49.78%
Calculating       :  49.81%
Calculating       :  49.81%
Calculating       :  49.85%
Calculating       :  49.88%
Calculating       :  49.93%
Calculating       :  49.93%
Calculating       :  49.96%
Calculating       :  49.99%
Calculating       :  50.03%
Calculating       :  50.03%
Calculating       :  50.06%
Calculating       :  50.11%
Calculating       :  50.14%
Calculating       :  50.14%
Calculating       :  50.17%
Calculating       :  50.22%
Calculating       :  50.22%
Calculating       :  50.25%
Calculating       :  50.29%
Calculating       :  50.32%
Calculating       :  50.32%
Calculating       :  50.35%
Calculating       :  50.40%
Calculating       :  50.43%
Calculating       :  50.43%
Calculating       :  50.47%
Calculating       :  50.50%
Calculating       :  50.53%
Calculating       :  50.53%
Calculating       :  50.58%
Calculating       :  50.61%
Calculating       :  50.65%
Calculating       :  50.65%
Calculating       :  50.68%
Calculating       :  50.71%
Calculating       :  50.71%
Calculating       :  50.76%
Calculating       :  50.79%
Calculating       :  50.83%
Calculating       :  50.83%
Calculating       :  50.86%
Calculating       :  50.89%
Calculating       :  50.94%
Calculating       :  50.94%
Calculating       :  50.97%
Calculating       :  51.02%
Calculating       :  51.05%
Calculating       :  51.05%
Calculating       :  51.08%
Calculating       :  51.12%
Calculating       :  51.12%
Calculating       :  51.15%
Calculating       :  51.20%
Calculating       :  51.23%
Calculating       :  51.23%
Calculating       :  51.26%
Calculating       :  51.30%
Calculating       :  51.33%
Calculating       :  51.33%
Calculating       :  51.38%
Calculating       :  51.41%
Calculating       :  51.41%
Calculating       :  51.44%
Calculating       :  51.48%
Calculating       :  51.51%
Calculating       :  51.51%
Calculating       :  51.56%
Calculating       :  51.59%
Calculating       :  51.59%
Calculating       :  51.62%
Calculating       :  51.66%
Calculating       :  51.69%
Calculating       :  51.69%
Calculating       :  51.74%
Calculating       :  51.77%
Calculating       :  51.77%
Calculating       :  51.80%
Calculating       :  51.85%
Calculating       :  51.88%
Calculating       :  51.88%
Calculating       :  51.92%
Calculating       :  51.95%
Calculating       :  51.98%
Calculating       :  51.98%
Calculating       :  52.03%
Calculating       :  52.06%
Calculating       :  52.10%
Calculating       :  52.10%
Calculating       :  52.13%
Calculating       :  52.16%
Calculating       :  52.21%
Calculating       :  52.21%
Calculating       :  52.24%
Calculating       :  52.28%
Calculating       :  52.28%
Calculating       :  52.31%
Calculating       :  52.34%
Calculating       :  52.39%
Calculating       :  52.39%
Calculating       :  52.42%
Calculating       :  52.46%
Calculating       :  52.49%
Calculating       :  52.49%
Calculating       :  52.52%
Calculating       :  52.57%
Calculating       :  52.60%
Calculating       :  52.60%
Calculating       :  52.65%
Calculating       :  52.68%
Calculating       :  52.68%
Calculating       :  52.71%
Calculating       :  52.75%
Calculating       :  52.78%
Calculating       :  52.78%
Calculating       :  52.83%
Calculating       :  52.86%
Calculating       :  52.89%
Calculating       :  52.89%
Calculating       :  52.93%
Calculating       :  52.96%
Calculating       :  53.01%
Calculating       :  53.01%
Calculating       :  53.04%
Calculating       :  53.07%
Calculating       :  53.11%
Calculating       :  53.11%
Calculating       :  53.14%
Calculating       :  53.19%
Calculating       :  53.22%
Calculating       :  53.22%
Calculating       :  53.25%
Calculating       :  53.29%
Calculating       :  53.29%
Calculating       :  53.32%
Calculating       :  53.37%
Calculating       :  53.40%
Calculating       :  53.40%
Calculating       :  53.43%
Calculating       :  53.48%
Calculating       :  53.51%
Calculating       :  53.51%
Calculating       :  53.55%
Calculating       :  53.58%
Calculating       :  53.61%
Calculating       :  53.61%
Calculating       :  53.66%
Calculating       :  53.69%
Calculating       :  53.73%
Calculating       :  53.73%
Calculating       :  53.76%
Calculating       :  53.79%
Calculating       :  53.79%
Calculating       :  53.84%
Calculating       :  53.87%
Calculating       :  53.91%
Calculating       :  53.91%
Calculating       :  53.94%
Calculating       :  53.97%
Calculating       :  54.02%
Calculating       :  54.02%
Calculating       :  54.05%
Calculating       :  54.09%
Calculating       :  54.12%
Calculating       :  54.12%
Calculating       :  54.16%
Calculating       :  54.20%
Calculating       :  54.23%
Calculating       :  54.23%
Calculating       :  54.28%
Calculating       :  54.31%
Calculating       :  54.34%
Calculating       :  54.34%
Calculating       :  54.38%
Calculating       :  54.41%
Calculating       :  54.41%
Calculating       :  54.46%
Calculating       :  54.49%
Calculating       :  54.52%
Calculating       :  54.52%
Calculating       :  54.56%
Calculating       :  54.59%
Calculating       :  54.64%
Calculating       :  54.64%
Calculating       :  54.67%
Calculating       :  54.70%
Calculating       :  54.74%
Calculating       :  54.74%
Calculating       :  54.77%
Calculating       :  54.82%
Calculating       :  54.85%
Calculating       :  54.85%
Calculating       :  54.88%
Calculating       :  54.92%
Calculating       :  54.96%
Calculating       :  54.96%
Calculating       :  55.00%
Calculating       :  55.03%
Calculating       :  55.06%
Calculating       :  55.06%
Calculating       :  55.11%
Calculating       :  55.14%
Calculating       :  55.14%
Calculating       :  55.18%
Calculating       :  55.21%
Calculating       :  55.24%
Calculating       :  55.24%
Calculating       :  55.29%
Calculating       :  55.32%
Calculating       :  55.36%
Calculating       :  55.36%
Calculating       :  55.39%
Calculating       :  55.42%
Calculating       :  55.47%
Calculating       :  55.47%
Calculating       :  55.50%
Calculating       :  55.54%
Calculating       :  55.57%
Calculating       :  55.57%
Calculating       :  55.60%
Calculating       :  55.65%
Calculating       :  55.68%
Calculating       :  55.68%
Calculating       :  55.72%
Calculating       :  55.76%
Calculating       :  55.79%
Calculating       :  55.79%
Calculating       :  55.83%
Calculating       :  55.86%
Calculating       :  55.91%
Calculating       :  55.91%
Calculating       :  55.94%
Calculating       :  55.97%
Calculating       :  56.01%
Calculating       :  56.01%
Calculating       :  56.04%
Calculating       :  56.09%
Calculating       :  56.12%
Calculating       :  56.12%
Calculating       :  56.15%
Calculating       :  56.19%
Calculating       :  56.19%
Calculating       :  56.22%
Calculating       :  56.27%
Calculating       :  56.30%
Calculating       :  56.30%
Calculating       :  56.33%
Calculating       :  56.37%
Calculating       :  56.40%
Calculating       :  56.40%
Calculating       :  56.45%
Calculating       :  56.48%
Calculating       :  56.51%
Calculating       :  56.51%
Calculating       :  56.56%
Calculating       :  56.59%
Calculating       :  56.63%
Calculating       :  56.63%
Calculating       :  56.66%
Calculating       :  56.69%
Calculating       :  56.74%
Calculating       :  56.74%
Calculating       :  56.77%
Calculating       :  56.81%
Calculating       :  56.81%
Calculating       :  56.84%
Calculating       :  56.87%
Calculating       :  56.92%
Calculating       :  56.92%
Calculating       :  56.95%
Calculating       :  56.99%
Calculating       :  57.02%
Calculating       :  57.02%
Calculating       :  57.05%
Calculating       :  57.10%
Calculating       :  57.10%
Calculating       :  57.13%
Calculating       :  57.17%
Calculating       :  57.20%
Calculating       :  57.20%
Calculating       :  57.23%
Calculating       :  57.28%
Calculating       :  57.31%
Calculating       :  57.31%
Calculating       :  57.36%
Calculating       :  57.39%
Calculating       :  57.42%
Calculating       :  57.42%
Calculating       :  57.46%
Calculating       :  57.49%
Calculating       :  57.54%
Calculating       :  57.54%
Calculating       :  57.57%
Calculating       :  57.60%
Calculating       :  57.61%
Calculating       :  57.64%
Calculating       :  57.67%
Calculating       :  57.72%
Calculating       :  57.72%
Calculating       :  57.75%
Calculating       :  57.78%
Calculating       :  57.82%
Calculating       :  57.82%
Calculating       :  57.85%
Calculating       :  57.90%
Calculating       :  57.93%
Calculating       :  57.93%
Calculating       :  57.96%
Calculating       :  58.00%
Calculating       :  58.03%
Calculating       :  58.03%
Calculating       :  58.08%
Calculating       :  58.11%
Calculating       :  58.14%
Calculating       :  58.14%
Calculating       :  58.19%
Calculating       :  58.22%
Calculating       :  58.26%
Calculating       :  58.26%
Calculating       :  58.29%
Calculating       :  58.32%
Calculating       :  58.37%
Calculating       :  58.37%
Calculating       :  58.40%
Calculating       :  58.44%
Calculating       :  58.47%
Calculating       :  58.47%
Calculating       :  58.50%
Calculating       :  58.55%
Calculating       :  58.55%
Calculating       :  58.58%
Calculating       :  58.62%
Calculating       :  58.65%
Calculating       :  58.65%
Calculating       :  58.68%
Calculating       :  58.73%
Calculating       :  58.76%
Calculating       :  58.76%
Calculating       :  58.80%
Calculating       :  58.83%
Calculating       :  58.86%
Calculating       :  58.86%
Calculating       :  58.91%
Calculating       :  58.94%
Calculating       :  58.99%
Calculating       :  58.99%
Calculating       :  59.02%
Calculating       :  59.05%
Calculating       :  59.05%
Calculating       :  59.09%
Calculating       :  59.12%
Calculating       :  59.17%
Calculating       :  59.17%
Calculating       :  59.20%
Calculating       :  59.23%
Calculating       :  59.27%
Calculating       :  59.27%
Calculating       :  59.30%
Calculating       :  59.35%
Calculating       :  59.38%
Calculating       :  59.38%
Calculating       :  59.41%
Calculating       :  59.45%
Calculating       :  59.48%
Calculating       :  59.48%
Calculating       :  59.53%
Calculating       :  59.56%
Calculating       :  59.59%
Calculating       :  59.59%
Calculating       :  59.63%
Calculating       :  59.66%
Calculating       :  59.66%
Calculating       :  59.71%
Calculating       :  59.74%
Calculating       :  59.77%
Calculating       :  59.77%
Calculating       :  59.82%
Calculating       :  59.85%
Calculating       :  59.89%
Calculating       :  59.89%
Calculating       :  59.92%
Calculating       :  59.95%
Calculating       :  60.00%
Calculating       :  60.00%
Calculating       :  60.03%
Calculating       :  60.07%
Calculating       :  60.10%
Calculating       :  60.10%
Calculating       :  60.13%
Calculating       :  60.18%
Calculating       :  60.21%
Calculating       :  60.21%
Calculating       :  60.25%
Calculating       :  60.28%
Calculating       :  60.31%
Calculating       :  60.31%
Calculating       :  60.36%
Calculating       :  60.39%
Calculating       :  60.43%
Calculating       :  60.43%
Calculating       :  60.46%
Calculating       :  60.49%
Calculating       :  60.54%
Calculating       :  60.54%
Calculating       :  60.57%
Calculating       :  60.62%
Calculating       :  60.65%
Calculating       :  60.65%
Calculating       :  60.68%
Calculating       :  60.72%
Calculating       :  60.72%
Calculating       :  60.75%
Calculating       :  60.80%
Calculating       :  60.83%
Calculating       :  60.83%
Calculating       :  60.86%
Calculating       :  60.90%
Calculating       :  60.93%
Calculating       :  60.93%
Calculating       :  60.98%
Calculating       :  61.01%
Calculating       :  61.04%
Calculating       :  61.04%
Calculating       :  61.08%
Calculating       :  61.11%
Calculating       :  61.16%
Calculating       :  61.16%
Calculating       :  61.19%
Calculating       :  61.22%
Calculating       :  61.26%
Calculating       :  61.26%
Calculating       :  61.29%
Calculating       :  61.34%
Calculating       :  61.34%
Calculating       :  61.37%
Calculating       :  61.40%
Calculating       :  61.45%
Calculating       :  61.45%
Calculating       :  61.48%
Calculating       :  61.52%
Calculating       :  61.55%
Calculating       :  61.55%
Calculating       :  61.58%
Calculating       :  61.63%
Calculating       :  61.66%
Calculating       :  61.66%
Calculating       :  61.70%
Calculating       :  61.73%
Calculating       :  61.73%
Calculating       :  61.76%
Calculating       :  61.81%
Calculating       :  61.84%
Calculating       :  61.84%
Calculating       :  61.88%
Calculating       :  61.91%
Calculating       :  61.94%
Calculating       :  61.94%
Calculating       :  61.99%
Calculating       :  62.02%
Calculating       :  62.06%
Calculating       :  62.06%
Calculating       :  62.09%
Calculating       :  62.13%
Calculating       :  62.17%
Calculating       :  62.17%
Calculating       :  62.20%
Calculating       :  62.25%
Calculating       :  62.28%
Calculating       :  62.28%
Calculating       :  62.31%
Calculating       :  62.35%
Calculating       :  62.35%
Calculating       :  62.38%
Calculating       :  62.43%
Calculating       :  62.46%
Calculating       :  62.46%
Calculating       :  62.49%
Calculating       :  62.53%
Calculating       :  62.53%
Calculating       :  62.56%
Calculating       :  62.61%
Calculating       :  62.64%
Calculating       :  62.64%
Calculating       :  62.67%
Calculating       :  62.71%
Calculating       :  62.74%
Calculating       :  62.74%
Calculating       :  62.79%
Calculating       :  62.82%
Calculating       :  62.85%
Calculating       :  62.85%
Calculating       :  62.89%
Calculating       :  62.93%
Calculating       :  62.97%
Calculating       :  62.97%
Calculating       :  63.00%
Calculating       :  63.03%
Calculating       :  63.08%
Calculating       :  63.08%
Calculating       :  63.11%
Calculating       :  63.15%
Calculating       :  63.18%
Calculating       :  63.18%
Calculating       :  63.21%
Calculating       :  63.26%
Calculating       :  63.29%
Calculating       :  63.29%
Calculating       :  63.33%
Calculating       :  63.36%
Calculating       :  63.36%
Calculating       :  63.39%
Calculating       :  63.44%
Calculating       :  63.47%
Calculating       :  63.47%
Calculating       :  63.51%
Calculating       :  63.54%
Calculating       :  63.57%
Calculating       :  63.57%
Calculating       :  63.62%
Calculating       :  63.65%
Calculating       :  63.69%
Calculating       :  63.69%
Calculating       :  63.73%
Calculating       :  63.76%
Calculating       :  63.80%
Calculating       :  63.80%
Calculating       :  63.83%
Calculating       :  63.88%
Calculating       :  63.91%
Calculating       :  63.91%
Calculating       :  63.94%
Calculating       :  63.98%
Calculating       :  64.01%
Calculating       :  64.01%
Calculating       :  64.06%
Calculating       :  64.09%
Calculating       :  64.12%
Calculating       :  64.12%
Calculating       :  64.16%
Calculating       :  64.19%
Calculating       :  64.24%
Calculating       :  64.24%
Calculating       :  64.27%
Calculating       :  64.30%
Calculating       :  64.34%
Calculating       :  64.34%
Calculating       :  64.37%
Calculating       :  64.42%
Calculating       :  64.42%
Calculating       :  64.45%
Calculating       :  64.48%
Calculating       :  64.53%
Calculating       :  64.53%
Calculating       :  64.56%
Calculating       :  64.60%
Calculating       :  64.63%
Calculating       :  64.63%
Calculating       :  64.66%
Calculating       :  64.71%
Calculating       :  64.74%
Calculating       :  64.74%
Calculating       :  64.78%
Calculating       :  64.81%
Calculating       :  64.81%
Calculating       :  64.84%
Calculating       :  64.89%
Calculating       :  64.92%
Calculating       :  64.92%
Calculating       :  64.96%
Calculating       :  64.99%
Calculating       :  65.02%
Calculating       :  65.02%
Calculating       :  65.07%
Calculating       :  65.10%
Calculating       :  65.14%
Calculating       :  65.14%
Calculating       :  65.17%
Calculating       :  65.20%
Calculating       :  65.20%
Calculating       :  65.25%
Calculating       :  65.28%
Calculating       :  65.33%
Calculating       :  65.33%
Calculating       :  65.36%
Calculating       :  65.39%
Calculating       :  65.43%
Calculating       :  65.43%
Calculating       :  65.46%
Calculating       :  65.51%
Calculating       :  65.54%
Calculating       :  65.54%
Calculating       :  65.57%
Calculating       :  65.61%
Calculating       :  65.63%
Calculating       :  65.64%
Calculating       :  65.69%
Calculating       :  65.72%
Calculating       :  65.72%
Calculating       :  65.75%
Calculating       :  65.79%
Calculating       :  65.82%
Calculating       :  65.82%
Calculating       :  65.87%
Calculating       :  65.90%
Calculating       :  65.93%
Calculating       :  65.93%
Calculating       :  65.97%
Calculating       :  66.00%
Calculating       :  66.05%
Calculating       :  66.05%
Calculating       :  66.08%
Calculating       :  66.11%
Calculating       :  66.14%
Calculating       :  66.16%
Calculating       :  66.19%
Calculating       :  66.23%
Calculating       :  66.23%
Calculating       :  66.26%
Calculating       :  66.29%
Calculating       :  66.34%
Calculating       :  66.34%
Calculating       :  66.37%
Calculating       :  66.41%
Calculating       :  66.44%
Calculating       :  66.44%
Calculating       :  66.47%
Calculating       :  66.52%
Calculating       :  66.53%
Calculating       :  66.55%
Calculating       :  66.59%
Calculating       :  66.62%
Calculating       :  66.62%
Calculating       :  66.65%
Calculating       :  66.70%
Calculating       :  66.73%
Calculating       :  66.73%
Calculating       :  66.77%
Calculating       :  66.80%
Calculating       :  66.83%
Calculating       :  66.83%
Calculating       :  66.88%
Calculating       :  66.91%
Calculating       :  66.96%
Calculating       :  66.96%
Calculating       :  66.99%
Calculating       :  67.02%
Calculating       :  67.06%
Calculating       :  67.06%
Calculating       :  67.09%
Calculating       :  67.14%
Calculating       :  67.17%
Calculating       :  67.17%
Calculating       :  67.20%
Calculating       :  67.24%
Calculating       :  67.27%
Calculating       :  67.27%
Calculating       :  67.32%
Calculating       :  67.35%
Calculating       :  67.35%
Calculating       :  67.38%
Calculating       :  67.42%
Calculating       :  67.45%
Calculating       :  67.45%
Calculating       :  67.50%
Calculating       :  67.53%
Calculating       :  67.56%
Calculating       :  67.56%
Calculating       :  67.60%
Calculating       :  67.63%
Calculating       :  67.68%
Calculating       :  67.68%
Calculating       :  67.71%
Calculating       :  67.74%
Calculating       :  67.79%
Calculating       :  67.79%
Calculating       :  67.82%
Calculating       :  67.86%
Calculating       :  67.89%
Calculating       :  67.89%
Calculating       :  67.92%
Calculating       :  67.97%
Calculating       :  68.00%
Calculating       :  68.00%
Calculating       :  68.04%
Calculating       :  68.07%
Calculating       :  68.10%
Calculating       :  68.10%
Calculating       :  68.15%
Calculating       :  68.18%
Calculating       :  68.18%
Calculating       :  68.22%
Calculating       :  68.25%
Calculating       :  68.28%
Calculating       :  68.28%
Calculating       :  68.33%
Calculating       :  68.36%
Calculating       :  68.40%
Calculating       :  68.40%
Calculating       :  68.43%
Calculating       :  68.46%
Calculating       :  68.51%
Calculating       :  68.51%
Calculating       :  68.54%
Calculating       :  68.59%
Calculating       :  68.62%
Calculating       :  68.62%
Calculating       :  68.65%
Calculating       :  68.69%
Calculating       :  68.72%
Calculating       :  68.72%
Calculating       :  68.77%
Calculating       :  68.80%
Calculating       :  68.83%
Calculating       :  68.83%
Calculating       :  68.87%
Calculating       :  68.90%
Calculating       :  68.95%
Calculating       :  68.95%
Calculating       :  68.98%
Calculating       :  69.01%
Calculating       :  69.01%
Calculating       :  69.05%
Calculating       :  69.08%
Calculating       :  69.13%
Calculating       :  69.13%
Calculating       :  69.16%
Calculating       :  69.19%
Calculating       :  69.23%
Calculating       :  69.23%
Calculating       :  69.26%
Calculating       :  69.31%
Calculating       :  69.34%
Calculating       :  69.34%
Calculating       :  69.37%
Calculating       :  69.42%
Calculating       :  69.45%
Calculating       :  69.45%
Calculating       :  69.49%
Calculating       :  69.52%
Calculating       :  69.54%
Calculating       :  69.55%
Calculating       :  69.60%
Calculating       :  69.63%
Calculating       :  69.63%
Calculating       :  69.67%
Calculating       :  69.70%
Calculating       :  69.73%
Calculating       :  69.73%
Calculating       :  69.78%
Calculating       :  69.81%
Calculating       :  69.85%
Calculating       :  69.85%
Calculating       :  69.88%
Calculating       :  69.91%
Calculating       :  69.96%
Calculating       :  69.96%
Calculating       :  69.99%
Calculating       :  70.03%
Calculating       :  70.03%
Calculating       :  70.06%
Calculating       :  70.10%
Calculating       :  70.14%
Calculating       :  70.14%
Calculating       :  70.17%
Calculating       :  70.22%
Calculating       :  70.25%
Calculating       :  70.25%
Calculating       :  70.28%
Calculating       :  70.32%
Calculating       :  70.35%
Calculating       :  70.35%
Calculating       :  70.40%
Calculating       :  70.43%
Calculating       :  70.46%
Calculating       :  70.46%
Calculating       :  70.50%
Calculating       :  70.53%
Calculating       :  70.58%
Calculating       :  70.58%
Calculating       :  70.61%
Calculating       :  70.64%
Calculating       :  70.68%
Calculating       :  70.68%
Calculating       :  70.71%
Calculating       :  70.76%
Calculating       :  70.79%
Calculating       :  70.79%
Calculating       :  70.82%
Calculating       :  70.87%
Calculating       :  70.87%
Calculating       :  70.90%
Calculating       :  70.94%
Calculating       :  70.97%
Calculating       :  70.97%
Calculating       :  71.00%
Calculating       :  71.05%
Calculating       :  71.08%
Calculating       :  71.08%
Calculating       :  71.12%
Calculating       :  71.15%
Calculating       :  71.18%
Calculating       :  71.18%
Calculating       :  71.23%
Calculating       :  71.26%
Calculating       :  71.30%
Calculating       :  71.30%
Calculating       :  71.33%
Calculating       :  71.36%
Calculating       :  71.41%
Calculating       :  71.41%
Calculating       :  71.44%
Calculating       :  71.48%
Calculating       :  71.48%
Calculating       :  71.51%
Calculating       :  71.54%
Calculating       :  71.59%
Calculating       :  71.59%
Calculating       :  71.62%
Calculating       :  71.67%
Calculating       :  71.70%
Calculating       :  71.70%
Calculating       :  71.73%
Calculating       :  71.77%
Calculating       :  71.80%
Calculating       :  71.80%
Calculating       :  71.85%
Calculating       :  71.88%
Calculating       :  71.91%
Calculating       :  71.91%
Calculating       :  71.95%
Calculating       :  71.98%
Calculating       :  71.98%
Calculating       :  72.03%
Calculating       :  72.06%
Calculating       :  72.09%
Calculating       :  72.09%
Calculating       :  72.13%
Calculating       :  72.16%
Calculating       :  72.21%
Calculating       :  72.21%
Calculating       :  72.24%
Calculating       :  72.27%
Calculating       :  72.31%
Calculating       :  72.31%
Calculating       :  72.34%
Calculating       :  72.39%
Calculating       :  72.42%
Calculating       :  72.42%
Calculating       :  72.45%
Calculating       :  72.50%
Calculating       :  72.50%
Calculating       :  72.53%
Calculating       :  72.57%
Calculating       :  72.60%
Calculating       :  72.60%
Calculating       :  72.63%
Calculating       :  72.68%
Calculating       :  72.71%
Calculating       :  72.71%
Calculating       :  72.75%
Calculating       :  72.78%
Calculating       :  72.81%
Calculating       :  72.81%
Calculating       :  72.86%
Calculating       :  72.89%
Calculating       :  72.89%
Calculating       :  72.93%
Calculating       :  72.96%
Calculating       :  72.99%
Calculating       :  72.99%
Calculating       :  73.04%
Calculating       :  73.07%
Calculating       :  73.11%
Calculating       :  73.11%
Calculating       :  73.14%
Calculating       :  73.17%
Calculating       :  73.22%
Calculating       :  73.22%
Calculating       :  73.25%
Calculating       :  73.30%
Calculating       :  73.33%
Calculating       :  73.33%
Calculating       :  73.36%
Calculating       :  73.40%
Calculating       :  73.43%
Calculating       :  73.43%
Calculating       :  73.48%
Calculating       :  73.51%
Calculating       :  73.54%
Calculating       :  73.54%
Calculating       :  73.58%
Calculating       :  73.61%
Calculating       :  73.61%
Calculating       :  73.66%
Calculating       :  73.69%
Calculating       :  73.72%
Calculating       :  73.72%
Calculating       :  73.76%
Calculating       :  73.79%
Calculating       :  73.84%
Calculating       :  73.84%
Calculating       :  73.87%
Calculating       :  73.90%
Calculating       :  73.94%
Calculating       :  73.94%
Calculating       :  73.97%
Calculating       :  74.02%
Calculating       :  74.02%
Calculating       :  74.05%
Calculating       :  74.08%
Calculating       :  74.13%
Calculating       :  74.14%
Calculating       :  74.16%
Calculating       :  74.20%
Calculating       :  74.23%
Calculating       :  74.23%
Calculating       :  74.26%
Calculating       :  74.31%
Calculating       :  74.34%
Calculating       :  74.34%
Calculating       :  74.38%
Calculating       :  74.41%
Calculating       :  74.44%
Calculating       :  74.44%
Calculating       :  74.49%
Calculating       :  74.52%
Calculating       :  74.56%
Calculating       :  74.56%
Calculating       :  74.59%
Calculating       :  74.62%
Calculating       :  74.67%
Calculating       :  74.67%
Calculating       :  74.70%
Calculating       :  74.74%
Calculating       :  74.74%
Calculating       :  74.77%
Calculating       :  74.80%
Calculating       :  74.85%
Calculating       :  74.85%
Calculating       :  74.88%
Calculating       :  74.93%
Calculating       :  74.96%
Calculating       :  74.96%
Calculating       :  74.99%
Calculating       :  75.03%
Calculating       :  75.06%
Calculating       :  75.06%
Calculating       :  75.11%
Calculating       :  75.14%
Calculating       :  75.17%
Calculating       :  75.17%
Calculating       :  75.21%
Calculating       :  75.24%
Calculating       :  75.29%
Calculating       :  75.29%
Calculating       :  75.32%
Calculating       :  75.35%
Calculating       :  75.35%
Calculating       :  75.39%
Calculating       :  75.42%
Calculating       :  75.42%
Calculating       :  75.47%
Calculating       :  75.50%
Calculating       :  75.53%
Calculating       :  75.53%
Calculating       :  75.57%
Calculating       :  75.60%
Calculating       :  75.65%
Calculating       :  75.65%
Calculating       :  75.68%
Calculating       :  75.71%
Calculating       :  75.71%
Calculating       :  75.76%
Calculating       :  75.79%
Calculating       :  75.83%
Calculating       :  75.86%
Calculating       :  75.86%
Calculating       :  75.89%
Calculating       :  75.94%
Calculating       :  75.94%
Calculating       :  75.97%
Calculating       :  76.01%
Calculating       :  76.04%
Calculating       :  76.04%
Calculating       :  76.07%
Calculating       :  76.12%
Calculating       :  76.15%
Calculating       :  76.15%
Calculating       :  76.19%
Calculating       :  76.22%
Calculating       :  76.25%
Calculating       :  76.25%
Calculating       :  76.30%
Calculating       :  76.33%
Calculating       :  76.37%
Calculating       :  76.37%
Calculating       :  76.40%
Calculating       :  76.43%
Calculating       :  76.43%
Calculating       :  76.48%
Calculating       :  76.51%
Calculating       :  76.56%
Calculating       :  76.56%
Calculating       :  76.59%
Calculating       :  76.62%
Calculating       :  76.66%
Calculating       :  76.66%
Calculating       :  76.69%
Calculating       :  76.74%
Calculating       :  76.77%
Calculating       :  76.77%
Calculating       :  76.80%
Calculating       :  76.84%
Calculating       :  76.87%
Calculating       :  76.87%
Calculating       :  76.92%
Calculating       :  76.95%
Calculating       :  76.98%
Calculating       :  76.98%
Calculating       :  77.02%
Calculating       :  77.05%
Calculating       :  77.10%
Calculating       :  77.10%
Calculating       :  77.13%
Calculating       :  77.16%
Calculating       :  77.17%
Calculating       :  77.20%
Calculating       :  77.24%
Calculating       :  77.28%
Calculating       :  77.28%
Calculating       :  77.31%
Calculating       :  77.34%
Calculating       :  77.39%
Calculating       :  77.39%
Calculating       :  77.42%
Calculating       :  77.46%
Calculating       :  77.49%
Calculating       :  77.49%
Calculating       :  77.52%
Calculating       :  77.57%
Calculating       :  77.60%
Calculating       :  77.60%
Calculating       :  77.64%
Calculating       :  77.67%
Calculating       :  77.70%
Calculating       :  77.70%
Calculating       :  77.75%
Calculating       :  77.78%
Calculating       :  77.78%
Calculating       :  77.82%
Calculating       :  77.85%
Calculating       :  77.88%
Calculating       :  77.88%
Calculating       :  77.93%
Calculating       :  77.96%
Calculating       :  78.00%
Calculating       :  78.00%
Calculating       :  78.04%
Calculating       :  78.07%
Calculating       :  78.11%
Calculating       :  78.11%
Calculating       :  78.14%
Calculating       :  78.19%
Calculating       :  78.22%
Calculating       :  78.22%
Calculating       :  78.25%
Calculating       :  78.29%
Calculating       :  78.32%
Calculating       :  78.32%
Calculating       :  78.37%
Calculating       :  78.40%
Calculating       :  78.40%
Calculating       :  78.43%
Calculating       :  78.47%
Calculating       :  78.50%
Calculating       :  78.50%
Calculating       :  78.55%
Calculating       :  78.58%
Calculating       :  78.61%
Calculating       :  78.61%
Calculating       :  78.65%
Calculating       :  78.68%
Calculating       :  78.73%
Calculating       :  78.73%
Calculating       :  78.76%
Calculating       :  78.79%
Calculating       :  78.79%
Calculating       :  78.84%
Calculating       :  78.87%
Calculating       :  78.91%
Calculating       :  78.91%
Calculating       :  78.94%
Calculating       :  78.97%
Calculating       :  79.02%
Calculating       :  79.02%
Calculating       :  79.05%
Calculating       :  79.09%
Calculating       :  79.12%
Calculating       :  79.12%
Calculating       :  79.15%
Calculating       :  79.20%
Calculating       :  79.23%
Calculating       :  79.23%
Calculating       :  79.27%
Calculating       :  79.30%
Calculating       :  79.33%
Calculating       :  79.33%
Calculating       :  79.38%
Calculating       :  79.41%
Calculating       :  79.45%
Calculating       :  79.45%
Calculating       :  79.48%
Calculating       :  79.51%
Calculating       :  79.56%
Calculating       :  79.56%
Calculating       :  79.59%
Calculating       :  79.64%
Calculating       :  79.67%
Calculating       :  79.67%
Calculating       :  79.70%
Calculating       :  79.74%
Calculating       :  79.74%
Calculating       :  79.77%
Calculating       :  79.82%
Calculating       :  79.85%
Calculating       :  79.85%
Calculating       :  79.88%
Calculating       :  79.92%
Calculating       :  79.95%
Calculating       :  79.95%
Calculating       :  80.00%
Calculating       :  80.03%
Calculating       :  80.06%
Calculating       :  80.06%
Calculating       :  80.10%
Calculating       :  80.13%
Calculating       :  80.18%
Calculating       :  80.18%
Calculating       :  80.21%
Calculating       :  80.24%
Calculating       :  80.28%
Calculating       :  80.28%
Calculating       :  80.31%
Calculating       :  80.36%
Calculating       :  80.39%
Calculating       :  80.39%
Calculating       :  80.42%
Calculating       :  80.47%
Calculating       :  80.50%
Calculating       :  80.50%
Calculating       :  80.54%
Calculating       :  80.57%
Calculating       :  80.60%
Calculating       :  80.60%
Calculating       :  80.65%
Calculating       :  80.68%
Calculating       :  80.68%
Calculating       :  80.72%
Calculating       :  80.75%
Calculating       :  80.78%
Calculating       :  80.78%
Calculating       :  80.83%
Calculating       :  80.86%
Calculating       :  80.90%
Calculating       :  80.90%
Calculating       :  80.93%
Calculating       :  80.96%
Calculating       :  80.98%
Calculating       :  81.01%
Calculating       :  81.04%
Calculating       :  81.08%
Calculating       :  81.08%
Calculating       :  81.11%
Calculating       :  81.14%
Calculating       :  81.19%
Calculating       :  81.19%
Calculating       :  81.22%
Calculating       :  81.27%
Calculating       :  81.30%
Calculating       :  81.30%
Calculating       :  81.33%
Calculating       :  81.37%
Calculating       :  81.40%
Calculating       :  81.40%
Calculating       :  81.45%
Calculating       :  81.48%
Calculating       :  81.51%
Calculating       :  81.51%
Calculating       :  81.55%
Calculating       :  81.58%
Calculating       :  81.63%
Calculating       :  81.63%
Calculating       :  81.66%
Calculating       :  81.69%
Calculating       :  81.69%
Calculating       :  81.73%
Calculating       :  81.76%
Calculating       :  81.81%
Calculating       :  81.81%
Calculating       :  81.84%
Calculating       :  81.87%
Calculating       :  81.91%
Calculating       :  81.91%
Calculating       :  81.94%
Calculating       :  81.99%
Calculating       :  82.02%
Calculating       :  82.02%
Calculating       :  82.05%
Calculating       :  82.10%
Calculating       :  82.13%
Calculating       :  82.13%
Calculating       :  82.17%
Calculating       :  82.20%
Calculating       :  82.20%
Calculating       :  82.23%
Calculating       :  82.28%
Calculating       :  82.31%
Calculating       :  82.31%
Calculating       :  82.35%
Calculating       :  82.38%
Calculating       :  82.41%
Calculating       :  82.41%
Calculating       :  82.46%
Calculating       :  82.49%
Calculating       :  82.53%
Calculating       :  82.53%
Calculating       :  82.56%
Calculating       :  82.59%
Calculating       :  82.64%
Calculating       :  82.64%
Calculating       :  82.67%
Calculating       :  82.71%
Calculating       :  82.74%
Calculating       :  82.74%
Calculating       :  82.77%
Calculating       :  82.82%
Calculating       :  82.85%
Calculating       :  82.85%
Calculating       :  82.90%
Calculating       :  82.93%
Calculating       :  82.93%
Calculating       :  82.96%
Calculating       :  83.00%
Calculating       :  83.03%
Calculating       :  83.03%
Calculating       :  83.08%
Calculating       :  83.11%
Calculating       :  83.14%
Calculating       :  83.14%
Calculating       :  83.18%
Calculating       :  83.21%
Calculating       :  83.26%
Calculating       :  83.26%
Calculating       :  83.29%
Calculating       :  83.32%
Calculating       :  83.36%
Calculating       :  83.36%
Calculating       :  83.39%
Calculating       :  83.44%
Calculating       :  83.47%
Calculating       :  83.47%
Calculating       :  83.50%
Calculating       :  83.54%
Calculating       :  83.57%
Calculating       :  83.57%
Calculating       :  83.62%
Calculating       :  83.65%
Calculating       :  83.65%
Calculating       :  83.68%
Calculating       :  83.73%
Calculating       :  83.76%
Calculating       :  83.76%
Calculating       :  83.80%
Calculating       :  83.83%
Calculating       :  83.86%
Calculating       :  83.86%
Calculating       :  83.91%
Calculating       :  83.94%
Calculating       :  83.98%
Calculating       :  83.98%
Calculating       :  84.01%
Calculating       :  84.04%
Calculating       :  84.06%
Calculating       :  84.09%
Calculating       :  84.12%
Calculating       :  84.16%
Calculating       :  84.16%
Calculating       :  84.19%
Calculating       :  84.22%
Calculating       :  84.27%
Calculating       :  84.27%
Calculating       :  84.30%
Calculating       :  84.34%
Calculating       :  84.37%
Calculating       :  84.37%
Calculating       :  84.41%
Calculating       :  84.45%
Calculating       :  84.48%
Calculating       :  84.48%
Calculating       :  84.53%
Calculating       :  84.56%
Calculating       :  84.59%
Calculating       :  84.59%
Calculating       :  84.63%
Calculating       :  84.66%
Calculating       :  84.66%
Calculating       :  84.71%
Calculating       :  84.74%
Calculating       :  84.77%
Calculating       :  84.77%
Calculating       :  84.81%
Calculating       :  84.84%
Calculating       :  84.89%
Calculating       :  84.89%
Calculating       :  84.92%
Calculating       :  84.95%
Calculating       :  84.95%
Calculating       :  84.99%
Calculating       :  85.02%
Calculating       :  85.07%
Calculating       :  85.07%
Calculating       :  85.10%
Calculating       :  85.13%
Calculating       :  85.17%
Calculating       :  85.17%
Calculating       :  85.21%
Calculating       :  85.25%
Calculating       :  85.28%
Calculating       :  85.28%
Calculating       :  85.31%
Calculating       :  85.36%
Calculating       :  85.36%
Calculating       :  85.39%
Calculating       :  85.43%
Calculating       :  85.46%
Calculating       :  85.46%
Calculating       :  85.49%
Calculating       :  85.54%
Calculating       :  85.57%
Calculating       :  85.57%
Calculating       :  85.61%
Calculating       :  85.64%
Calculating       :  85.64%
Calculating       :  85.67%
Calculating       :  85.72%
Calculating       :  85.75%
Calculating       :  85.75%
Calculating       :  85.79%
Calculating       :  85.82%
Calculating       :  85.85%
Calculating       :  85.85%
Calculating       :  85.90%
Calculating       :  85.93%
Calculating       :  85.93%
Calculating       :  85.97%
Calculating       :  86.01%
Calculating       :  86.04%
Calculating       :  86.04%
Calculating       :  86.08%
Calculating       :  86.11%
Calculating       :  86.16%
Calculating       :  86.16%
Calculating       :  86.19%
Calculating       :  86.22%
Calculating       :  86.26%
Calculating       :  86.26%
Calculating       :  86.29%
Calculating       :  86.34%
Calculating       :  86.37%
Calculating       :  86.37%
Calculating       :  86.40%
Calculating       :  86.44%
Calculating       :  86.44%
Calculating       :  86.47%
Calculating       :  86.52%
Calculating       :  86.55%
Calculating       :  86.55%
Calculating       :  86.58%
Calculating       :  86.62%
Calculating       :  86.65%
Calculating       :  86.65%
Calculating       :  86.70%
Calculating       :  86.73%
Calculating       :  86.76%
Calculating       :  86.76%
Calculating       :  86.81%
Calculating       :  86.84%
Calculating       :  86.88%
Calculating       :  86.88%
Calculating       :  86.91%
Calculating       :  86.94%
Calculating       :  86.94%
Calculating       :  86.99%
Calculating       :  87.02%
Calculating       :  87.06%
Calculating       :  87.06%
Calculating       :  87.09%
Calculating       :  87.12%
Calculating       :  87.17%
Calculating       :  87.17%
Calculating       :  87.20%
Calculating       :  87.24%
Calculating       :  87.27%
Calculating       :  87.27%
Calculating       :  87.30%
Calculating       :  87.35%
Calculating       :  87.35%
Calculating       :  87.38%
Calculating       :  87.42%
Calculating       :  87.45%
Calculating       :  87.45%
Calculating       :  87.48%
Calculating       :  87.53%
Calculating       :  87.56%
Calculating       :  87.56%
Calculating       :  87.61%
Calculating       :  87.64%
Calculating       :  87.67%
Calculating       :  87.67%
Calculating       :  87.71%
Calculating       :  87.74%
Calculating       :  87.79%
Calculating       :  87.79%
Calculating       :  87.82%
Calculating       :  87.85%
Calculating       :  87.89%
Calculating       :  87.89%
Calculating       :  87.92%
Calculating       :  87.97%
Calculating       :  87.97%
Calculating       :  88.00%
Calculating       :  88.03%
Calculating       :  88.07%
Calculating       :  88.07%
Calculating       :  88.10%
Calculating       :  88.15%
Calculating       :  88.18%
Calculating       :  88.18%
Calculating       :  88.21%
Calculating       :  88.25%
Calculating       :  88.28%
Calculating       :  88.28%
Calculating       :  88.33%
Calculating       :  88.36%
Calculating       :  88.39%
Calculating       :  88.39%
Calculating       :  88.44%
Calculating       :  88.47%
Calculating       :  88.47%
Calculating       :  88.51%
Calculating       :  88.54%
Calculating       :  88.57%
Calculating       :  88.57%
Calculating       :  88.62%
Calculating       :  88.65%
Calculating       :  88.69%
Calculating       :  88.69%
Calculating       :  88.72%
Calculating       :  88.75%
Calculating       :  88.80%
Calculating       :  88.80%
Calculating       :  88.83%
Calculating       :  88.87%
Calculating       :  88.90%
Calculating       :  88.90%
Calculating       :  88.93%
Calculating       :  88.98%
Calculating       :  88.98%
Calculating       :  89.01%
Calculating       :  89.05%
Calculating       :  89.08%
Calculating       :  89.08%
Calculating       :  89.11%
Calculating       :  89.16%
Calculating       :  89.19%
Calculating       :  89.19%
Calculating       :  89.24%
Calculating       :  89.27%
Calculating       :  89.30%
Calculating       :  89.30%
Calculating       :  89.34%
Calculating       :  89.37%
Calculating       :  89.42%
Calculating       :  89.42%
Calculating       :  89.45%
Calculating       :  89.48%
Calculating       :  89.48%
Calculating       :  89.52%
Calculating       :  89.55%
Calculating       :  89.60%
Calculating       :  89.60%
Calculating       :  89.63%
Calculating       :  89.66%
Calculating       :  89.70%
Calculating       :  89.70%
Calculating       :  89.73%
Calculating       :  89.78%
Calculating       :  89.81%
Calculating       :  89.81%
Calculating       :  89.84%
Calculating       :  89.88%
Calculating       :  89.88%
Calculating       :  89.91%
Calculating       :  89.96%
Calculating       :  89.99%
Calculating       :  89.99%
Calculating       :  90.02%
Calculating       :  90.07%
Calculating       :  90.10%
Calculating       :  90.10%
Calculating       :  90.14%
Calculating       :  90.17%
Calculating       :  90.20%
Calculating       :  90.20%
Calculating       :  90.25%
Calculating       :  90.28%
Calculating       :  90.28%
Calculating       :  90.32%
Calculating       :  90.35%
Calculating       :  90.38%
Calculating       :  90.38%
Calculating       :  90.43%
Calculating       :  90.46%
Calculating       :  90.50%
Calculating       :  90.50%
Calculating       :  90.53%
Calculating       :  90.56%
Calculating       :  90.61%
Calculating       :  90.61%
Calculating       :  90.64%
Calculating       :  90.68%
Calculating       :  90.71%
Calculating       :  90.71%
Calculating       :  90.74%
Calculating       :  90.79%
Calculating       :  90.79%
Calculating       :  90.82%
Calculating       :  90.87%
Calculating       :  90.90%
Calculating       :  90.90%
Calculating       :  90.93%
Calculating       :  90.97%
Calculating       :  91.00%
Calculating       :  91.00%
Calculating       :  91.05%
Calculating       :  91.08%
Calculating       :  91.11%
Calculating       :  91.11%
Calculating       :  91.15%
Calculating       :  91.18%
Calculating       :  91.23%
Calculating       :  91.23%
Calculating       :  91.26%
Calculating       :  91.29%
Calculating       :  91.33%
Calculating       :  91.33%
Calculating       :  91.36%
Calculating       :  91.41%
Calculating       :  91.41%
Calculating       :  91.44%
Calculating       :  91.47%
Calculating       :  91.51%
Calculating       :  91.51%
Calculating       :  91.54%
Calculating       :  91.59%
Calculating       :  91.62%
Calculating       :  91.62%
Calculating       :  91.65%
Calculating       :  91.70%
Calculating       :  91.73%
Calculating       :  91.73%
Calculating       :  91.77%
Calculating       :  91.80%
Calculating       :  91.83%
Calculating       :  91.83%
Calculating       :  91.88%
Calculating       :  91.91%
Calculating       :  91.95%
Calculating       :  91.95%
Calculating       :  91.98%
Calculating       :  92.01%
Calculating       :  92.01%
Calculating       :  92.06%
Calculating       :  92.09%
Calculating       :  92.13%
Calculating       :  92.13%
Calculating       :  92.16%
Calculating       :  92.19%
Calculating       :  92.24%
Calculating       :  92.24%
Calculating       :  92.27%
Calculating       :  92.31%
Calculating       :  92.34%
Calculating       :  92.34%
Calculating       :  92.38%
Calculating       :  92.42%
Calculating       :  92.45%
Calculating       :  92.45%
Calculating       :  92.50%
Calculating       :  92.53%
Calculating       :  92.56%
Calculating       :  92.56%
Calculating       :  92.60%
Calculating       :  92.63%
Calculating       :  92.68%
Calculating       :  92.68%
Calculating       :  92.71%
Calculating       :  92.74%
Calculating       :  92.74%
Calculating       :  92.78%
Calculating       :  92.81%
Calculating       :  92.86%
Calculating       :  92.86%
Calculating       :  92.89%
Calculating       :  92.92%
Calculating       :  92.96%
Calculating       :  92.96%
Calculating       :  92.99%
Calculating       :  93.04%
Calculating       :  93.07%
Calculating       :  93.07%
Calculating       :  93.10%
Calculating       :  93.14%
Calculating       :  93.18%
Calculating       :  93.18%
Calculating       :  93.22%
Calculating       :  93.25%
Calculating       :  93.28%
Calculating       :  93.28%
Calculating       :  93.33%
Calculating       :  93.36%
Calculating       :  93.40%
Calculating       :  93.40%
Calculating       :  93.43%
Calculating       :  93.46%
Calculating       :  93.51%
Calculating       :  93.51%
Calculating       :  93.54%
Calculating       :  93.58%
Calculating       :  93.61%
Calculating       :  93.61%
Calculating       :  93.64%
Calculating       :  93.69%
Calculating       :  93.69%
Calculating       :  93.72%
Calculating       :  93.76%
Calculating       :  93.79%
Calculating       :  93.79%
Calculating       :  93.82%
Calculating       :  93.87%
Calculating       :  93.90%
Calculating       :  93.90%
Calculating       :  93.94%
Calculating       :  93.98%
Calculating       :  94.01%
Calculating       :  94.01%
Calculating       :  94.05%
Calculating       :  94.08%
Calculating       :  94.10%
Calculating       :  94.13%
Calculating       :  94.16%
Calculating       :  94.19%
Calculating       :  94.19%
Calculating       :  94.23%
Calculating       :  94.26%
Calculating       :  94.31%
Calculating       :  94.31%
Calculating       :  94.34%
Calculating       :  94.37%
Calculating       :  94.41%
Calculating       :  94.41%
Calculating       :  94.44%
Calculating       :  94.49%
Calculating       :  94.52%
Calculating       :  94.52%
Calculating       :  94.55%
Calculating       :  94.59%
Calculating       :  94.62%
Calculating       :  94.62%
Calculating       :  94.67%
Calculating       :  94.70%
Calculating       :  94.73%
Calculating       :  94.73%
Calculating       :  94.78%
Calculating       :  94.81%
Calculating       :  94.85%
Calculating       :  94.85%
Calculating       :  94.88%
Calculating       :  94.91%
Calculating       :  94.96%
Calculating       :  94.96%
Calculating       :  94.99%
Calculating       :  95.03%
Calculating       :  95.06%
Calculating       :  95.06%
Calculating       :  95.09%
Calculating       :  95.14%
Calculating       :  95.14%
Calculating       :  95.17%
Calculating       :  95.21%
Calculating       :  95.24%
Calculating       :  95.24%
Calculating       :  95.27%
Calculating       :  95.32%
Calculating       :  95.35%
Calculating       :  95.35%
Calculating       :  95.39%
Calculating       :  95.42%
Calculating       :  95.45%
Calculating       :  95.45%
Calculating       :  95.50%
Calculating       :  95.53%
Calculating       :  95.58%
Calculating       :  95.58%
Calculating       :  95.61%
Calculating       :  95.64%
Calculating       :  95.64%
Calculating       :  95.68%
Calculating       :  95.71%
Calculating       :  95.76%
Calculating       :  95.76%
Calculating       :  95.79%
Calculating       :  95.82%
Calculating       :  95.86%
Calculating       :  95.86%
Calculating       :  95.89%
Calculating       :  95.94%
Calculating       :  95.97%
Calculating       :  95.97%
Calculating       :  96.00%
Calculating       :  96.04%
Calculating       :  96.07%
Calculating       :  96.07%
Calculating       :  96.12%
Calculating       :  96.15%
Calculating       :  96.15%
Calculating       :  96.18%
Calculating       :  96.22%
Calculating       :  96.25%
Calculating       :  96.25%
Calculating       :  96.30%
Calculating       :  96.33%
Calculating       :  96.36%
Calculating       :  96.36%
Calculating       :  96.41%
Calculating       :  96.44%
Calculating       :  96.48%
Calculating       :  96.48%
Calculating       :  96.51%
Calculating       :  96.54%
Calculating       :  96.54%
Calculating       :  96.59%
Calculating       :  96.62%
Calculating       :  96.66%
Calculating       :  96.66%
Calculating       :  96.69%
Calculating       :  96.72%
Calculating       :  96.77%
Calculating       :  96.77%
Calculating       :  96.80%
Calculating       :  96.84%
Calculating       :  96.87%
Calculating       :  96.87%
Calculating       :  96.90%
Calculating       :  96.95%
Calculating       :  96.96%
Calculating       :  96.98%
Calculating       :  97.02%
Calculating       :  97.05%
Calculating       :  97.05%
Calculating       :  97.08%
Calculating       :  97.13%
Calculating       :  97.16%
Calculating       :  97.16%
Calculating       :  97.21%
Calculating       :  97.24%
Calculating       :  97.27%
Calculating       :  97.27%
Calculating       :  97.31%
Calculating       :  97.34%
Calculating       :  97.34%
Calculating       :  97.39%
Calculating       :  97.42%
Calculating       :  97.45%
Calculating       :  97.45%
Calculating       :  97.49%
Calculating       :  97.52%
Calculating       :  97.57%
Calculating       :  97.57%
Calculating       :  97.60%
Calculating       :  97.63%
Calculating       :  97.67%
Calculating       :  97.67%
Calculating       :  97.70%
Calculating       :  97.75%
Calculating       :  97.78%
Calculating       :  97.78%
Calculating       :  97.81%
Calculating       :  97.85%
Calculating       :  97.88%
Calculating       :  97.88%
Calculating       :  97.93%
Calculating       :  97.96%
Calculating       :  97.99%
Calculating       :  97.99%
Calculating       :  98.04%
Calculating       :  98.07%
Calculating       :  98.07%
Calculating       :  98.11%
Calculating       :  98.14%
Calculating       :  98.17%
Calculating       :  98.17%
Calculating       :  98.22%
Calculating       :  98.25%
Calculating       :  98.29%
Calculating       :  98.29%
Calculating       :  98.32%
Calculating       :  98.35%
Calculating       :  98.40%
Calculating       :  98.40%
Calculating       :  98.43%
Calculating       :  98.47%
Calculating       :  98.50%
Calculating       :  98.50%
Calculating       :  98.53%
Calculating       :  98.58%
Calculating       :  98.61%
Calculating       :  98.61%
Calculating       :  98.65%
Calculating       :  98.68%
Calculating       :  98.68%
Calculating       :  98.71%
Calculating       :  98.76%
Calculating       :  98.79%
Calculating       :  98.79%
Calculating       :  98.84%
Calculating       :  98.87%
Calculating       :  98.90%
Calculating       :  98.90%
Calculating       :  98.92%
Calculating       :  98.92%
Calculating       :  98.92%
Calculating       :  98.92%
Writing           :  98.92%
Writing           :  98.92%
Writing           :  99.04%
Writing           :  99.18%
Writing           :  99.33%
Writing           :  99.47%
Writing           :  99.57%
Writing           :  99.69%
Writing           :  99.83%
Writing           :  99.99%
Finished          : 100.00%
Processing time   : 761.639 s
