Scanning input file(s)...
Input data        : 90 GiB (32768 slices from 1 file)
Recovery data     : 13.5 GiB (4916 * 2880 KiB slices)
Input pass(es)    : 2, processing 4916 * 1440 KiB chunks per pass
Read buffer size  : 4096 KiB * max 8 buffers
Hash method       : Scalar+PCLMUL (input), AVX2 (recovery)

Intel(R) Core(TM) i5-10600KF CPU @ 4.10GHz
  Multiply method : Shuffle (AVX2) with 8256 B loop tiling, 12 threads
  Input batching  : 12 chunks, 2 batches
  Memory Usage    : 6947.18 MiB (4916 * 1440.06 KiB chunks + 33.75 MiB transfer buffer)

Calculating       :   0.05%
Calculating       :   0.05%
Calculating       :   0.05%
Calculating       :   0.05%
Calculating       :   0.05%
Calculating       :   0.05%
Calculating       :   0.05%
Calculating       :   0.06%
Calculating       :   0.06%
Calculating       :   0.08%
Calculating       :   0.08%
Calculating       :   0.08%
Calculating       :   0.10%
Calculating       :   0.10%
Calculating       :   0.10%
Calculating       :   0.12%
Calculating       :   0.12%
Calculating       :   0.14%
Calculating       :   0.14%
Calculating       :   0.14%
Calculating       :   0.16%
Calculating       :   0.16%
Calculating       :   0.16%
Calculating       :   0.18%
Calculating       :   0.18%
Calculating       :   0.19%
Calculating       :   0.20%
Calculating       :   0.20%
Calculating       :   0.22%
Calculating       :   0.22%
Calculating       :   0.22%
Calculating       :   0.24%
Calculating       :   0.24%
Calculating       :   0.26%
Calculating       :   0.26%
Calculating       :   0.26%
Calculating       :   0.28%
Calculating       :   0.28%
Calculating       :   0.29%
Calculating       :   0.29%
Calculating       :   0.29%
Calculating       :   0.31%
Calculating       :   0.31%
Calculating       :   0.33%
Calculating       :   0.33%
Calculating       :   0.33%
Calculating       :   0.35%
Calculating       :   0.35%
Calculating       :   0.37%
Calculating       :   0.37%
Calculating       :   0.37%
Calculating       :   0.39%
Calculating       :   0.39%
Calculating       :   0.41%
Calculating       :   0.41%
Calculating       :   0.41%
Calculating       :   0.43%
Calculating       :   0.43%
Calculating       :   0.45%
Calculating       :   0.45%
Calculating       :   0.45%
Calculating       :   0.47%
Calculating       :   0.47%
Calculating       :   0.49%
Calculating       :   0.49%
Calculating       :   0.49%
Calculating       :   0.51%
Calculating       :   0.51%
Calculating       :   0.53%
Calculating       :   0.53%
Calculating       :   0.53%
Calculating       :   0.55%
Calculating       :   0.55%
Calculating       :   0.56%
Calculating       :   0.57%
Calculating       :   0.57%
Calculating       :   0.59%
Calculating       :   0.59%
Calculating       :   0.60%
Calculating       :   0.61%
Calculating       :   0.61%
Calculating       :   0.62%
Calculating       :   0.62%
Calculating       :   0.64%
Calculating       :   0.64%
Calculating       :   0.64%
Calculating       :   0.66%
Calculating       :   0.66%
Calculating       :   0.68%
Calculating       :   0.68%
Calculating       :   0.68%
Calculating       :   0.70%
Calculating       :   0.70%
Calculating       :   0.72%
Calculating       :   0.72%
Calculating       :   0.72%
Calculating       :   0.74%
Calculating       :   0.74%
Calculating       :   0.75%
Calculating       :   0.76%
Calculating       :   0.76%
Calculating       :   0.78%
Calculating       :   0.78%
Calculating       :   0.79%
Calculating       :   0.80%
Calculating       :   0.80%
Calculating       :   0.82%
Calculating       :   0.82%
Calculating       :   0.83%
Calculating       :   0.84%
Calculating       :   0.84%
Calculating       :   0.86%
Calculating       :   0.86%
Calculating       :   0.87%
Calculating       :   0.88%
Calculating       :   0.88%
Calculating       :   0.90%
Calculating       :   0.90%
Calculating       :   0.91%
Calculating       :   0.92%
Calculating       :   0.92%
Calculating       :   0.94%
Calculating       :   0.94%
Calculating       :   0.94%
Calculating       :   0.95%
Calculating       :   0.95%
Calculating       :   0.97%
Calculating       :   0.97%
Calculating       :   0.97%
Calculating       :   0.99%
Calculating       :   0.99%
Calculating       :   1.01%
Calculating       :   1.01%
Calculating       :   1.01%
Calculating       :   1.03%
Calculating       :   1.03%
Calculating       :   1.05%
Calculating       :   1.05%
Calculating       :   1.05%
Calculating       :   1.07%
Calculating       :   1.07%
Calculating       :   1.09%
Calculating       :   1.09%
Calculating       :   1.09%
Calculating       :   1.11%
Calculating       :   1.11%
Calculating       :   1.13%
Calculating       :   1.13%
Calculating       :   1.13%
Calculating       :   1.15%
Calculating       :   1.15%
Calculating       :   1.17%
Calculating       :   1.17%
Calculating       :   1.17%
Calculating       :   1.19%
Calculating       :   1.19%
Calculating       :   1.21%
Calculating       :   1.21%
Calculating       :   1.21%
Calculating       :   1.23%
Calculating       :   1.23%
Calculating       :   1.24%
Calculating       :   1.25%
Calculating       :   1.25%
Calculating       :   1.27%
Calculating       :   1.27%
Calculating       :   1.27%
Calculating       :   1.29%
Calculating       :   1.29%
Calculating       :   1.30%
Calculating       :   1.30%
Calculating       :   1.30%
Calculating       :   1.32%
Calculating       :   1.32%
Calculating       :   1.32%
Calculating       :   1.34%
Calculating       :   1.34%
Calculating       :   1.36%
Calculating       :   1.36%
Calculating       :   1.36%
Calculating       :   1.38%
Calculating       :   1.38%
Calculating       :   1.40%
Calculating       :   1.40%
Calculating       :   1.40%
Calculating       :   1.42%
Calculating       :   1.42%
Calculating       :   1.44%
Calculating       :   1.44%
Calculating       :   1.44%
Calculating       :   1.46%
Calculating       :   1.46%
Calculating       :   1.48%
Calculating       :   1.48%
Calculating       :   1.48%
Calculating       :   1.50%
Calculating       :   1.50%
Calculating       :   1.52%
Calculating       :   1.52%
Calculating       :   1.52%
Calculating       :   1.54%
Calculating       :   1.54%
Calculating       :   1.56%
Calculating       :   1.56%
Calculating       :   1.56%
Calculating       :   1.58%
Calculating       :   1.58%
Calculating       :   1.60%
Calculating       :   1.60%
Calculating       :   1.60%
Calculating       :   1.62%
Calculating       :   1.62%
Calculating       :   1.63%
Calculating       :   1.63%
Calculating       :   1.63%
Calculating       :   1.65%
Calculating       :   1.65%
Calculating       :   1.67%
Calculating       :   1.67%
Calculating       :   1.67%
Calculating       :   1.69%
Calculating       :   1.69%
Calculating       :   1.71%
Calculating       :   1.71%
Calculating       :   1.71%
Calculating       :   1.73%
Calculating       :   1.73%
Calculating       :   1.75%
Calculating       :   1.75%
Calculating       :   1.75%
Calculating       :   1.77%
Calculating       :   1.77%
Calculating       :   1.79%
Calculating       :   1.79%
Calculating       :   1.79%
Calculating       :   1.81%
Calculating       :   1.81%
Calculating       :   1.83%
Calculating       :   1.83%
Calculating       :   1.83%
Calculating       :   1.85%
Calculating       :   1.85%
Calculating       :   1.87%
Calculating       :   1.87%
Calculating       :   1.87%
Calculating       :   1.89%
Calculating       :   1.89%
Calculating       :   1.90%
Calculating       :   1.91%
Calculating       :   1.91%
Calculating       :   1.93%
Calculating       :   1.93%
Calculating       :   1.94%
Calculating       :   1.95%
Calculating       :   1.95%
Calculating       :   1.97%
Calculating       :   1.97%
Calculating       :   1.98%
Calculating       :   1.98%
Calculating       :   1.98%
Calculating       :   2.00%
Calculating       :   2.00%
Calculating       :   2.02%
Calculating       :   2.02%
Calculating       :   2.02%
Calculating       :   2.04%
Calculating       :   2.04%
Calculating       :   2.05%
Calculating       :   2.06%
Calculating       :   2.06%
Calculating       :   2.08%
Calculating       :   2.08%
Calculating       :   2.08%
Calculating       :   2.10%
Calculating       :   2.10%
Calculating       :   2.12%
Calculating       :   2.12%
Calculating       :   2.12%
Calculating       :   2.14%
Calculating       :   2.14%
Calculating       :   2.16%
Calculating       :   2.16%
Calculating       :   2.16%
Calculating       :   2.18%
Calculating       :   2.18%
Calculating       :   2.20%
Calculating       :   2.20%
Calculating       :   2.20%
Calculating       :   2.22%
Calculating       :   2.22%
Calculating       :   2.24%
Calculating       :   2.24%
Calculating       :   2.24%
Calculating       :   2.26%
Calculating       :   2.26%
Calculating       :   2.28%
Calculating       :   2.28%
Calculating       :   2.28%
Calculating       :   2.30%
Calculating       :   2.30%
Calculating       :   2.31%
Calculating       :   2.31%
Calculating       :   2.31%
Calculating       :   2.33%
Calculating       :   2.33%
Calculating       :   2.35%
Calculating       :   2.35%
Calculating       :   2.35%
Calculating       :   2.37%
Calculating       :   2.37%
Calculating       :   2.39%
Calculating       :   2.39%
Calculating       :   2.39%
Calculating       :   2.41%
Calculating       :   2.41%
Calculating       :   2.43%
Calculating       :   2.43%
Calculating       :   2.43%
Calculating       :   2.45%
Calculating       :   2.45%
Calculating       :   2.47%
Calculating       :   2.47%
Calculating       :   2.47%
Calculating       :   2.49%
Calculating       :   2.49%
Calculating       :   2.50%
Calculating       :   2.51%
Calculating       :   2.51%
Calculating       :   2.53%
Calculating       :   2.53%
Calculating       :   2.53%
Calculating       :   2.55%
Calculating       :   2.55%
Calculating       :   2.57%
Calculating       :   2.57%
Calculating       :   2.57%
Calculating       :   2.59%
Calculating       :   2.59%
Calculating       :   2.60%
Calculating       :   2.61%
Calculating       :   2.61%
Calculating       :   2.63%
Calculating       :   2.63%
Calculating       :   2.63%
Calculating       :   2.64%
Calculating       :   2.64%
Calculating       :   2.66%
Calculating       :   2.66%
Calculating       :   2.66%
Calculating       :   2.68%
Calculating       :   2.68%
Calculating       :   2.70%
Calculating       :   2.70%
Calculating       :   2.70%
Calculating       :   2.72%
Calculating       :   2.72%
Calculating       :   2.74%
Calculating       :   2.74%
Calculating       :   2.74%
Calculating       :   2.76%
Calculating       :   2.76%
Calculating       :   2.78%
Calculating       :   2.78%
Calculating       :   2.78%
Calculating       :   2.80%
Calculating       :   2.80%
Calculating       :   2.81%
Calculating       :   2.82%
Calculating       :   2.82%
Calculating       :   2.84%
Calculating       :   2.84%
Calculating       :   2.85%
Calculating       :   2.86%
Calculating       :   2.86%
Calculating       :   2.88%
Calculating       :   2.88%
Calculating       :   2.89%
Calculating       :   2.90%
Calculating       :   2.90%
Calculating       :   2.92%
Calculating       :   2.92%
Calculating       :   2.93%
Calculating       :   2.94%
Calculating       :   2.94%
Calculating       :   2.96%
Calculating       :   2.96%
Calculating       :   2.97%
Calculating       :   2.98%
Calculating       :   2.98%
Calculating       :   2.99%
Calculating       :   2.99%
Calculating       :   3.01%
Calculating       :   3.01%
Calculating       :   3.01%
Calculating       :   3.03%
Calculating       :   3.03%
Calculating       :   3.04%
Calculating       :   3.05%
Calculating       :   3.05%
Calculating       :   3.07%
Calculating       :   3.07%
Calculating       :   3.07%
Calculating       :   3.09%
Calculating       :   3.09%
Calculating       :   3.11%
Calculating       :   3.11%
Calculating       :   3.11%
Calculating       :   3.13%
Calculating       :   3.13%
Calculating       :   3.15%
Calculating       :   3.15%
Calculating       :   3.15%
Calculating       :   3.17%
Calculating       :   3.17%
Calculating       :   3.19%
Calculating       :   3.19%
Calculating       :   3.19%
Calculating       :   3.21%
Calculating       :   3.21%
Calculating       :   3.23%
Calculating       :   3.23%
Calculating       :   3.23%
Calculating       :   3.25%
Calculating       :   3.25%
Calculating       :   3.27%
Calculating       :   3.27%
Calculating       :   3.27%
Calculating       :   3.29%
Calculating       :   3.29%
Calculating       :   3.30%
Calculating       :   3.31%
Calculating       :   3.31%
Calculating       :   3.32%
Calculating       :   3.32%
Calculating       :   3.34%
Calculating       :   3.34%
Calculating       :   3.34%
Calculating       :   3.36%
Calculating       :   3.36%
Calculating       :   3.38%
Calculating       :   3.38%
Calculating       :   3.38%
Calculating       :   3.40%
Calculating       :   3.40%
Calculating       :   3.42%
Calculating       :   3.42%
Calculating       :   3.42%
Calculating       :   3.44%
Calculating       :   3.44%
Calculating       :   3.44%
Calculating       :   3.46%
Calculating       :   3.46%
Calculating       :   3.48%
Calculating       :   3.48%
Calculating       :   3.48%
Calculating       :   3.50%
Calculating       :   3.50%
Calculating       :   3.52%
Calculating       :   3.52%
Calculating       :   3.52%
Calculating       :   3.54%
Calculating       :   3.54%
Calculating       :   3.56%
Calculating       :   3.56%
Calculating       :   3.56%
Calculating       :   3.58%
Calculating       :   3.58%
Calculating       :   3.60%
Calculating       :   3.60%
Calculating       :   3.60%
Calculating       :   3.62%
Calculating       :   3.62%
Calculating       :   3.64%
Calculating       :   3.64%
Calculating       :   3.64%
Calculating       :   3.66%
Calculating       :   3.66%
Calculating       :   3.67%
Calculating       :   3.67%
Calculating       :   3.67%
Calculating       :   3.69%
Calculating       :   3.69%
Calculating       :   3.71%
Calculating       :   3.71%
Calculating       :   3.71%
Calculating       :   3.73%
Calculating       :   3.73%
Calculating       :   3.75%
Calculating       :   3.75%
Calculating       :   3.75%
Calculating       :   3.77%
Calculating       :   3.77%
Calculating       :   3.79%
Calculating       :   3.79%
Calculating       :   3.79%
Calculating       :   3.81%
Calculating       :   3.81%
Calculating       :   3.83%
Calculating       :   3.83%
Calculating       :   3.83%
Calculating       :   3.85%
Calculating       :   3.85%
Calculating       :   3.87%
Calculating       :   3.87%
Calculating       :   3.87%
Calculating       :   3.89%
Calculating       :   3.89%
Calculating       :   3.91%
Calculating       :   3.91%
Calculating       :   3.91%
Calculating       :   3.93%
Calculating       :   3.93%
Calculating       :   3.94%
Calculating       :   3.95%
Calculating       :   3.95%
Calculating       :   3.97%
Calculating       :   3.97%
Calculating       :   3.97%
Calculating       :   3.99%
Calculating       :   3.99%
Calculating       :   4.00%
Calculating       :   4.00%
Calculating       :   4.00%
Calculating       :   4.02%
Calculating       :   4.02%
Calculating       :   4.04%
Calculating       :   4.04%
Calculating       :   4.04%
Calculating       :   4.06%
Calculating       :   4.06%
Calculating       :   4.06%
Calculating       :   4.08%
Calculating       :   4.08%
Calculating       :   4.10%
Calculating       :   4.10%
Calculating       :   4.10%
Calculating       :   4.12%
Calculating       :   4.12%
Calculating       :   4.14%
Calculating       :   4.14%
Calculating       :   4.14%
Calculating       :   4.16%
Calculating       :   4.17%
Calculating       :   4.18%
Calculating       :   4.18%
Calculating       :   4.18%
Calculating       :   4.20%
Calculating       :   4.20%
Calculating       :   4.21%
Calculating       :   4.22%
Calculating       :   4.22%
Calculating       :   4.24%
Calculating       :   4.24%
Calculating       :   4.25%
Calculating       :   4.26%
Calculating       :   4.26%
Calculating       :   4.28%
Calculating       :   4.28%
Calculating       :   4.28%
Calculating       :   4.30%
Calculating       :   4.30%
Calculating       :   4.32%
Calculating       :   4.32%
Calculating       :   4.32%
Calculating       :   4.34%
Calculating       :   4.34%
Calculating       :   4.35%
Calculating       :   4.36%
Calculating       :   4.36%
Calculating       :   4.38%
Calculating       :   4.38%
Calculating       :   4.39%
Calculating       :   4.40%
Calculating       :   4.40%
Calculating       :   4.42%
Calculating       :   4.42%
Calculating       :   4.43%
Calculating       :   4.44%
Calculating       :   4.44%
Calculating       :   4.46%
Calculating       :   4.46%
Calculating       :   4.47%
Calculating       :   4.48%
Calculating       :   4.48%
Calculating       :   4.49%
Calculating       :   4.50%
Calculating       :   4.50%
Calculating       :   4.51%
Calculating       :   4.51%
Calculating       :   4.53%
Calculating       :   4.53%
Calculating       :   4.55%
Calculating       :   4.55%
Calculating       :   4.55%
Calculating       :   4.57%
Calculating       :   4.57%
Calculating       :   4.58%
Calculating       :   4.59%
Calculating       :   4.59%
Calculating       :   4.61%
Calculating       :   4.61%
Calculating       :   4.62%
Calculating       :   4.63%
Calculating       :   4.63%
Calculating       :   4.65%
Calculating       :   4.65%
Calculating       :   4.67%
Calculating       :   4.67%
Calculating       :   4.67%
Calculating       :   4.68%
Calculating       :   4.68%
Calculating       :   4.70%
Calculating       :   4.70%
Calculating       :   4.70%
Calculating       :   4.72%
Calculating       :   4.72%
Calculating       :   4.74%
Calculating       :   4.74%
Calculating       :   4.74%
Calculating       :   4.76%
Calculating       :   4.76%
Calculating       :   4.78%
Calculating       :   4.78%
Calculating       :   4.78%
Calculating       :   4.80%
Calculating       :   4.80%
Calculating       :   4.82%
Calculating       :   4.82%
Calculating       :   4.82%
Calculating       :   4.84%
Calculating       :   4.84%
Calculating       :   4.86%
Calculating       :   4.86%
Calculating       :   4.86%
Calculating       :   4.88%
Calculating       :   4.88%
Calculating       :   4.90%
Calculating       :   4.90%
Calculating       :   4.90%
Calculating       :   4.92%
Calculating       :   4.92%
Calculating       :   4.94%
Calculating       :   4.94%
Calculating       :   4.94%
Calculating       :   4.96%
Calculating       :   4.96%
Calculating       :   4.98%
Calculating       :   4.98%
Calculating       :   4.98%
Calculating       :   5.00%
Calculating       :   5.00%
Calculating       :   5.01%
Calculating       :   5.01%
Calculating       :   5.02%
Calculating       :   5.03%
Calculating       :   5.03%
Calculating       :   5.05%
Calculating       :   5.05%
Calculating       :   5.05%
Calculating       :   5.07%
Calculating       :   5.07%
Calculating       :   5.09%
Calculating       :   5.09%
Calculating       :   5.09%
Calculating       :   5.11%
Calculating       :   5.11%
Calculating       :   5.13%
Calculating       :   5.13%
Calculating       :   5.13%
Calculating       :   5.15%
Calculating       :   5.15%
Calculating       :   5.17%
Calculating       :   5.17%
Calculating       :   5.17%
Calculating       :   5.19%
Calculating       :   5.19%
Calculating       :   5.21%
Calculating       :   5.21%
Calculating       :   5.21%
Calculating       :   5.23%
Calculating       :   5.23%
Calculating       :   5.25%
Calculating       :   5.25%
Calculating       :   5.25%
Calculating       :   5.27%
Calculating       :   5.27%
Calculating       :   5.29%
Calculating       :   5.29%
Calculating       :   5.29%
Calculating       :   5.31%
Calculating       :   5.31%
Calculating       :   5.32%
Calculating       :   5.33%
Calculating       :   5.33%
Calculating       :   5.35%
Calculating       :   5.35%
Calculating       :   5.36%
Calculating       :   5.36%
Calculating       :   5.36%
Calculating       :   5.38%
Calculating       :   5.38%
Calculating       :   5.40%
Calculating       :   5.40%
Calculating       :   5.40%
Calculating       :   5.42%
Calculating       :   5.42%
Calculating       :   5.44%
Calculating       :   5.44%
Calculating       :   5.44%
Calculating       :   5.46%
Calculating       :   5.46%
Calculating       :   5.47%
Calculating       :   5.48%
Calculating       :   5.48%
Calculating       :   5.50%
Calculating       :   5.50%
Calculating       :   5.51%
Calculating       :   5.52%
Calculating       :   5.52%
Calculating       :   5.54%
Calculating       :   5.54%
Calculating       :   5.54%
Calculating       :   5.56%
Calculating       :   5.56%
Calculating       :   5.58%
Calculating       :   5.58%
Calculating       :   5.58%
Calculating       :   5.60%
Calculating       :   5.60%
Calculating       :   5.61%
Calculating       :   5.62%
Calculating       :   5.62%
Calculating       :   5.64%
Calculating       :   5.64%
Calculating       :   5.65%
Calculating       :   5.66%
Calculating       :   5.66%
Calculating       :   5.68%
Calculating       :   5.68%
Calculating       :   5.68%
Calculating       :   5.69%
Calculating       :   5.69%
Calculating       :   5.71%
Calculating       :   5.71%
Calculating       :   5.71%
Calculating       :   5.73%
Calculating       :   5.73%
Calculating       :   5.75%
Calculating       :   5.75%
Calculating       :   5.75%
Calculating       :   5.77%
Calculating       :   5.77%
Calculating       :   5.79%
Calculating       :   5.79%
Calculating       :   5.79%
Calculating       :   5.81%
Calculating       :   5.81%
Calculating       :   5.83%
Calculating       :   5.83%
Calculating       :   5.83%
Calculating       :   5.85%
Calculating       :   5.85%
Calculating       :   5.87%
Calculating       :   5.87%
Calculating       :   5.87%
Calculating       :   5.89%
Calculating       :   5.89%
Calculating       :   5.91%
Calculating       :   5.91%
Calculating       :   5.91%
Calculating       :   5.93%
Calculating       :   5.93%
Calculating       :   5.94%
Calculating       :   5.95%
Calculating       :   5.95%
Calculating       :   5.97%
Calculating       :   5.97%
Calculating       :   5.97%
Calculating       :   5.99%
Calculating       :   5.99%
Calculating       :   6.01%
Calculating       :   6.01%
Calculating       :   6.01%
Calculating       :   6.03%
Calculating       :   6.03%
Calculating       :   6.04%
Calculating       :   6.04%
Calculating       :   6.04%
Calculating       :   6.06%
Calculating       :   6.06%
Calculating       :   6.08%
Calculating       :   6.08%
Calculating       :   6.08%
Calculating       :   6.10%
Calculating       :   6.10%
Calculating       :   6.10%
Calculating       :   6.12%
Calculating       :   6.12%
Calculating       :   6.14%
Calculating       :   6.14%
Calculating       :   6.14%
Calculating       :   6.16%
Calculating       :   6.16%
Calculating       :   6.18%
Calculating       :   6.18%
Calculating       :   6.18%
Calculating       :   6.20%
Calculating       :   6.20%
Calculating       :   6.22%
Calculating       :   6.22%
Calculating       :   6.22%
Calculating       :   6.24%
Calculating       :   6.24%
Calculating       :   6.26%
Calculating       :   6.26%
Calculating       :   6.26%
Calculating       :   6.28%
Calculating       :   6.28%
Calculating       :   6.29%
Calculating       :   6.30%
Calculating       :   6.30%
Calculating       :   6.32%
Calculating       :   6.32%
Calculating       :   6.32%
Calculating       :   6.34%
Calculating       :   6.34%
Calculating       :   6.36%
Calculating       :   6.36%
Calculating       :   6.36%
Calculating       :   6.37%
Calculating       :   6.37%
Calculating       :   6.39%
Calculating       :   6.39%
Calculating       :   6.39%
Calculating       :   6.41%
Calculating       :   6.41%
Calculating       :   6.43%
Calculating       :   6.43%
Calculating       :   6.43%
Calculating       :   6.45%
Calculating       :   6.45%
Calculating       :   6.47%
Calculating       :   6.47%
Calculating       :   6.47%
Calculating       :   6.49%
Calculating       :   6.49%
Calculating       :   6.51%
Calculating       :   6.51%
Calculating       :   6.51%
Calculating       :   6.53%
Calculating       :   6.53%
Calculating       :   6.54%
Calculating       :   6.55%
Calculating       :   6.55%
Calculating       :   6.57%
Calculating       :   6.57%
Calculating       :   6.58%
Calculating       :   6.59%
Calculating       :   6.59%
Calculating       :   6.61%
Calculating       :   6.61%
Calculating       :   6.62%
Calculating       :   6.63%
Calculating       :   6.63%
Calculating       :   6.65%
Calculating       :   6.65%
Calculating       :   6.65%
Calculating       :   6.67%
Calculating       :   6.67%
Calculating       :   6.69%
Calculating       :   6.69%
Calculating       :   6.69%
Calculating       :   6.70%
Calculating       :   6.70%
Calculating       :   6.72%
Calculating       :   6.72%
Calculating       :   6.73%
Calculating       :   6.74%
Calculating       :   6.74%
Calculating       :   6.76%
Calculating       :   6.76%
Calculating       :   6.77%
Calculating       :   6.78%
Calculating       :   6.78%
Calculating       :   6.80%
Calculating       :   6.80%
Calculating       :   6.81%
Calculating       :   6.82%
Calculating       :   6.82%
Calculating       :   6.84%
Calculating       :   6.84%
Calculating       :   6.85%
Calculating       :   6.86%
Calculating       :   6.86%
Calculating       :   6.88%
Calculating       :   6.88%
Calculating       :   6.88%
Calculating       :   6.90%
Calculating       :   6.90%
Calculating       :   6.92%
Calculating       :   6.92%
Calculating       :   6.92%
Calculating       :   6.94%
Calculating       :   6.94%
Calculating       :   6.96%
Calculating       :   6.96%
Calculating       :   6.96%
Calculating       :   6.98%
Calculating       :   6.98%
Calculating       :   7.00%
Calculating       :   7.00%
Calculating       :   7.00%
Calculating       :   7.02%
Calculating       :   7.02%
Calculating       :   7.04%
Calculating       :   7.04%
Calculating       :   7.04%
Calculating       :   7.05%
Calculating       :   7.05%
Calculating       :   7.07%
Calculating       :   7.07%
Calculating       :   7.07%
Calculating       :   7.09%
Calculating       :   7.09%
Calculating       :   7.11%
Calculating       :   7.11%
Calculating       :   7.11%
Calculating       :   7.13%
Calculating       :   7.13%
Calculating       :   7.14%
Calculating       :   7.15%
Calculating       :   7.15%
Calculating       :   7.17%
Calculating       :   7.17%
Calculating       :   7.17%
Calculating       :   7.19%
Calculating       :   7.19%
Calculating       :   7.21%
Calculating       :   7.21%
Calculating       :   7.21%
Calculating       :   7.23%
Calculating       :   7.23%
Calculating       :   7.25%
Calculating       :   7.25%
Calculating       :   7.25%
Calculating       :   7.27%
Calculating       :   7.27%
Calculating       :   7.29%
Calculating       :   7.29%
Calculating       :   7.29%
Calculating       :   7.31%
Calculating       :   7.31%
Calculating       :   7.32%
Calculating       :   7.33%
Calculating       :   7.33%
Calculating       :   7.35%
Calculating       :   7.35%
Calculating       :   7.36%
Calculating       :   7.37%
Calculating       :   7.37%
Calculating       :   7.38%
Calculating       :   7.38%
Calculating       :   7.40%
Calculating       :   7.40%
Calculating       :   7.40%
Calculating       :   7.42%
Calculating       :   7.42%
Calculating       :   7.42%
Calculating       :   7.44%
Calculating       :   7.44%
Calculating       :   7.46%
Calculating       :   7.46%
Calculating       :   7.46%
Calculating       :   7.48%
Calculating       :   7.48%
Calculating       :   7.50%
Calculating       :   7.50%
Calculating       :   7.50%
Calculating       :   7.52%
Calculating       :   7.52%
Calculating       :   7.54%
Calculating       :   7.54%
Calculating       :   7.54%
Calculating       :   7.56%
Calculating       :   7.56%
Calculating       :   7.58%
Calculating       :   7.58%
Calculating       :   7.58%
Calculating       :   7.60%
Calculating       :   7.60%
Calculating       :   7.62%
Calculating       :   7.62%
Calculating       :   7.62%
Calculating       :   7.64%
Calculating       :   7.64%
Calculating       :   7.65%
Calculating       :   7.66%
Calculating       :   7.66%
Calculating       :   7.68%
Calculating       :   7.68%
Calculating       :   7.68%
Calculating       :   7.70%
Calculating       :   7.70%
Calculating       :   7.72%
Calculating       :   7.72%
Calculating       :   7.72%
Calculating       :   7.73%
Calculating       :   7.73%
Calculating       :   7.75%
Calculating       :   7.75%
Calculating       :   7.76%
Calculating       :   7.77%
Calculating       :   7.77%
Calculating       :   7.79%
Calculating       :   7.79%
Calculating       :   7.79%
Calculating       :   7.81%
Calculating       :   7.81%
Calculating       :   7.83%
Calculating       :   7.83%
Calculating       :   7.83%
Calculating       :   7.85%
Calculating       :   7.85%
Calculating       :   7.87%
Calculating       :   7.87%
Calculating       :   7.87%
Calculating       :   7.89%
Calculating       :   7.89%
Calculating       :   7.90%
Calculating       :   7.91%
Calculating       :   7.91%
Calculating       :   7.93%
Calculating       :   7.93%
Calculating       :   7.93%
Calculating       :   7.95%
Calculating       :   7.95%
Calculating       :   7.97%
Calculating       :   7.97%
Calculating       :   7.97%
Calculating       :   7.99%
Calculating       :   7.99%
Calculating       :   8.01%
Calculating       :   8.01%
Calculating       :   8.01%
Calculating       :   8.03%
Calculating       :   8.03%
Calculating       :   8.03%
Calculating       :   8.05%
Calculating       :   8.05%
Calculating       :   8.06%
Calculating       :   8.06%
Calculating       :   8.06%
Calculating       :   8.08%
Calculating       :   8.08%
Calculating       :   8.10%
Calculating       :   8.10%
Calculating       :   8.10%
Calculating       :   8.12%
Calculating       :   8.12%
Calculating       :   8.14%
Calculating       :   8.14%
Calculating       :   8.14%
Calculating       :   8.17%
Calculating       :   8.17%
Calculating       :   8.18%
Calculating       :   8.19%
Calculating       :   8.19%
Calculating       :   8.20%
Calculating       :   8.20%
Calculating       :   8.22%
Calculating       :   8.22%
Calculating       :   8.22%
Calculating       :   8.24%
Calculating       :   8.24%
Calculating       :   8.25%
Calculating       :   8.26%
Calculating       :   8.26%
Calculating       :   8.28%
Calculating       :   8.28%
Calculating       :   8.28%
Calculating       :   8.30%
Calculating       :   8.30%
Calculating       :   8.32%
Calculating       :   8.32%
Calculating       :   8.32%
Calculating       :   8.34%
Calculating       :   8.34%
Calculating       :   8.35%
Calculating       :   8.36%
Calculating       :   8.36%
Calculating       :   8.38%
Calculating       :   8.38%
Calculating       :   8.38%
Calculating       :   8.40%
Calculating       :   8.40%
Calculating       :   8.41%
Calculating       :   8.42%
Calculating       :   8.42%
Calculating       :   8.44%
Calculating       :   8.44%
Calculating       :   8.45%
Calculating       :   8.46%
Calculating       :   8.46%
Calculating       :   8.48%
Calculating       :   8.48%
Calculating       :   8.49%
Calculating       :   8.50%
Calculating       :   8.50%
Calculating       :   8.52%
Calculating       :   8.52%
Calculating       :   8.52%
Calculating       :   8.54%
Calculating       :   8.54%
Calculating       :   8.56%
Calculating       :   8.56%
Calculating       :   8.56%
Calculating       :   8.57%
Calculating       :   8.57%
Calculating       :   8.59%
Calculating       :   8.59%
Calculating       :   8.59%
Calculating       :   8.61%
Calculating       :   8.61%
Calculating       :   8.63%
Calculating       :   8.63%
Calculating       :   8.63%
Calculating       :   8.65%
Calculating       :   8.65%
Calculating       :   8.67%
Calculating       :   8.67%
Calculating       :   8.67%
Calculating       :   8.69%
Calculating       :   8.69%
Calculating       :   8.69%
Calculating       :   8.71%
Calculating       :   8.71%
Calculating       :   8.73%
Calculating       :   8.73%
Calculating       :   8.73%
Calculating       :   8.75%
Calculating       :   8.75%
Calculating       :   8.77%
Calculating       :   8.77%
Calculating       :   8.78%
Calculating       :   8.79%
Calculating       :   8.79%
Calculating       :   8.80%
Calculating       :   8.81%
Calculating       :   8.81%
Calculating       :   8.83%
Calculating       :   8.83%
Calculating       :   8.84%
Calculating       :   8.85%
Calculating       :   8.85%
Calculating       :   8.86%
Calculating       :   8.87%
Calculating       :   8.88%
Calculating       :   8.88%
Calculating       :   8.88%
Calculating       :   8.90%
Calculating       :   8.90%
Calculating       :   8.91%
Calculating       :   8.92%
Calculating       :   8.92%
Calculating       :   8.94%
Calculating       :   8.94%
Calculating       :   8.94%
Calculating       :   8.96%
Calculating       :   8.96%
Calculating       :   8.98%
Calculating       :   8.98%
Calculating       :   8.98%
Calculating       :   9.00%
Calculating       :   9.00%
Calculating       :   9.02%
Calculating       :   9.02%
Calculating       :   9.02%
Calculating       :   9.04%
Calculating       :   9.04%
Calculating       :   9.06%
Calculating       :   9.06%
Calculating       :   9.06%
Calculating       :   9.07%
Calculating       :   9.07%
Calculating       :   9.09%
Calculating       :   9.09%
Calculating       :   9.09%
Calculating       :   9.11%
Calculating       :   9.11%
Calculating       :   9.13%
Calculating       :   9.13%
Calculating       :   9.13%
Calculating       :   9.15%
Calculating       :   9.15%
Calculating       :   9.15%
Calculating       :   9.17%
Calculating       :   9.17%
Calculating       :   9.19%
Calculating       :   9.19%
Calculating       :   9.19%
Calculating       :   9.21%
Calculating       :   9.21%
Calculating       :   9.23%
Calculating       :   9.23%
Calculating       :   9.23%
Calculating       :   9.25%
Calculating       :   9.25%
Calculating       :   9.27%
Calculating       :   9.27%
Calculating       :   9.27%
Calculating       :   9.29%
Calculating       :   9.29%
Calculating       :   9.31%
Calculating       :   9.31%
Calculating       :   9.31%
Calculating       :   9.33%
Calculating       :   9.33%
Calculating       :   9.34%
Calculating       :   9.35%
Calculating       :   9.35%
Calculating       :   9.37%
Calculating       :   9.37%
Calculating       :   9.37%
Calculating       :   9.39%
Calculating       :   9.39%
Calculating       :   9.41%
Calculating       :   9.41%
Calculating       :   9.41%
Calculating       :   9.42%
Calculating       :   9.42%
Calculating       :   9.44%
Calculating       :   9.44%
Calculating       :   9.44%
Calculating       :   9.46%
Calculating       :   9.46%
Calculating       :   9.48%
Calculating       :   9.48%
Calculating       :   9.48%
Calculating       :   9.50%
Calculating       :   9.50%
Calculating       :   9.51%
Calculating       :   9.52%
Calculating       :   9.52%
Calculating       :   9.54%
Calculating       :   9.54%
Calculating       :   9.55%
Calculating       :   9.56%
Calculating       :   9.56%
Calculating       :   9.58%
Calculating       :   9.58%
Calculating       :   9.59%
Calculating       :   9.60%
Calculating       :   9.60%
Calculating       :   9.62%
Calculating       :   9.62%
Calculating       :   9.62%
Calculating       :   9.64%
Calculating       :   9.64%
Calculating       :   9.66%
Calculating       :   9.66%
Calculating       :   9.66%
Calculating       :   9.68%
Calculating       :   9.68%
Calculating       :   9.70%
Calculating       :   9.70%
Calculating       :   9.70%
Calculating       :   9.72%
Calculating       :   9.72%
Calculating       :   9.73%
Calculating       :   9.74%
Calculating       :   9.74%
Calculating       :   9.75%
Calculating       :   9.75%
Calculating       :   9.75%
Calculating       :   9.77%
Calculating       :   9.77%
Calculating       :   9.79%
Calculating       :   9.79%
Calculating       :   9.79%
Calculating       :   9.81%
Calculating       :   9.81%
Calculating       :   9.81%
Calculating       :   9.83%
Calculating       :   9.83%
Calculating       :   9.85%
Calculating       :   9.85%
Calculating       :   9.85%
Calculating       :   9.87%
Calculating       :   9.87%
Calculating       :   9.89%
Calculating       :   9.89%
Calculating       :   9.89%
Calculating       :   9.91%
Calculating       :   9.91%
Calculating       :   9.93%
Calculating       :   9.93%
Calculating       :   9.93%
Calculating       :   9.95%
Calculating       :   9.95%
Calculating       :   9.97%
Calculating       :   9.97%
Calculating       :   9.97%
Calculating       :   9.99%
Calculating       :   9.99%
Calculating       :  10.00%
Calculating       :  10.01%
Calculating       :  10.01%
Calculating       :  10.03%
Calculating       :  10.03%
Calculating       :  10.04%
Calculating       :  10.05%
Calculating       :  10.05%
Calculating       :  10.07%
Calculating       :  10.07%
Calculating       :  10.08%
Calculating       :  10.08%
Calculating       :  10.08%
Calculating       :  10.10%
Calculating       :  10.10%
Calculating       :  10.10%
Calculating       :  10.12%
Calculating       :  10.12%
Calculating       :  10.14%
Calculating       :  10.14%
Calculating       :  10.14%
Calculating       :  10.16%
Calculating       :  10.16%
Calculating       :  10.18%
Calculating       :  10.18%
Calculating       :  10.18%
Calculating       :  10.20%
Calculating       :  10.20%
Calculating       :  10.22%
Calculating       :  10.22%
Calculating       :  10.22%
Calculating       :  10.24%
Calculating       :  10.24%
Calculating       :  10.24%
Calculating       :  10.26%
Calculating       :  10.26%
Calculating       :  10.28%
Calculating       :  10.28%
Calculating       :  10.28%
Calculating       :  10.30%
Calculating       :  10.30%
Calculating       :  10.30%
Calculating       :  10.32%
Calculating       :  10.32%
Calculating       :  10.34%
Calculating       :  10.34%
Calculating       :  10.34%
Calculating       :  10.36%
Calculating       :  10.36%
Calculating       :  10.38%
Calculating       :  10.38%
Calculating       :  10.38%
Calculating       :  10.40%
Calculating       :  10.40%
Calculating       :  10.42%
Calculating       :  10.42%
Calculating       :  10.42%
Calculating       :  10.43%
Calculating       :  10.43%
Calculating       :  10.45%
Calculating       :  10.45%
Calculating       :  10.45%
Calculating       :  10.47%
Calculating       :  10.47%
Calculating       :  10.49%
Calculating       :  10.49%
Calculating       :  10.49%
Calculating       :  10.51%
Calculating       :  10.51%
Calculating       :  10.53%
Calculating       :  10.53%
Calculating       :  10.53%
Calculating       :  10.55%
Calculating       :  10.55%
Calculating       :  10.56%
Calculating       :  10.57%
Calculating       :  10.57%
Calculating       :  10.59%
Calculating       :  10.59%
Calculating       :  10.59%
Calculating       :  10.61%
Calculating       :  10.61%
Calculating       :  10.63%
Calculating       :  10.63%
Calculating       :  10.63%
Calculating       :  10.65%
Calculating       :  10.65%
Calculating       :  10.67%
Calculating       :  10.67%
Calculating       :  10.67%
Calculating       :  10.69%
Calculating       :  10.69%
Calculating       :  10.71%
Calculating       :  10.71%
Calculating       :  10.71%
Calculating       :  10.73%
Calculating       :  10.73%
Calculating       :  10.74%
Calculating       :  10.75%
Calculating       :  10.75%
Calculating       :  10.76%
Calculating       :  10.76%
Calculating       :  10.78%
Calculating       :  10.78%
Calculating       :  10.78%
Calculating       :  10.80%
Calculating       :  10.80%
Calculating       :  10.82%
Calculating       :  10.82%
Calculating       :  10.82%
Calculating       :  10.84%
Calculating       :  10.84%
Calculating       :  10.85%
Calculating       :  10.86%
Calculating       :  10.86%
Calculating       :  10.88%
Calculating       :  10.88%
Calculating       :  10.88%
Calculating       :  10.90%
Calculating       :  10.90%
Calculating       :  10.92%
Calculating       :  10.92%
Calculating       :  10.92%
Calculating       :  10.94%
Calculating       :  10.94%
Calculating       :  10.96%
Calculating       :  10.96%
Calculating       :  10.96%
Calculating       :  10.98%
Calculating       :  10.98%
Calculating       :  11.00%
Calculating       :  11.00%
Calculating       :  11.00%
Calculating       :  11.02%
Calculating       :  11.02%
Calculating       :  11.03%
Calculating       :  11.04%
Calculating       :  11.04%
Calculating       :  11.06%
Calculating       :  11.06%
Calculating       :  11.06%
Calculating       :  11.08%
Calculating       :  11.08%
Calculating       :  11.10%
Calculating       :  11.10%
Calculating       :  11.10%
Calculating       :  11.11%
Calculating       :  11.11%
Calculating       :  11.13%
Calculating       :  11.13%
Calculating       :  11.13%
Calculating       :  11.15%
Calculating       :  11.15%
Calculating       :  11.17%
Calculating       :  11.17%
Calculating       :  11.17%
Calculating       :  11.19%
Calculating       :  11.19%
Calculating       :  11.21%
Calculating       :  11.21%
Calculating       :  11.21%
Calculating       :  11.23%
Calculating       :  11.23%
Calculating       :  11.25%
Calculating       :  11.25%
Calculating       :  11.25%
Calculating       :  11.27%
Calculating       :  11.27%
Calculating       :  11.28%
Calculating       :  11.29%
Calculating       :  11.29%
Calculating       :  11.31%
Calculating       :  11.31%
Calculating       :  11.31%
Calculating       :  11.33%
Calculating       :  11.33%
Calculating       :  11.35%
Calculating       :  11.35%
Calculating       :  11.35%
Calculating       :  11.37%
Calculating       :  11.37%
Calculating       :  11.39%
Calculating       :  11.39%
Calculating       :  11.39%
Calculating       :  11.41%
Calculating       :  11.41%
Calculating       :  11.43%
Calculating       :  11.43%
Calculating       :  11.43%
Calculating       :  11.44%
Calculating       :  11.44%
Calculating       :  11.46%
Calculating       :  11.46%
Calculating       :  11.46%
Calculating       :  11.48%
Calculating       :  11.48%
Calculating       :  11.50%
Calculating       :  11.50%
Calculating       :  11.50%
Calculating       :  11.52%
Calculating       :  11.52%
Calculating       :  11.53%
Calculating       :  11.54%
Calculating       :  11.54%
Calculating       :  11.56%
Calculating       :  11.56%
Calculating       :  11.57%
Calculating       :  11.58%
Calculating       :  11.58%
Calculating       :  11.60%
Calculating       :  11.60%
Calculating       :  11.60%
Calculating       :  11.62%
Calculating       :  11.62%
Calculating       :  11.64%
Calculating       :  11.64%
Calculating       :  11.64%
Calculating       :  11.66%
Calculating       :  11.66%
Calculating       :  11.68%
Calculating       :  11.68%
Calculating       :  11.68%
Calculating       :  11.70%
Calculating       :  11.70%
Calculating       :  11.72%
Calculating       :  11.72%
Calculating       :  11.72%
Calculating       :  11.74%
Calculating       :  11.74%
Calculating       :  11.76%
Calculating       :  11.76%
Calculating       :  11.76%
Calculating       :  11.77%
Calculating       :  11.77%
Calculating       :  11.79%
Calculating       :  11.79%
Calculating       :  11.79%
Calculating       :  11.81%
Calculating       :  11.81%
Calculating       :  11.82%
Calculating       :  11.83%
Calculating       :  11.83%
Calculating       :  11.85%
Calculating       :  11.85%
Calculating       :  11.85%
Calculating       :  11.87%
Calculating       :  11.87%
Calculating       :  11.89%
Calculating       :  11.89%
Calculating       :  11.89%
Calculating       :  11.91%
Calculating       :  11.91%
Calculating       :  11.93%
Calculating       :  11.93%
Calculating       :  11.93%
Calculating       :  11.95%
Calculating       :  11.95%
Calculating       :  11.97%
Calculating       :  11.97%
Calculating       :  11.97%
Calculating       :  11.99%
Calculating       :  11.99%
Calculating       :  12.01%
Calculating       :  12.01%
Calculating       :  12.01%
Calculating       :  12.03%
Calculating       :  12.03%
Calculating       :  12.05%
Calculating       :  12.05%
Calculating       :  12.05%
Calculating       :  12.07%
Calculating       :  12.07%
Calculating       :  12.09%
Calculating       :  12.09%
Calculating       :  12.09%
Calculating       :  12.11%
Calculating       :  12.11%
Calculating       :  12.12%
Calculating       :  12.12%
Calculating       :  12.12%
Calculating       :  12.14%
Calculating       :  12.14%
Calculating       :  12.16%
Calculating       :  12.16%
Calculating       :  12.16%
Calculating       :  12.18%
Calculating       :  12.18%
Calculating       :  12.18%
Calculating       :  12.20%
Calculating       :  12.20%
Calculating       :  12.22%
Calculating       :  12.22%
Calculating       :  12.22%
Calculating       :  12.24%
Calculating       :  12.24%
Calculating       :  12.25%
Calculating       :  12.26%
Calculating       :  12.26%
Calculating       :  12.28%
Calculating       :  12.28%
Calculating       :  12.28%
Calculating       :  12.30%
Calculating       :  12.30%
Calculating       :  12.32%
Calculating       :  12.32%
Calculating       :  12.32%
Calculating       :  12.34%
Calculating       :  12.34%
Calculating       :  12.36%
Calculating       :  12.36%
Calculating       :  12.36%
Calculating       :  12.38%
Calculating       :  12.38%
Calculating       :  12.40%
Calculating       :  12.40%
Calculating       :  12.40%
Calculating       :  12.42%
Calculating       :  12.42%
Calculating       :  12.44%
Calculating       :  12.44%
Calculating       :  12.44%
Calculating       :  12.45%
Calculating       :  12.45%
Calculating       :  12.47%
Calculating       :  12.47%
Calculating       :  12.47%
Calculating       :  12.49%
Calculating       :  12.49%
Calculating       :  12.51%
Calculating       :  12.51%
Calculating       :  12.51%
Calculating       :  12.53%
Calculating       :  12.53%
Calculating       :  12.55%
Calculating       :  12.55%
Calculating       :  12.55%
Calculating       :  12.57%
Calculating       :  12.57%
Calculating       :  12.59%
Calculating       :  12.59%
Calculating       :  12.59%
Calculating       :  12.61%
Calculating       :  12.61%
Calculating       :  12.63%
Calculating       :  12.63%
Calculating       :  12.63%
Calculating       :  12.65%
Calculating       :  12.65%
Calculating       :  12.67%
Calculating       :  12.67%
Calculating       :  12.67%
Calculating       :  12.69%
Calculating       :  12.69%
Calculating       :  12.70%
Calculating       :  12.71%
Calculating       :  12.71%
Calculating       :  12.73%
Calculating       :  12.73%
Calculating       :  12.74%
Calculating       :  12.75%
Calculating       :  12.75%
Calculating       :  12.77%
Calculating       :  12.77%
Calculating       :  12.77%
Calculating       :  12.79%
Calculating       :  12.79%
Calculating       :  12.80%
Calculating       :  12.80%
Calculating       :  12.80%
Calculating       :  12.82%
Calculating       :  12.82%
Calculating       :  12.84%
Calculating       :  12.84%
Calculating       :  12.84%
Calculating       :  12.86%
Calculating       :  12.86%
Calculating       :  12.88%
Calculating       :  12.88%
Calculating       :  12.88%
Calculating       :  12.90%
Calculating       :  12.90%
Calculating       :  12.92%
Calculating       :  12.92%
Calculating       :  12.92%
Calculating       :  12.94%
Calculating       :  12.94%
Calculating       :  12.96%
Calculating       :  12.96%
Calculating       :  12.96%
Calculating       :  12.98%
Calculating       :  12.98%
Calculating       :  12.99%
Calculating       :  13.00%
Calculating       :  13.00%
Calculating       :  13.02%
Calculating       :  13.02%
Calculating       :  13.02%
Calculating       :  13.04%
Calculating       :  13.04%
Calculating       :  13.06%
Calculating       :  13.06%
Calculating       :  13.06%
Calculating       :  13.08%
Calculating       :  13.08%
Calculating       :  13.10%
Calculating       :  13.10%
Calculating       :  13.10%
Calculating       :  13.12%
Calculating       :  13.12%
Calculating       :  13.13%
Calculating       :  13.13%
Calculating       :  13.13%
Calculating       :  13.15%
Calculating       :  13.15%
Calculating       :  13.17%
Calculating       :  13.17%
Calculating       :  13.17%
Calculating       :  13.19%
Calculating       :  13.19%
Calculating       :  13.20%
Calculating       :  13.21%
Calculating       :  13.21%
Calculating       :  13.23%
Calculating       :  13.23%
Calculating       :  13.24%
Calculating       :  13.25%
Calculating       :  13.25%
Calculating       :  13.27%
Calculating       :  13.27%
Calculating       :  13.27%
Calculating       :  13.29%
Calculating       :  13.29%
Calculating       :  13.31%
Calculating       :  13.31%
Calculating       :  13.31%
Calculating       :  13.33%
Calculating       :  13.33%
Calculating       :  13.35%
Calculating       :  13.35%
Calculating       :  13.35%
Calculating       :  13.37%
Calculating       :  13.37%
Calculating       :  13.37%
Calculating       :  13.39%
Calculating       :  13.39%
Calculating       :  13.41%
Calculating       :  13.41%
Calculating       :  13.42%
Calculating       :  13.43%
Calculating       :  13.43%
Calculating       :  13.45%
Calculating       :  13.45%
Calculating       :  13.45%
Calculating       :  13.47%
Calculating       :  13.47%
Calculating       :  13.48%
Calculating       :  13.48%
Calculating       :  13.48%
Calculating       :  13.50%
Calculating       :  13.50%
Calculating       :  13.52%
Calculating       :  13.52%
Calculating       :  13.52%
Calculating       :  13.54%
Calculating       :  13.54%
Calculating       :  13.56%
Calculating       :  13.56%
Calculating       :  13.56%
Calculating       :  13.58%
Calculating       :  13.58%
Calculating       :  13.60%
Calculating       :  13.60%
Calculating       :  13.60%
Calculating       :  13.62%
Calculating       :  13.62%
Calculating       :  13.64%
Calculating       :  13.64%
Calculating       :  13.64%
Calculating       :  13.66%
Calculating       :  13.66%
Calculating       :  13.67%
Calculating       :  13.68%
Calculating       :  13.68%
Calculating       :  13.70%
Calculating       :  13.70%
Calculating       :  13.71%
Calculating       :  13.72%
Calculating       :  13.72%
Calculating       :  13.74%
Calculating       :  13.74%
Calculating       :  13.75%
Calculating       :  13.76%
Calculating       :  13.76%
Calculating       :  13.78%
Calculating       :  13.78%
Calculating       :  13.79%
Calculating       :  13.80%
Calculating       :  13.80%
Calculating       :  13.81%
Calculating       :  13.81%
Calculating       :  13.83%
Calculating       :  13.83%
Calculating       :  13.83%
Calculating       :  13.85%
Calculating       :  13.85%
Calculating       :  13.86%
Calculating       :  13.87%
Calculating       :  13.87%
Calculating       :  13.89%
Calculating       :  13.89%
Calculating       :  13.90%
Calculating       :  13.91%
Calculating       :  13.91%
Calculating       :  13.93%
Calculating       :  13.93%
Calculating       :  13.93%
Calculating       :  13.95%
Calculating       :  13.95%
Calculating       :  13.97%
Calculating       :  13.97%
Calculating       :  13.97%
Calculating       :  13.99%
Calculating       :  13.99%
Calculating       :  14.01%
Calculating       :  14.01%
Calculating       :  14.01%
Calculating       :  14.03%
Calculating       :  14.03%
Calculating       :  14.05%
Calculating       :  14.05%
Calculating       :  14.05%
Calculating       :  14.07%
Calculating       :  14.07%
Calculating       :  14.09%
Calculating       :  14.09%
Calculating       :  14.09%
Calculating       :  14.11%
Calculating       :  14.11%
Calculating       :  14.13%
Calculating       :  14.13%
Calculating       :  14.13%
Calculating       :  14.14%
Calculating       :  14.14%
Calculating       :  14.16%
Calculating       :  14.16%
Calculating       :  14.16%
Calculating       :  14.18%
Calculating       :  14.18%
Calculating       :  14.19%
Calculating       :  14.20%
Calculating       :  14.20%
Calculating       :  14.22%
Calculating       :  14.22%
Calculating       :  14.22%
Calculating       :  14.24%
Calculating       :  14.24%
Calculating       :  14.26%
Calculating       :  14.26%
Calculating       :  14.26%
Calculating       :  14.28%
Calculating       :  14.28%
Calculating       :  14.30%
Calculating       :  14.30%
Calculating       :  14.30%
Calculating       :  14.32%
Calculating       :  14.32%
Calculating       :  14.34%
Calculating       :  14.34%
Calculating       :  14.34%
Calculating       :  14.36%
Calculating       :  14.36%
Calculating       :  14.37%
Calculating       :  14.38%
Calculating       :  14.38%
Calculating       :  14.40%
Calculating       :  14.40%
Calculating       :  14.40%
Calculating       :  14.42%
Calculating       :  14.42%
Calculating       :  14.44%
Calculating       :  14.44%
Calculating       :  14.44%
Calculating       :  14.46%
Calculating       :  14.46%
Calculating       :  14.48%
Calculating       :  14.48%
Calculating       :  14.48%
Calculating       :  14.49%
Calculating       :  14.49%
Calculating       :  14.51%
Calculating       :  14.51%
Calculating       :  14.51%
Calculating       :  14.53%
Calculating       :  14.53%
Calculating       :  14.55%
Calculating       :  14.55%
Calculating       :  14.55%
Calculating       :  14.57%
Calculating       :  14.57%
Calculating       :  14.58%
Calculating       :  14.59%
Calculating       :  14.59%
Calculating       :  14.61%
Calculating       :  14.61%
Calculating       :  14.61%
Calculating       :  14.63%
Calculating       :  14.63%
Calculating       :  14.65%
Calculating       :  14.65%
Calculating       :  14.65%
Calculating       :  14.67%
Calculating       :  14.67%
Calculating       :  14.69%
Calculating       :  14.69%
Calculating       :  14.69%
Calculating       :  14.71%
Calculating       :  14.71%
Calculating       :  14.72%
Calculating       :  14.73%
Calculating       :  14.73%
Calculating       :  14.75%
Calculating       :  14.75%
Calculating       :  14.75%
Calculating       :  14.77%
Calculating       :  14.77%
Calculating       :  14.79%
Calculating       :  14.79%
Calculating       :  14.79%
Calculating       :  14.81%
Calculating       :  14.81%
Calculating       :  14.82%
Calculating       :  14.82%
Calculating       :  14.83%
Calculating       :  14.84%
Calculating       :  14.84%
Calculating       :  14.86%
Calculating       :  14.86%
Calculating       :  14.87%
Calculating       :  14.88%
Calculating       :  14.88%
Calculating       :  14.90%
Calculating       :  14.90%
Calculating       :  14.90%
Calculating       :  14.92%
Calculating       :  14.92%
Calculating       :  14.94%
Calculating       :  14.94%
Calculating       :  14.94%
Calculating       :  14.96%
Calculating       :  14.96%
Calculating       :  14.98%
Calculating       :  14.98%
Calculating       :  14.98%
Calculating       :  15.00%
Calculating       :  15.00%
Calculating       :  15.02%
Calculating       :  15.02%
Calculating       :  15.02%
Calculating       :  15.04%
Calculating       :  15.04%
Calculating       :  15.05%
Calculating       :  15.06%
Calculating       :  15.06%
Calculating       :  15.08%
Calculating       :  15.08%
Calculating       :  15.08%
Calculating       :  15.10%
Calculating       :  15.10%
Calculating       :  15.12%
Calculating       :  15.12%
Calculating       :  15.12%
Calculating       :  15.14%
Calculating       :  15.14%
Calculating       :  15.16%
Calculating       :  15.16%
Calculating       :  15.16%
Calculating       :  15.17%
Calculating       :  15.17%
Calculating       :  15.19%
Calculating       :  15.19%
Calculating       :  15.19%
Calculating       :  15.21%
Calculating       :  15.21%
Calculating       :  15.23%
Calculating       :  15.23%
Calculating       :  15.23%
Calculating       :  15.25%
Calculating       :  15.25%
Calculating       :  15.27%
Calculating       :  15.27%
Calculating       :  15.27%
Calculating       :  15.29%
Calculating       :  15.29%
Calculating       :  15.31%
Calculating       :  15.31%
Calculating       :  15.31%
Calculating       :  15.33%
Calculating       :  15.33%
Calculating       :  15.34%
Calculating       :  15.35%
Calculating       :  15.35%
Calculating       :  15.37%
Calculating       :  15.37%
Calculating       :  15.37%
Calculating       :  15.39%
Calculating       :  15.39%
Calculating       :  15.41%
Calculating       :  15.41%
Calculating       :  15.41%
Calculating       :  15.43%
Calculating       :  15.43%
Calculating       :  15.45%
Calculating       :  15.45%
Calculating       :  15.45%
Calculating       :  15.47%
Calculating       :  15.47%
Calculating       :  15.47%
Calculating       :  15.49%
Calculating       :  15.49%
Calculating       :  15.50%
Calculating       :  15.50%
Calculating       :  15.50%
Calculating       :  15.52%
Calculating       :  15.52%
Calculating       :  15.54%
Calculating       :  15.54%
Calculating       :  15.54%
Calculating       :  15.56%
Calculating       :  15.56%
Calculating       :  15.56%
Calculating       :  15.58%
Calculating       :  15.58%
Calculating       :  15.60%
Calculating       :  15.60%
Calculating       :  15.60%
Calculating       :  15.62%
Calculating       :  15.62%
Calculating       :  15.64%
Calculating       :  15.64%
Calculating       :  15.64%
Calculating       :  15.66%
Calculating       :  15.66%
Calculating       :  15.68%
Calculating       :  15.68%
Calculating       :  15.68%
Calculating       :  15.70%
Calculating       :  15.70%
Calculating       :  15.72%
Calculating       :  15.72%
Calculating       :  15.72%
Calculating       :  15.74%
Calculating       :  15.74%
Calculating       :  15.76%
Calculating       :  15.76%
Calculating       :  15.76%
Calculating       :  15.78%
Calculating       :  15.78%
Calculating       :  15.80%
Calculating       :  15.80%
Calculating       :  15.80%
Calculating       :  15.82%
Calculating       :  15.82%
Calculating       :  15.83%
Calculating       :  15.83%
Calculating       :  15.83%
Calculating       :  15.85%
Calculating       :  15.85%
Calculating       :  15.87%
Calculating       :  15.87%
Calculating       :  15.87%
Calculating       :  15.89%
Calculating       :  15.89%
Calculating       :  15.91%
Calculating       :  15.91%
Calculating       :  15.91%
Calculating       :  15.93%
Calculating       :  15.93%
Calculating       :  15.94%
Calculating       :  15.95%
Calculating       :  15.95%
Calculating       :  15.97%
Calculating       :  15.97%
Calculating       :  15.97%
Calculating       :  15.99%
Calculating       :  15.99%
Calculating       :  16.01%
Calculating       :  16.01%
Calculating       :  16.01%
Calculating       :  16.03%
Calculating       :  16.03%
Calculating       :  16.05%
Calculating       :  16.05%
Calculating       :  16.05%
Calculating       :  16.07%
Calculating       :  16.07%
Calculating       :  16.09%
Calculating       :  16.09%
Calculating       :  16.09%
Calculating       :  16.11%
Calculating       :  16.11%
Calculating       :  16.12%
Calculating       :  16.13%
Calculating       :  16.13%
Calculating       :  16.15%
Calculating       :  16.15%
Calculating       :  16.16%
Calculating       :  16.17%
Calculating       :  16.17%
Calculating       :  16.18%
Calculating       :  16.18%
Calculating       :  16.19%
Calculating       :  16.20%
Calculating       :  16.20%
Calculating       :  16.22%
Calculating       :  16.22%
Calculating       :  16.23%
Calculating       :  16.24%
Calculating       :  16.24%
Calculating       :  16.26%
Calculating       :  16.26%
Calculating       :  16.26%
Calculating       :  16.28%
Calculating       :  16.28%
Calculating       :  16.30%
Calculating       :  16.30%
Calculating       :  16.30%
Calculating       :  16.32%
Calculating       :  16.32%
Calculating       :  16.34%
Calculating       :  16.34%
Calculating       :  16.34%
Calculating       :  16.36%
Calculating       :  16.36%
Calculating       :  16.37%
Calculating       :  16.38%
Calculating       :  16.38%
Calculating       :  16.40%
Calculating       :  16.40%
Calculating       :  16.40%
Calculating       :  16.42%
Calculating       :  16.42%
Calculating       :  16.44%
Calculating       :  16.44%
Calculating       :  16.44%
Calculating       :  16.46%
Calculating       :  16.46%
Calculating       :  16.48%
Calculating       :  16.48%
Calculating       :  16.48%
Calculating       :  16.50%
Calculating       :  16.50%
Calculating       :  16.51%
Calculating       :  16.51%
Calculating       :  16.51%
Calculating       :  16.53%
Calculating       :  16.53%
Calculating       :  16.55%
Calculating       :  16.55%
Calculating       :  16.55%
Calculating       :  16.57%
Calculating       :  16.57%
Calculating       :  16.59%
Calculating       :  16.59%
Calculating       :  16.59%
Calculating       :  16.61%
Calculating       :  16.61%
Calculating       :  16.63%
Calculating       :  16.63%
Calculating       :  16.63%
Calculating       :  16.65%
Calculating       :  16.65%
Calculating       :  16.66%
Calculating       :  16.67%
Calculating       :  16.67%
Calculating       :  16.69%
Calculating       :  16.69%
Calculating       :  16.70%
Calculating       :  16.71%
Calculating       :  16.71%
Calculating       :  16.73%
Calculating       :  16.73%
Calculating       :  16.73%
Calculating       :  16.75%
Calculating       :  16.75%
Calculating       :  16.77%
Calculating       :  16.77%
Calculating       :  16.77%
Calculating       :  16.79%
Calculating       :  16.79%
Calculating       :  16.81%
Calculating       :  16.81%
Calculating       :  16.81%
Calculating       :  16.83%
Calculating       :  16.83%
Calculating       :  16.85%
Calculating       :  16.85%
Calculating       :  16.85%
Calculating       :  16.86%
Calculating       :  16.86%
Calculating       :  16.88%
Calculating       :  16.88%
Calculating       :  16.88%
Calculating       :  16.90%
Calculating       :  16.90%
Calculating       :  16.92%
Calculating       :  16.92%
Calculating       :  16.92%
Calculating       :  16.94%
Calculating       :  16.94%
Calculating       :  16.95%
Calculating       :  16.96%
Calculating       :  16.96%
Calculating       :  16.98%
Calculating       :  16.98%
Calculating       :  16.98%
Calculating       :  17.00%
Calculating       :  17.00%
Calculating       :  17.02%
Calculating       :  17.02%
Calculating       :  17.02%
Calculating       :  17.04%
Calculating       :  17.04%
Calculating       :  17.06%
Calculating       :  17.06%
Calculating       :  17.06%
Calculating       :  17.08%
Calculating       :  17.08%
Calculating       :  17.10%
Calculating       :  17.10%
Calculating       :  17.10%
Calculating       :  17.12%
Calculating       :  17.12%
Calculating       :  17.13%
Calculating       :  17.14%
Calculating       :  17.14%
Calculating       :  17.16%
Calculating       :  17.16%
Calculating       :  17.17%
Calculating       :  17.18%
Calculating       :  17.18%
Calculating       :  17.19%
Calculating       :  17.19%
Calculating       :  17.20%
Calculating       :  17.21%
Calculating       :  17.21%
Calculating       :  17.23%
Calculating       :  17.23%
Calculating       :  17.23%
Calculating       :  17.25%
Calculating       :  17.25%
Calculating       :  17.27%
Calculating       :  17.27%
Calculating       :  17.27%
Calculating       :  17.29%
Calculating       :  17.29%
Calculating       :  17.31%
Calculating       :  17.31%
Calculating       :  17.31%
Calculating       :  17.33%
Calculating       :  17.33%
Calculating       :  17.35%
Calculating       :  17.35%
Calculating       :  17.35%
Calculating       :  17.37%
Calculating       :  17.37%
Calculating       :  17.38%
Calculating       :  17.39%
Calculating       :  17.39%
Calculating       :  17.41%
Calculating       :  17.41%
Calculating       :  17.41%
Calculating       :  17.43%
Calculating       :  17.43%
Calculating       :  17.45%
Calculating       :  17.45%
Calculating       :  17.45%
Calculating       :  17.47%
Calculating       :  17.47%
Calculating       :  17.48%
Calculating       :  17.49%
Calculating       :  17.49%
Calculating       :  17.51%
Calculating       :  17.51%
Calculating       :  17.52%
Calculating       :  17.52%
Calculating       :  17.52%
Calculating       :  17.54%
Calculating       :  17.54%
Calculating       :  17.55%
Calculating       :  17.56%
Calculating       :  17.56%
Calculating       :  17.58%
Calculating       :  17.58%
Calculating       :  17.58%
Calculating       :  17.60%
Calculating       :  17.60%
Calculating       :  17.62%
Calculating       :  17.62%
Calculating       :  17.62%
Calculating       :  17.64%
Calculating       :  17.64%
Calculating       :  17.66%
Calculating       :  17.66%
Calculating       :  17.66%
Calculating       :  17.68%
Calculating       :  17.68%
Calculating       :  17.70%
Calculating       :  17.70%
Calculating       :  17.70%
Calculating       :  17.72%
Calculating       :  17.72%
Calculating       :  17.73%
Calculating       :  17.74%
Calculating       :  17.74%
Calculating       :  17.76%
Calculating       :  17.76%
Calculating       :  17.77%
Calculating       :  17.78%
Calculating       :  17.78%
Calculating       :  17.80%
Calculating       :  17.80%
Calculating       :  17.80%
Calculating       :  17.82%
Calculating       :  17.82%
Calculating       :  17.84%
Calculating       :  17.84%
Calculating       :  17.84%
Calculating       :  17.86%
Calculating       :  17.86%
Calculating       :  17.87%
Calculating       :  17.87%
Calculating       :  17.87%
Calculating       :  17.89%
Calculating       :  17.89%
Calculating       :  17.91%
Calculating       :  17.91%
Calculating       :  17.91%
Calculating       :  17.93%
Calculating       :  17.93%
Calculating       :  17.95%
Calculating       :  17.95%
Calculating       :  17.95%
Calculating       :  17.97%
Calculating       :  17.97%
Calculating       :  17.97%
Calculating       :  17.99%
Calculating       :  17.99%
Calculating       :  18.01%
Calculating       :  18.01%
Calculating       :  18.01%
Calculating       :  18.03%
Calculating       :  18.03%
Calculating       :  18.05%
Calculating       :  18.05%
Calculating       :  18.05%
Calculating       :  18.07%
Calculating       :  18.07%
Calculating       :  18.09%
Calculating       :  18.09%
Calculating       :  18.09%
Calculating       :  18.11%
Calculating       :  18.11%
Calculating       :  18.12%
Calculating       :  18.13%
Calculating       :  18.13%
Calculating       :  18.15%
Calculating       :  18.15%
Calculating       :  18.16%
Calculating       :  18.17%
Calculating       :  18.17%
Calculating       :  18.19%
Calculating       :  18.19%
Calculating       :  18.20%
Calculating       :  18.20%
Calculating       :  18.20%
Calculating       :  18.22%
Calculating       :  18.22%
Calculating       :  18.24%
Calculating       :  18.24%
Calculating       :  18.24%
Calculating       :  18.26%
Calculating       :  18.26%
Calculating       :  18.27%
Calculating       :  18.28%
Calculating       :  18.28%
Calculating       :  18.30%
Calculating       :  18.30%
Calculating       :  18.30%
Calculating       :  18.32%
Calculating       :  18.32%
Calculating       :  18.34%
Calculating       :  18.34%
Calculating       :  18.34%
Calculating       :  18.36%
Calculating       :  18.36%
Calculating       :  18.38%
Calculating       :  18.38%
Calculating       :  18.38%
Calculating       :  18.40%
Calculating       :  18.40%
Calculating       :  18.42%
Calculating       :  18.42%
Calculating       :  18.42%
Calculating       :  18.44%
Calculating       :  18.44%
Calculating       :  18.46%
Calculating       :  18.46%
Calculating       :  18.46%
Calculating       :  18.48%
Calculating       :  18.48%
Calculating       :  18.49%
Calculating       :  18.50%
Calculating       :  18.50%
Calculating       :  18.52%
Calculating       :  18.52%
Calculating       :  18.53%
Calculating       :  18.54%
Calculating       :  18.54%
Calculating       :  18.55%
Calculating       :  18.55%
Calculating       :  18.56%
Calculating       :  18.57%
Calculating       :  18.57%
Calculating       :  18.59%
Calculating       :  18.59%
Calculating       :  18.60%
Calculating       :  18.61%
Calculating       :  18.61%
Calculating       :  18.63%
Calculating       :  18.63%
Calculating       :  18.64%
Calculating       :  18.65%
Calculating       :  18.65%
Calculating       :  18.67%
Calculating       :  18.67%
Calculating       :  18.68%
Calculating       :  18.69%
Calculating       :  18.69%
Calculating       :  18.71%
Calculating       :  18.71%
Calculating       :  18.71%
Calculating       :  18.73%
Calculating       :  18.73%
Calculating       :  18.75%
Calculating       :  18.75%
Calculating       :  18.75%
Calculating       :  18.77%
Calculating       :  18.77%
Calculating       :  18.79%
Calculating       :  18.79%
Calculating       :  18.79%
Calculating       :  18.81%
Calculating       :  18.81%
Calculating       :  18.83%
Calculating       :  18.83%
Calculating       :  18.83%
Calculating       :  18.85%
Calculating       :  18.85%
Calculating       :  18.86%
Calculating       :  18.87%
Calculating       :  18.87%
Calculating       :  18.88%
Calculating       :  18.88%
Calculating       :  18.88%
Calculating       :  18.90%
Calculating       :  18.90%
Calculating       :  18.92%
Calculating       :  18.92%
Calculating       :  18.92%
Calculating       :  18.94%
Calculating       :  18.94%
Calculating       :  18.96%
Calculating       :  18.96%
Calculating       :  18.96%
Calculating       :  18.98%
Calculating       :  18.98%
Calculating       :  18.99%
Calculating       :  19.00%
Calculating       :  19.00%
Calculating       :  19.02%
Calculating       :  19.02%
Calculating       :  19.02%
Calculating       :  19.04%
Calculating       :  19.04%
Calculating       :  19.06%
Calculating       :  19.06%
Calculating       :  19.06%
Calculating       :  19.08%
Calculating       :  19.08%
Calculating       :  19.10%
Calculating       :  19.10%
Calculating       :  19.10%
Calculating       :  19.12%
Calculating       :  19.12%
Calculating       :  19.14%
Calculating       :  19.14%
Calculating       :  19.14%
Calculating       :  19.16%
Calculating       :  19.16%
Calculating       :  19.17%
Calculating       :  19.18%
Calculating       :  19.18%
Calculating       :  19.20%
Calculating       :  19.20%
Calculating       :  19.21%
Calculating       :  19.21%
Calculating       :  19.21%
Calculating       :  19.23%
Calculating       :  19.23%
Calculating       :  19.24%
Calculating       :  19.25%
Calculating       :  19.25%
Calculating       :  19.27%
Calculating       :  19.27%
Calculating       :  19.28%
Calculating       :  19.29%
Calculating       :  19.29%
Calculating       :  19.31%
Calculating       :  19.31%
Calculating       :  19.31%
Calculating       :  19.33%
Calculating       :  19.33%
Calculating       :  19.35%
Calculating       :  19.35%
Calculating       :  19.35%
Calculating       :  19.37%
Calculating       :  19.37%
Calculating       :  19.39%
Calculating       :  19.39%
Calculating       :  19.39%
Calculating       :  19.41%
Calculating       :  19.41%
Calculating       :  19.43%
Calculating       :  19.43%
Calculating       :  19.43%
Calculating       :  19.45%
Calculating       :  19.45%
Calculating       :  19.46%
Calculating       :  19.47%
Calculating       :  19.47%
Calculating       :  19.49%
Calculating       :  19.49%
Calculating       :  19.50%
Calculating       :  19.51%
Calculating       :  19.51%
Calculating       :  19.53%
Calculating       :  19.53%
Calculating       :  19.54%
Calculating       :  19.55%
Calculating       :  19.55%
Calculating       :  19.56%
Calculating       :  19.56%
Calculating       :  19.57%
Calculating       :  19.58%
Calculating       :  19.58%
Calculating       :  19.60%
Calculating       :  19.60%
Calculating       :  19.61%
Calculating       :  19.62%
Calculating       :  19.62%
Calculating       :  19.64%
Calculating       :  19.64%
Calculating       :  19.65%
Calculating       :  19.66%
Calculating       :  19.66%
Calculating       :  19.68%
Calculating       :  19.68%
Calculating       :  19.68%
Calculating       :  19.70%
Calculating       :  19.70%
Calculating       :  19.72%
Calculating       :  19.72%
Calculating       :  19.72%
Calculating       :  19.74%
Calculating       :  19.74%
Calculating       :  19.76%
Calculating       :  19.76%
Calculating       :  19.76%
Calculating       :  19.78%
Calculating       :  19.78%
Calculating       :  19.80%
Calculating       :  19.80%
Calculating       :  19.80%
Calculating       :  19.82%
Calculating       :  19.82%
Calculating       :  19.83%
Calculating       :  19.84%
Calculating       :  19.84%
Calculating       :  19.86%
Calculating       :  19.86%
Calculating       :  19.86%
Calculating       :  19.88%
Calculating       :  19.88%
Calculating       :  19.89%
Calculating       :  19.89%
Calculating       :  19.89%
Calculating       :  19.91%
Calculating       :  19.91%
Calculating       :  19.93%
Calculating       :  19.93%
Calculating       :  19.93%
Calculating       :  19.95%
Calculating       :  19.95%
Calculating       :  19.97%
Calculating       :  19.97%
Calculating       :  19.97%
Calculating       :  19.99%
Calculating       :  19.99%
Calculating       :  19.99%
Calculating       :  20.01%
Calculating       :  20.01%
Calculating       :  20.03%
Calculating       :  20.03%
Calculating       :  20.03%
Calculating       :  20.05%
Calculating       :  20.05%
Calculating       :  20.07%
Calculating       :  20.07%
Calculating       :  20.07%
Calculating       :  20.09%
Calculating       :  20.09%
Calculating       :  20.11%
Calculating       :  20.11%
Calculating       :  20.11%
Calculating       :  20.13%
Calculating       :  20.13%
Calculating       :  20.15%
Calculating       :  20.15%
Calculating       :  20.15%
Calculating       :  20.17%
Calculating       :  20.17%
Calculating       :  20.18%
Calculating       :  20.19%
Calculating       :  20.19%
Calculating       :  20.21%
Calculating       :  20.21%
Calculating       :  20.22%
Calculating       :  20.23%
Calculating       :  20.23%
Calculating       :  20.24%
Calculating       :  20.24%
Calculating       :  20.26%
Calculating       :  20.26%
Calculating       :  20.26%
Calculating       :  20.28%
Calculating       :  20.28%
Calculating       :  20.29%
Calculating       :  20.30%
Calculating       :  20.30%
Calculating       :  20.32%
Calculating       :  20.32%
Calculating       :  20.33%
Calculating       :  20.34%
Calculating       :  20.34%
Calculating       :  20.36%
Calculating       :  20.36%
Calculating       :  20.36%
Calculating       :  20.38%
Calculating       :  20.38%
Calculating       :  20.40%
Calculating       :  20.40%
Calculating       :  20.40%
Calculating       :  20.42%
Calculating       :  20.42%
Calculating       :  20.44%
Calculating       :  20.44%
Calculating       :  20.44%
Calculating       :  20.46%
Calculating       :  20.46%
Calculating       :  20.47%
Calculating       :  20.48%
Calculating       :  20.48%
Calculating       :  20.50%
Calculating       :  20.50%
Calculating       :  20.51%
Calculating       :  20.52%
Calculating       :  20.52%
Calculating       :  20.54%
Calculating       :  20.54%
Calculating       :  20.55%
Calculating       :  20.56%
Calculating       :  20.56%
Calculating       :  20.57%
Calculating       :  20.57%
Calculating       :  20.58%
Calculating       :  20.59%
Calculating       :  20.59%
Calculating       :  20.61%
Calculating       :  20.61%
Calculating       :  20.62%
Calculating       :  20.63%
Calculating       :  20.63%
Calculating       :  20.65%
Calculating       :  20.65%
Calculating       :  20.65%
Calculating       :  20.67%
Calculating       :  20.67%
Calculating       :  20.69%
Calculating       :  20.69%
Calculating       :  20.69%
Calculating       :  20.71%
Calculating       :  20.71%
Calculating       :  20.73%
Calculating       :  20.73%
Calculating       :  20.73%
Calculating       :  20.75%
Calculating       :  20.75%
Calculating       :  20.77%
Calculating       :  20.77%
Calculating       :  20.77%
Calculating       :  20.79%
Calculating       :  20.79%
Calculating       :  20.81%
Calculating       :  20.81%
Calculating       :  20.81%
Calculating       :  20.83%
Calculating       :  20.83%
Calculating       :  20.85%
Calculating       :  20.85%
Calculating       :  20.85%
Calculating       :  20.87%
Calculating       :  20.87%
Calculating       :  20.89%
Calculating       :  20.89%
Calculating       :  20.89%
Calculating       :  20.91%
Calculating       :  20.91%
Calculating       :  20.92%
Calculating       :  20.92%
Calculating       :  20.92%
Calculating       :  20.94%
Calculating       :  20.94%
Calculating       :  20.96%
Calculating       :  20.96%
Calculating       :  20.96%
Calculating       :  20.98%
Calculating       :  20.98%
Calculating       :  21.00%
Calculating       :  21.00%
Calculating       :  21.00%
Calculating       :  21.02%
Calculating       :  21.02%
Calculating       :  21.03%
Calculating       :  21.04%
Calculating       :  21.04%
Calculating       :  21.06%
Calculating       :  21.06%
Calculating       :  21.06%
Calculating       :  21.08%
Calculating       :  21.08%
Calculating       :  21.10%
Calculating       :  21.10%
Calculating       :  21.10%
Calculating       :  21.12%
Calculating       :  21.12%
Calculating       :  21.14%
Calculating       :  21.14%
Calculating       :  21.14%
Calculating       :  21.16%
Calculating       :  21.16%
Calculating       :  21.16%
Calculating       :  21.18%
Calculating       :  21.18%
Calculating       :  21.19%
Calculating       :  21.20%
Calculating       :  21.20%
Calculating       :  21.22%
Calculating       :  21.22%
Calculating       :  21.23%
Calculating       :  21.24%
Calculating       :  21.24%
Calculating       :  21.25%
Calculating       :  21.25%
Calculating       :  21.25%
Calculating       :  21.27%
Calculating       :  21.27%
Calculating       :  21.29%
Calculating       :  21.29%
Calculating       :  21.29%
Calculating       :  21.31%
Calculating       :  21.31%
Calculating       :  21.33%
Calculating       :  21.33%
Calculating       :  21.33%
Calculating       :  21.35%
Calculating       :  21.35%
Calculating       :  21.37%
Calculating       :  21.37%
Calculating       :  21.37%
Calculating       :  21.39%
Calculating       :  21.39%
Calculating       :  21.41%
Calculating       :  21.41%
Calculating       :  21.41%
Calculating       :  21.43%
Calculating       :  21.43%
Calculating       :  21.45%
Calculating       :  21.45%
Calculating       :  21.45%
Calculating       :  21.47%
Calculating       :  21.47%
Calculating       :  21.49%
Calculating       :  21.49%
Calculating       :  21.49%
Calculating       :  21.51%
Calculating       :  21.51%
Calculating       :  21.51%
Calculating       :  21.53%
Calculating       :  21.53%
Calculating       :  21.55%
Calculating       :  21.55%
Calculating       :  21.55%
Calculating       :  21.57%
Calculating       :  21.57%
Calculating       :  21.58%
Calculating       :  21.58%
Calculating       :  21.58%
Calculating       :  21.60%
Calculating       :  21.60%
Calculating       :  21.62%
Calculating       :  21.62%
Calculating       :  21.62%
Calculating       :  21.64%
Calculating       :  21.64%
Calculating       :  21.66%
Calculating       :  21.66%
Calculating       :  21.66%
Calculating       :  21.68%
Calculating       :  21.68%
Calculating       :  21.70%
Calculating       :  21.70%
Calculating       :  21.70%
Calculating       :  21.72%
Calculating       :  21.72%
Calculating       :  21.73%
Calculating       :  21.74%
Calculating       :  21.74%
Calculating       :  21.76%
Calculating       :  21.76%
Calculating       :  21.77%
Calculating       :  21.78%
Calculating       :  21.78%
Calculating       :  21.80%
Calculating       :  21.80%
Calculating       :  21.81%
Calculating       :  21.82%
Calculating       :  21.82%
Calculating       :  21.84%
Calculating       :  21.84%
Calculating       :  21.84%
Calculating       :  21.86%
Calculating       :  21.86%
Calculating       :  21.88%
Calculating       :  21.88%
Calculating       :  21.88%
Calculating       :  21.90%
Calculating       :  21.90%
Calculating       :  21.92%
Calculating       :  21.92%
Calculating       :  21.92%
Calculating       :  21.93%
Calculating       :  21.93%
Calculating       :  21.95%
Calculating       :  21.95%
Calculating       :  21.95%
Calculating       :  21.97%
Calculating       :  21.97%
Calculating       :  21.99%
Calculating       :  21.99%
Calculating       :  21.99%
Calculating       :  22.01%
Calculating       :  22.01%
Calculating       :  22.03%
Calculating       :  22.03%
Calculating       :  22.03%
Calculating       :  22.05%
Calculating       :  22.05%
Calculating       :  22.07%
Calculating       :  22.07%
Calculating       :  22.07%
Calculating       :  22.09%
Calculating       :  22.09%
Calculating       :  22.11%
Calculating       :  22.11%
Calculating       :  22.11%
Calculating       :  22.13%
Calculating       :  22.13%
Calculating       :  22.15%
Calculating       :  22.15%
Calculating       :  22.15%
Calculating       :  22.17%
Calculating       :  22.17%
Calculating       :  22.18%
Calculating       :  22.19%
Calculating       :  22.19%
Calculating       :  22.21%
Calculating       :  22.21%
Calculating       :  22.22%
Calculating       :  22.23%
Calculating       :  22.23%
Calculating       :  22.25%
Calculating       :  22.25%
Calculating       :  22.25%
Calculating       :  22.26%
Calculating       :  22.26%
Calculating       :  22.28%
Calculating       :  22.28%
Calculating       :  22.28%
Calculating       :  22.30%
Calculating       :  22.30%
Calculating       :  22.32%
Calculating       :  22.32%
Calculating       :  22.32%
Calculating       :  22.34%
Calculating       :  22.34%
Calculating       :  22.36%
Calculating       :  22.36%
Calculating       :  22.36%
Calculating       :  22.38%
Calculating       :  22.38%
Calculating       :  22.39%
Calculating       :  22.40%
Calculating       :  22.40%
Calculating       :  22.42%
Calculating       :  22.42%
Calculating       :  22.42%
Calculating       :  22.44%
Calculating       :  22.44%
Calculating       :  22.46%
Calculating       :  22.46%
Calculating       :  22.46%
Calculating       :  22.48%
Calculating       :  22.48%
Calculating       :  22.50%
Calculating       :  22.50%
Calculating       :  22.50%
Calculating       :  22.52%
Calculating       :  22.52%
Calculating       :  22.54%
Calculating       :  22.54%
Calculating       :  22.54%
Calculating       :  22.56%
Calculating       :  22.56%
Calculating       :  22.58%
Calculating       :  22.58%
Calculating       :  22.58%
Calculating       :  22.60%
Calculating       :  22.60%
Calculating       :  22.61%
Calculating       :  22.61%
Calculating       :  22.61%
Calculating       :  22.63%
Calculating       :  22.63%
Calculating       :  22.65%
Calculating       :  22.65%
Calculating       :  22.65%
Calculating       :  22.67%
Calculating       :  22.67%
Calculating       :  22.68%
Calculating       :  22.69%
Calculating       :  22.69%
Calculating       :  22.71%
Calculating       :  22.71%
Calculating       :  22.72%
Calculating       :  22.73%
Calculating       :  22.73%
Calculating       :  22.75%
Calculating       :  22.75%
Calculating       :  22.75%
Calculating       :  22.77%
Calculating       :  22.77%
Calculating       :  22.79%
Calculating       :  22.79%
Calculating       :  22.79%
Calculating       :  22.81%
Calculating       :  22.81%
Calculating       :  22.83%
Calculating       :  22.83%
Calculating       :  22.83%
Calculating       :  22.85%
Calculating       :  22.85%
Calculating       :  22.87%
Calculating       :  22.87%
Calculating       :  22.87%
Calculating       :  22.89%
Calculating       :  22.89%
Calculating       :  22.90%
Calculating       :  22.91%
Calculating       :  22.91%
Calculating       :  22.93%
Calculating       :  22.93%
Calculating       :  22.93%
Calculating       :  22.94%
Calculating       :  22.94%
Calculating       :  22.96%
Calculating       :  22.96%
Calculating       :  22.97%
Calculating       :  22.98%
Calculating       :  22.98%
Calculating       :  23.00%
Calculating       :  23.00%
Calculating       :  23.00%
Calculating       :  23.02%
Calculating       :  23.02%
Calculating       :  23.04%
Calculating       :  23.04%
Calculating       :  23.04%
Calculating       :  23.06%
Calculating       :  23.06%
Calculating       :  23.08%
Calculating       :  23.08%
Calculating       :  23.08%
Calculating       :  23.10%
Calculating       :  23.10%
Calculating       :  23.10%
Calculating       :  23.12%
Calculating       :  23.12%
Calculating       :  23.14%
Calculating       :  23.14%
Calculating       :  23.14%
Calculating       :  23.16%
Calculating       :  23.16%
Calculating       :  23.18%
Calculating       :  23.18%
Calculating       :  23.18%
Calculating       :  23.20%
Calculating       :  23.20%
Calculating       :  23.21%
Calculating       :  23.22%
Calculating       :  23.22%
Calculating       :  23.24%
Calculating       :  23.24%
Calculating       :  23.25%
Calculating       :  23.26%
Calculating       :  23.26%
Calculating       :  23.27%
Calculating       :  23.27%
Calculating       :  23.28%
Calculating       :  23.29%
Calculating       :  23.29%
Calculating       :  23.31%
Calculating       :  23.31%
Calculating       :  23.32%
Calculating       :  23.33%
Calculating       :  23.33%
Calculating       :  23.35%
Calculating       :  23.35%
Calculating       :  23.35%
Calculating       :  23.37%
Calculating       :  23.37%
Calculating       :  23.39%
Calculating       :  23.39%
Calculating       :  23.39%
Calculating       :  23.41%
Calculating       :  23.41%
Calculating       :  23.42%
Calculating       :  23.43%
Calculating       :  23.43%
Calculating       :  23.45%
Calculating       :  23.45%
Calculating       :  23.45%
Calculating       :  23.47%
Calculating       :  23.47%
Calculating       :  23.49%
Calculating       :  23.49%
Calculating       :  23.49%
Calculating       :  23.51%
Calculating       :  23.51%
Calculating       :  23.53%
Calculating       :  23.53%
Calculating       :  23.53%
Calculating       :  23.55%
Calculating       :  23.55%
Calculating       :  23.56%
Calculating       :  23.57%
Calculating       :  23.57%
Calculating       :  23.59%
Calculating       :  23.59%
Calculating       :  23.59%
Calculating       :  23.61%
Calculating       :  23.61%
Calculating       :  23.62%
Calculating       :  23.62%
Calculating       :  23.62%
Calculating       :  23.64%
Calculating       :  23.64%
Calculating       :  23.66%
Calculating       :  23.66%
Calculating       :  23.66%
Calculating       :  23.68%
Calculating       :  23.68%
Calculating       :  23.70%
Calculating       :  23.70%
Calculating       :  23.70%
Calculating       :  23.72%
Calculating       :  23.72%
Calculating       :  23.74%
Calculating       :  23.74%
Calculating       :  23.74%
Calculating       :  23.76%
Calculating       :  23.76%
Calculating       :  23.78%
Calculating       :  23.78%
Calculating       :  23.78%
Calculating       :  23.80%
Calculating       :  23.80%
Calculating       :  23.82%
Calculating       :  23.82%
Calculating       :  23.82%
Calculating       :  23.84%
Calculating       :  23.84%
Calculating       :  23.86%
Calculating       :  23.86%
Calculating       :  23.86%
Calculating       :  23.88%
Calculating       :  23.88%
Calculating       :  23.90%
Calculating       :  23.90%
Calculating       :  23.90%
Calculating       :  23.92%
Calculating       :  23.92%
Calculating       :  23.93%
Calculating       :  23.94%
Calculating       :  23.94%
Calculating       :  23.95%
Calculating       :  23.95%
Calculating       :  23.97%
Calculating       :  23.97%
Calculating       :  23.97%
Calculating       :  23.99%
Calculating       :  23.99%
Calculating       :  24.00%
Calculating       :  24.01%
Calculating       :  24.01%
Calculating       :  24.03%
Calculating       :  24.03%
Calculating       :  24.03%
Calculating       :  24.05%
Calculating       :  24.05%
Calculating       :  24.07%
Calculating       :  24.07%
Calculating       :  24.07%
Calculating       :  24.09%
Calculating       :  24.09%
Calculating       :  24.11%
Calculating       :  24.11%
Calculating       :  24.11%
Calculating       :  24.13%
Calculating       :  24.13%
Calculating       :  24.14%
Calculating       :  24.15%
Calculating       :  24.15%
Calculating       :  24.17%
Calculating       :  24.17%
Calculating       :  24.18%
Calculating       :  24.19%
Calculating       :  24.19%
Calculating       :  24.21%
Calculating       :  24.21%
Calculating       :  24.22%
Calculating       :  24.23%
Calculating       :  24.23%
Calculating       :  24.25%
Calculating       :  24.25%
Calculating       :  24.25%
Calculating       :  24.27%
Calculating       :  24.27%
Calculating       :  24.29%
Calculating       :  24.29%
Calculating       :  24.29%
Calculating       :  24.30%
Calculating       :  24.30%
Calculating       :  24.32%
Calculating       :  24.32%
Calculating       :  24.32%
Calculating       :  24.34%
Calculating       :  24.34%
Calculating       :  24.36%
Calculating       :  24.36%
Calculating       :  24.36%
Calculating       :  24.38%
Calculating       :  24.38%
Calculating       :  24.39%
Calculating       :  24.40%
Calculating       :  24.40%
Calculating       :  24.42%
Calculating       :  24.42%
Calculating       :  24.42%
Calculating       :  24.44%
Calculating       :  24.44%
Calculating       :  24.46%
Calculating       :  24.46%
Calculating       :  24.46%
Calculating       :  24.48%
Calculating       :  24.48%
Calculating       :  24.50%
Calculating       :  24.50%
Calculating       :  24.50%
Calculating       :  24.52%
Calculating       :  24.52%
Calculating       :  24.53%
Calculating       :  24.54%
Calculating       :  24.54%
Calculating       :  24.56%
Calculating       :  24.56%
Calculating       :  24.57%
Calculating       :  24.58%
Calculating       :  24.58%
Calculating       :  24.60%
Calculating       :  24.60%
Calculating       :  24.60%
Calculating       :  24.62%
Calculating       :  24.62%
Calculating       :  24.63%
Calculating       :  24.63%
Calculating       :  24.63%
Calculating       :  24.65%
Calculating       :  24.65%
Calculating       :  24.67%
Calculating       :  24.67%
Calculating       :  24.67%
Calculating       :  24.69%
Calculating       :  24.69%
Calculating       :  24.71%
Calculating       :  24.71%
Calculating       :  24.71%
Calculating       :  24.73%
Calculating       :  24.73%
Calculating       :  24.75%
Calculating       :  24.75%
Calculating       :  24.75%
Calculating       :  24.77%
Calculating       :  24.77%
Calculating       :  24.79%
Calculating       :  24.79%
Calculating       :  24.79%
Calculating       :  24.81%
Calculating       :  24.81%
Calculating       :  24.83%
Calculating       :  24.83%
Calculating       :  24.83%
Calculating       :  24.85%
Calculating       :  24.85%
Calculating       :  24.85%
Calculating       :  24.87%
Calculating       :  24.87%
Calculating       :  24.89%
Calculating       :  24.89%
Calculating       :  24.89%
Calculating       :  24.91%
Calculating       :  24.91%
Calculating       :  24.93%
Calculating       :  24.93%
Calculating       :  24.93%
Calculating       :  24.95%
Calculating       :  24.95%
Calculating       :  24.96%
Calculating       :  24.96%
Calculating       :  24.96%
Calculating       :  24.98%
Calculating       :  24.98%
Calculating       :  25.00%
Calculating       :  25.00%
Calculating       :  25.00%
Calculating       :  25.02%
Calculating       :  25.02%
Calculating       :  25.04%
Calculating       :  25.04%
Calculating       :  25.04%
Calculating       :  25.06%
Calculating       :  25.06%
Calculating       :  25.08%
Calculating       :  25.08%
Calculating       :  25.08%
Calculating       :  25.10%
Calculating       :  25.10%
Calculating       :  25.12%
Calculating       :  25.12%
Calculating       :  25.12%
Calculating       :  25.14%
Calculating       :  25.14%
Calculating       :  25.15%
Calculating       :  25.16%
Calculating       :  25.16%
Calculating       :  25.18%
Calculating       :  25.18%
Calculating       :  25.18%
Calculating       :  25.20%
Calculating       :  25.20%
Calculating       :  25.22%
Calculating       :  25.22%
Calculating       :  25.22%
Calculating       :  25.24%
Calculating       :  25.24%
Calculating       :  25.26%
Calculating       :  25.26%
Calculating       :  25.26%
Calculating       :  25.28%
Calculating       :  25.28%
Calculating       :  25.30%
Calculating       :  25.30%
Calculating       :  25.30%
Calculating       :  25.31%
Calculating       :  25.31%
Calculating       :  25.33%
Calculating       :  25.33%
Calculating       :  25.33%
Calculating       :  25.35%
Calculating       :  25.35%
Calculating       :  25.37%
Calculating       :  25.37%
Calculating       :  25.37%
Calculating       :  25.39%
Calculating       :  25.39%
Calculating       :  25.41%
Calculating       :  25.41%
Calculating       :  25.41%
Calculating       :  25.43%
Calculating       :  25.43%
Calculating       :  25.45%
Calculating       :  25.45%
Calculating       :  25.45%
Calculating       :  25.47%
Calculating       :  25.47%
Calculating       :  25.47%
Calculating       :  25.49%
Calculating       :  25.49%
Calculating       :  25.51%
Calculating       :  25.51%
Calculating       :  25.51%
Calculating       :  25.53%
Calculating       :  25.53%
Calculating       :  25.55%
Calculating       :  25.55%
Calculating       :  25.55%
Calculating       :  25.57%
Calculating       :  25.57%
Calculating       :  25.58%
Calculating       :  25.59%
Calculating       :  25.59%
Calculating       :  25.61%
Calculating       :  25.61%
Calculating       :  25.61%
Calculating       :  25.63%
Calculating       :  25.63%
Calculating       :  25.64%
Calculating       :  25.64%
Calculating       :  25.64%
Calculating       :  25.66%
Calculating       :  25.66%
Calculating       :  25.68%
Calculating       :  25.68%
Calculating       :  25.68%
Calculating       :  25.70%
Calculating       :  25.70%
Calculating       :  25.72%
Calculating       :  25.72%
Calculating       :  25.72%
Calculating       :  25.74%
Calculating       :  25.74%
Calculating       :  25.76%
Calculating       :  25.76%
Calculating       :  25.76%
Calculating       :  25.78%
Calculating       :  25.78%
Calculating       :  25.80%
Calculating       :  25.80%
Calculating       :  25.80%
Calculating       :  25.82%
Calculating       :  25.82%
Calculating       :  25.84%
Calculating       :  25.84%
Calculating       :  25.84%
Calculating       :  25.86%
Calculating       :  25.86%
Calculating       :  25.86%
Calculating       :  25.88%
Calculating       :  25.88%
Calculating       :  25.90%
Calculating       :  25.90%
Calculating       :  25.90%
Calculating       :  25.92%
Calculating       :  25.92%
Calculating       :  25.94%
Calculating       :  25.94%
Calculating       :  25.94%
Calculating       :  25.96%
Calculating       :  25.96%
Calculating       :  25.97%
Calculating       :  25.98%
Calculating       :  25.98%
Calculating       :  25.99%
Calculating       :  25.99%
Calculating       :  26.01%
Calculating       :  26.01%
Calculating       :  26.01%
Calculating       :  26.03%
Calculating       :  26.03%
Calculating       :  26.03%
Calculating       :  26.05%
Calculating       :  26.05%
Calculating       :  26.07%
Calculating       :  26.07%
Calculating       :  26.07%
Calculating       :  26.09%
Calculating       :  26.09%
Calculating       :  26.11%
Calculating       :  26.11%
Calculating       :  26.11%
Calculating       :  26.13%
Calculating       :  26.13%
Calculating       :  26.15%
Calculating       :  26.15%
Calculating       :  26.15%
Calculating       :  26.17%
Calculating       :  26.17%
Calculating       :  26.18%
Calculating       :  26.19%
Calculating       :  26.19%
Calculating       :  26.21%
Calculating       :  26.21%
Calculating       :  26.22%
Calculating       :  26.23%
Calculating       :  26.23%
Calculating       :  26.25%
Calculating       :  26.25%
Calculating       :  26.25%
Calculating       :  26.27%
Calculating       :  26.27%
Calculating       :  26.29%
Calculating       :  26.29%
Calculating       :  26.29%
Calculating       :  26.31%
Calculating       :  26.31%
Calculating       :  26.32%
Calculating       :  26.32%
Calculating       :  26.32%
Calculating       :  26.34%
Calculating       :  26.34%
Calculating       :  26.36%
Calculating       :  26.36%
Calculating       :  26.36%
Calculating       :  26.38%
Calculating       :  26.38%
Calculating       :  26.40%
Calculating       :  26.40%
Calculating       :  26.40%
Calculating       :  26.42%
Calculating       :  26.42%
Calculating       :  26.44%
Calculating       :  26.44%
Calculating       :  26.44%
Calculating       :  26.46%
Calculating       :  26.46%
Calculating       :  26.48%
Calculating       :  26.48%
Calculating       :  26.48%
Calculating       :  26.50%
Calculating       :  26.50%
Calculating       :  26.51%
Calculating       :  26.52%
Calculating       :  26.52%
Calculating       :  26.54%
Calculating       :  26.54%
Calculating       :  26.55%
Calculating       :  26.56%
Calculating       :  26.56%
Calculating       :  26.58%
Calculating       :  26.58%
Calculating       :  26.58%
Calculating       :  26.60%
Calculating       :  26.60%
Calculating       :  26.62%
Calculating       :  26.62%
Calculating       :  26.62%
Calculating       :  26.64%
Calculating       :  26.64%
Calculating       :  26.65%
Calculating       :  26.65%
Calculating       :  26.65%
Calculating       :  26.67%
Calculating       :  26.67%
Calculating       :  26.69%
Calculating       :  26.69%
Calculating       :  26.69%
Calculating       :  26.71%
Calculating       :  26.71%
Calculating       :  26.73%
Calculating       :  26.73%
Calculating       :  26.73%
Calculating       :  26.75%
Calculating       :  26.75%
Calculating       :  26.76%
Calculating       :  26.77%
Calculating       :  26.77%
Calculating       :  26.79%
Calculating       :  26.79%
Calculating       :  26.80%
Calculating       :  26.81%
Calculating       :  26.81%
Calculating       :  26.83%
Calculating       :  26.83%
Calculating       :  26.83%
Calculating       :  26.85%
Calculating       :  26.85%
Calculating       :  26.87%
Calculating       :  26.87%
Calculating       :  26.87%
Calculating       :  26.89%
Calculating       :  26.89%
Calculating       :  26.91%
Calculating       :  26.91%
Calculating       :  26.91%
Calculating       :  26.93%
Calculating       :  26.93%
Calculating       :  26.93%
Calculating       :  26.95%
Calculating       :  26.95%
Calculating       :  26.97%
Calculating       :  26.97%
Calculating       :  26.97%
Calculating       :  26.99%
Calculating       :  26.99%
Calculating       :  27.00%
Calculating       :  27.00%
Calculating       :  27.00%
Calculating       :  27.02%
Calculating       :  27.02%
Calculating       :  27.04%
Calculating       :  27.04%
Calculating       :  27.04%
Calculating       :  27.06%
Calculating       :  27.06%
Calculating       :  27.08%
Calculating       :  27.08%
Calculating       :  27.08%
Calculating       :  27.10%
Calculating       :  27.10%
Calculating       :  27.10%
Calculating       :  27.12%
Calculating       :  27.12%
Calculating       :  27.14%
Calculating       :  27.14%
Calculating       :  27.14%
Calculating       :  27.16%
Calculating       :  27.16%
Calculating       :  27.18%
Calculating       :  27.18%
Calculating       :  27.18%
Calculating       :  27.20%
Calculating       :  27.20%
Calculating       :  27.22%
Calculating       :  27.22%
Calculating       :  27.22%
Calculating       :  27.24%
Calculating       :  27.24%
Calculating       :  27.26%
Calculating       :  27.26%
Calculating       :  27.26%
Calculating       :  27.28%
Calculating       :  27.28%
Calculating       :  27.30%
Calculating       :  27.30%
Calculating       :  27.30%
Calculating       :  27.32%
Calculating       :  27.32%
Calculating       :  27.33%
Calculating       :  27.33%
Calculating       :  27.33%
Calculating       :  27.35%
Calculating       :  27.35%
Calculating       :  27.37%
Calculating       :  27.37%
Calculating       :  27.37%
Calculating       :  27.39%
Calculating       :  27.39%
Calculating       :  27.40%
Calculating       :  27.41%
Calculating       :  27.41%
Calculating       :  27.43%
Calculating       :  27.43%
Calculating       :  27.43%
Calculating       :  27.45%
Calculating       :  27.45%
Calculating       :  27.47%
Calculating       :  27.47%
Calculating       :  27.47%
Calculating       :  27.49%
Calculating       :  27.49%
Calculating       :  27.51%
Calculating       :  27.51%
Calculating       :  27.51%
Calculating       :  27.53%
Calculating       :  27.53%
Calculating       :  27.54%
Calculating       :  27.55%
Calculating       :  27.55%
Calculating       :  27.57%
Calculating       :  27.57%
Calculating       :  27.57%
Calculating       :  27.59%
Calculating       :  27.59%
Calculating       :  27.61%
Calculating       :  27.61%
Calculating       :  27.61%
Calculating       :  27.63%
Calculating       :  27.63%
Calculating       :  27.65%
Calculating       :  27.65%
Calculating       :  27.65%
Calculating       :  27.67%
Calculating       :  27.67%
Calculating       :  27.68%
Calculating       :  27.68%
Calculating       :  27.68%
Calculating       :  27.70%
Calculating       :  27.70%
Calculating       :  27.72%
Calculating       :  27.72%
Calculating       :  27.72%
Calculating       :  27.74%
Calculating       :  27.74%
Calculating       :  27.75%
Calculating       :  27.76%
Calculating       :  27.76%
Calculating       :  27.78%
Calculating       :  27.78%
Calculating       :  27.79%
Calculating       :  27.80%
Calculating       :  27.80%
Calculating       :  27.82%
Calculating       :  27.82%
Calculating       :  27.82%
Calculating       :  27.84%
Calculating       :  27.84%
Calculating       :  27.86%
Calculating       :  27.86%
Calculating       :  27.86%
Calculating       :  27.88%
Calculating       :  27.88%
Calculating       :  27.90%
Calculating       :  27.90%
Calculating       :  27.90%
Calculating       :  27.92%
Calculating       :  27.92%
Calculating       :  27.93%
Calculating       :  27.94%
Calculating       :  27.94%
Calculating       :  27.96%
Calculating       :  27.96%
Calculating       :  27.96%
Calculating       :  27.98%
Calculating       :  27.98%
Calculating       :  28.00%
Calculating       :  28.00%
Calculating       :  28.01%
Calculating       :  28.01%
Calculating       :  28.01%
Calculating       :  28.03%
Calculating       :  28.03%
Calculating       :  28.04%
Calculating       :  28.05%
Calculating       :  28.05%
Calculating       :  28.07%
Calculating       :  28.07%
Calculating       :  28.07%
Calculating       :  28.09%
Calculating       :  28.09%
Calculating       :  28.11%
Calculating       :  28.11%
Calculating       :  28.11%
Calculating       :  28.13%
Calculating       :  28.13%
Calculating       :  28.15%
Calculating       :  28.15%
Calculating       :  28.15%
Calculating       :  28.17%
Calculating       :  28.17%
Calculating       :  28.19%
Calculating       :  28.19%
Calculating       :  28.19%
Calculating       :  28.21%
Calculating       :  28.21%
Calculating       :  28.23%
Calculating       :  28.23%
Calculating       :  28.23%
Calculating       :  28.25%
Calculating       :  28.25%
Calculating       :  28.26%
Calculating       :  28.27%
Calculating       :  28.27%
Calculating       :  28.29%
Calculating       :  28.29%
Calculating       :  28.30%
Calculating       :  28.31%
Calculating       :  28.31%
Calculating       :  28.33%
Calculating       :  28.33%
Calculating       :  28.34%
Calculating       :  28.34%
Calculating       :  28.34%
Calculating       :  28.36%
Calculating       :  28.36%
Calculating       :  28.38%
Calculating       :  28.38%
Calculating       :  28.38%
Calculating       :  28.40%
Calculating       :  28.40%
Calculating       :  28.41%
Calculating       :  28.42%
Calculating       :  28.42%
Calculating       :  28.44%
Calculating       :  28.44%
Calculating       :  28.44%
Calculating       :  28.46%
Calculating       :  28.46%
Calculating       :  28.48%
Calculating       :  28.48%
Calculating       :  28.48%
Calculating       :  28.50%
Calculating       :  28.50%
Calculating       :  28.52%
Calculating       :  28.52%
Calculating       :  28.52%
Calculating       :  28.54%
Calculating       :  28.54%
Calculating       :  28.56%
Calculating       :  28.56%
Calculating       :  28.56%
Calculating       :  28.58%
Calculating       :  28.58%
Calculating       :  28.60%
Calculating       :  28.60%
Calculating       :  28.60%
Calculating       :  28.62%
Calculating       :  28.62%
Calculating       :  28.64%
Calculating       :  28.64%
Calculating       :  28.64%
Calculating       :  28.66%
Calculating       :  28.66%
Calculating       :  28.67%
Calculating       :  28.68%
Calculating       :  28.68%
Calculating       :  28.69%
Calculating       :  28.69%
Calculating       :  28.70%
Calculating       :  28.71%
Calculating       :  28.71%
Calculating       :  28.73%
Calculating       :  28.73%
Calculating       :  28.74%
Calculating       :  28.75%
Calculating       :  28.75%
Calculating       :  28.77%
Calculating       :  28.77%
Calculating       :  28.77%
Calculating       :  28.79%
Calculating       :  28.79%
Calculating       :  28.81%
Calculating       :  28.81%
Calculating       :  28.81%
Calculating       :  28.83%
Calculating       :  28.83%
Calculating       :  28.85%
Calculating       :  28.85%
Calculating       :  28.85%
Calculating       :  28.87%
Calculating       :  28.87%
Calculating       :  28.89%
Calculating       :  28.89%
Calculating       :  28.89%
Calculating       :  28.91%
Calculating       :  28.91%
Calculating       :  28.93%
Calculating       :  28.93%
Calculating       :  28.93%
Calculating       :  28.95%
Calculating       :  28.95%
Calculating       :  28.96%
Calculating       :  28.97%
Calculating       :  28.97%
Calculating       :  28.99%
Calculating       :  28.99%
Calculating       :  29.00%
Calculating       :  29.01%
Calculating       :  29.01%
Calculating       :  29.02%
Calculating       :  29.02%
Calculating       :  29.03%
Calculating       :  29.04%
Calculating       :  29.04%
Calculating       :  29.06%
Calculating       :  29.06%
Calculating       :  29.07%
Calculating       :  29.08%
Calculating       :  29.08%
Calculating       :  29.10%
Calculating       :  29.10%
Calculating       :  29.10%
Calculating       :  29.12%
Calculating       :  29.12%
Calculating       :  29.14%
Calculating       :  29.14%
Calculating       :  29.14%
Calculating       :  29.16%
Calculating       :  29.16%
Calculating       :  29.18%
Calculating       :  29.18%
Calculating       :  29.18%
Calculating       :  29.20%
Calculating       :  29.20%
Calculating       :  29.22%
Calculating       :  29.22%
Calculating       :  29.22%
Calculating       :  29.24%
Calculating       :  29.24%
Calculating       :  29.25%
Calculating       :  29.26%
Calculating       :  29.26%
Calculating       :  29.28%
Calculating       :  29.28%
Calculating       :  29.28%
Calculating       :  29.30%
Calculating       :  29.30%
Calculating       :  29.32%
Calculating       :  29.32%
Calculating       :  29.32%
Calculating       :  29.34%
Calculating       :  29.34%
Calculating       :  29.36%
Calculating       :  29.36%
Calculating       :  29.36%
Calculating       :  29.37%
Calculating       :  29.37%
Calculating       :  29.39%
Calculating       :  29.39%
Calculating       :  29.39%
Calculating       :  29.41%
Calculating       :  29.41%
Calculating       :  29.43%
Calculating       :  29.43%
Calculating       :  29.43%
Calculating       :  29.45%
Calculating       :  29.45%
Calculating       :  29.47%
Calculating       :  29.47%
Calculating       :  29.47%
Calculating       :  29.49%
Calculating       :  29.49%
Calculating       :  29.50%
Calculating       :  29.51%
Calculating       :  29.51%
Calculating       :  29.53%
Calculating       :  29.53%
Calculating       :  29.53%
Calculating       :  29.55%
Calculating       :  29.55%
Calculating       :  29.57%
Calculating       :  29.57%
Calculating       :  29.57%
Calculating       :  29.59%
Calculating       :  29.59%
Calculating       :  29.61%
Calculating       :  29.61%
Calculating       :  29.61%
Calculating       :  29.63%
Calculating       :  29.63%
Calculating       :  29.65%
Calculating       :  29.65%
Calculating       :  29.65%
Calculating       :  29.67%
Calculating       :  29.67%
Calculating       :  29.69%
Calculating       :  29.69%
Calculating       :  29.69%
Calculating       :  29.70%
Calculating       :  29.70%
Calculating       :  29.72%
Calculating       :  29.72%
Calculating       :  29.72%
Calculating       :  29.74%
Calculating       :  29.74%
Calculating       :  29.76%
Calculating       :  29.76%
Calculating       :  29.76%
Calculating       :  29.78%
Calculating       :  29.78%
Calculating       :  29.79%
Calculating       :  29.80%
Calculating       :  29.80%
Calculating       :  29.82%
Calculating       :  29.82%
Calculating       :  29.82%
Calculating       :  29.84%
Calculating       :  29.84%
Calculating       :  29.86%
Calculating       :  29.86%
Calculating       :  29.86%
Calculating       :  29.88%
Calculating       :  29.88%
Calculating       :  29.90%
Calculating       :  29.90%
Calculating       :  29.90%
Calculating       :  29.92%
Calculating       :  29.92%
Calculating       :  29.94%
Calculating       :  29.94%
Calculating       :  29.94%
Calculating       :  29.96%
Calculating       :  29.96%
Calculating       :  29.98%
Calculating       :  29.98%
Calculating       :  29.98%
Calculating       :  30.00%
Calculating       :  30.00%
Calculating       :  30.02%
Calculating       :  30.02%
Calculating       :  30.02%
Calculating       :  30.04%
Calculating       :  30.04%
Calculating       :  30.05%
Calculating       :  30.05%
Calculating       :  30.05%
Calculating       :  30.07%
Calculating       :  30.07%
Calculating       :  30.09%
Calculating       :  30.09%
Calculating       :  30.09%
Calculating       :  30.11%
Calculating       :  30.11%
Calculating       :  30.13%
Calculating       :  30.13%
Calculating       :  30.13%
Calculating       :  30.15%
Calculating       :  30.15%
Calculating       :  30.16%
Calculating       :  30.17%
Calculating       :  30.17%
Calculating       :  30.19%
Calculating       :  30.19%
Calculating       :  30.19%
Calculating       :  30.21%
Calculating       :  30.21%
Calculating       :  30.23%
Calculating       :  30.23%
Calculating       :  30.23%
Calculating       :  30.25%
Calculating       :  30.25%
Calculating       :  30.27%
Calculating       :  30.27%
Calculating       :  30.27%
Calculating       :  30.29%
Calculating       :  30.29%
Calculating       :  30.31%
Calculating       :  30.31%
Calculating       :  30.31%
Calculating       :  30.33%
Calculating       :  30.33%
Calculating       :  30.33%
Calculating       :  30.35%
Calculating       :  30.35%
Calculating       :  30.36%
Calculating       :  30.37%
Calculating       :  30.37%
Calculating       :  30.38%
Calculating       :  30.38%
Calculating       :  30.40%
Calculating       :  30.40%
Calculating       :  30.40%
Calculating       :  30.42%
Calculating       :  30.42%
Calculating       :  30.42%
Calculating       :  30.44%
Calculating       :  30.44%
Calculating       :  30.46%
Calculating       :  30.46%
Calculating       :  30.46%
Calculating       :  30.48%
Calculating       :  30.48%
Calculating       :  30.50%
Calculating       :  30.50%
Calculating       :  30.50%
Calculating       :  30.52%
Calculating       :  30.52%
Calculating       :  30.54%
Calculating       :  30.54%
Calculating       :  30.54%
Calculating       :  30.56%
Calculating       :  30.56%
Calculating       :  30.58%
Calculating       :  30.58%
Calculating       :  30.58%
Calculating       :  30.60%
Calculating       :  30.60%
Calculating       :  30.61%
Calculating       :  30.62%
Calculating       :  30.62%
Calculating       :  30.64%
Calculating       :  30.64%
Calculating       :  30.64%
Calculating       :  30.66%
Calculating       :  30.66%
Calculating       :  30.68%
Calculating       :  30.68%
Calculating       :  30.68%
Calculating       :  30.70%
Calculating       :  30.70%
Calculating       :  30.71%
Calculating       :  30.71%
Calculating       :  30.71%
Calculating       :  30.73%
Calculating       :  30.73%
Calculating       :  30.75%
Calculating       :  30.75%
Calculating       :  30.75%
Calculating       :  30.77%
Calculating       :  30.77%
Calculating       :  30.79%
Calculating       :  30.79%
Calculating       :  30.79%
Calculating       :  30.81%
Calculating       :  30.81%
Calculating       :  30.83%
Calculating       :  30.83%
Calculating       :  30.83%
Calculating       :  30.85%
Calculating       :  30.85%
Calculating       :  30.87%
Calculating       :  30.87%
Calculating       :  30.87%
Calculating       :  30.89%
Calculating       :  30.89%
Calculating       :  30.91%
Calculating       :  30.91%
Calculating       :  30.91%
Calculating       :  30.93%
Calculating       :  30.93%
Calculating       :  30.94%
Calculating       :  30.95%
Calculating       :  30.95%
Calculating       :  30.97%
Calculating       :  30.97%
Calculating       :  30.98%
Calculating       :  30.99%
Calculating       :  30.99%
Calculating       :  31.01%
Calculating       :  31.01%
Calculating       :  31.01%
Calculating       :  31.03%
Calculating       :  31.03%
Calculating       :  31.05%
Calculating       :  31.05%
Calculating       :  31.05%
Calculating       :  31.06%
Calculating       :  31.06%
Calculating       :  31.08%
Calculating       :  31.08%
Calculating       :  31.08%
Calculating       :  31.10%
Calculating       :  31.10%
Calculating       :  31.12%
Calculating       :  31.12%
Calculating       :  31.12%
Calculating       :  31.14%
Calculating       :  31.14%
Calculating       :  31.16%
Calculating       :  31.16%
Calculating       :  31.16%
Calculating       :  31.18%
Calculating       :  31.18%
Calculating       :  31.19%
Calculating       :  31.20%
Calculating       :  31.20%
Calculating       :  31.22%
Calculating       :  31.22%
Calculating       :  31.23%
Calculating       :  31.24%
Calculating       :  31.24%
Calculating       :  31.26%
Calculating       :  31.26%
Calculating       :  31.26%
Calculating       :  31.28%
Calculating       :  31.28%
Calculating       :  31.30%
Calculating       :  31.30%
Calculating       :  31.30%
Calculating       :  31.32%
Calculating       :  31.32%
Calculating       :  31.34%
Calculating       :  31.34%
Calculating       :  31.34%
Calculating       :  31.36%
Calculating       :  31.36%
Calculating       :  31.38%
Calculating       :  31.38%
Calculating       :  31.38%
Calculating       :  31.39%
Calculating       :  31.39%
Calculating       :  31.41%
Calculating       :  31.41%
Calculating       :  31.41%
Calculating       :  31.43%
Calculating       :  31.43%
Calculating       :  31.45%
Calculating       :  31.45%
Calculating       :  31.45%
Calculating       :  31.47%
Calculating       :  31.47%
Calculating       :  31.49%
Calculating       :  31.49%
Calculating       :  31.49%
Calculating       :  31.51%
Calculating       :  31.51%
Calculating       :  31.53%
Calculating       :  31.53%
Calculating       :  31.53%
Calculating       :  31.55%
Calculating       :  31.55%
Calculating       :  31.57%
Calculating       :  31.57%
Calculating       :  31.57%
Calculating       :  31.59%
Calculating       :  31.59%
Calculating       :  31.59%
Calculating       :  31.61%
Calculating       :  31.61%
Calculating       :  31.63%
Calculating       :  31.63%
Calculating       :  31.63%
Calculating       :  31.65%
Calculating       :  31.65%
Calculating       :  31.67%
Calculating       :  31.67%
Calculating       :  31.67%
Calculating       :  31.69%
Calculating       :  31.69%
Calculating       :  31.71%
Calculating       :  31.71%
Calculating       :  31.71%
Calculating       :  31.73%
Calculating       :  31.73%
Calculating       :  31.74%
Calculating       :  31.74%
Calculating       :  31.74%
Calculating       :  31.76%
Calculating       :  31.76%
Calculating       :  31.78%
Calculating       :  31.78%
Calculating       :  31.78%
Calculating       :  31.80%
Calculating       :  31.80%
Calculating       :  31.81%
Calculating       :  31.82%
Calculating       :  31.82%
Calculating       :  31.84%
Calculating       :  31.84%
Calculating       :  31.85%
Calculating       :  31.86%
Calculating       :  31.86%
Calculating       :  31.88%
Calculating       :  31.88%
Calculating       :  31.88%
Calculating       :  31.90%
Calculating       :  31.90%
Calculating       :  31.92%
Calculating       :  31.92%
Calculating       :  31.92%
Calculating       :  31.94%
Calculating       :  31.94%
Calculating       :  31.96%
Calculating       :  31.96%
Calculating       :  31.96%
Calculating       :  31.98%
Calculating       :  31.98%
Calculating       :  32.00%
Calculating       :  32.00%
Calculating       :  32.00%
Calculating       :  32.02%
Calculating       :  32.02%
Calculating       :  32.04%
Calculating       :  32.04%
Calculating       :  32.04%
Calculating       :  32.06%
Calculating       :  32.06%
Calculating       :  32.07%
Calculating       :  32.07%
Calculating       :  32.07%
Calculating       :  32.09%
Calculating       :  32.09%
Calculating       :  32.11%
Calculating       :  32.11%
Calculating       :  32.11%
Calculating       :  32.13%
Calculating       :  32.13%
Calculating       :  32.15%
Calculating       :  32.15%
Calculating       :  32.15%
Calculating       :  32.17%
Calculating       :  32.17%
Calculating       :  32.18%
Calculating       :  32.19%
Calculating       :  32.19%
Calculating       :  32.21%
Calculating       :  32.21%
Calculating       :  32.21%
Calculating       :  32.23%
Calculating       :  32.23%
Calculating       :  32.25%
Calculating       :  32.25%
Calculating       :  32.25%
Calculating       :  32.27%
Calculating       :  32.27%
Calculating       :  32.27%
Calculating       :  32.29%
Calculating       :  32.29%
Calculating       :  32.31%
Calculating       :  32.31%
Calculating       :  32.31%
Calculating       :  32.33%
Calculating       :  32.33%
Calculating       :  32.35%
Calculating       :  32.35%
Calculating       :  32.35%
Calculating       :  32.37%
Calculating       :  32.37%
Calculating       :  32.39%
Calculating       :  32.39%
Calculating       :  32.39%
Calculating       :  32.40%
Calculating       :  32.40%
Calculating       :  32.42%
Calculating       :  32.42%
Calculating       :  32.42%
Calculating       :  32.44%
Calculating       :  32.44%
Calculating       :  32.46%
Calculating       :  32.46%
Calculating       :  32.46%
Calculating       :  32.48%
Calculating       :  32.48%
Calculating       :  32.49%
Calculating       :  32.50%
Calculating       :  32.50%
Calculating       :  32.52%
Calculating       :  32.52%
Calculating       :  32.53%
Calculating       :  32.54%
Calculating       :  32.54%
Calculating       :  32.56%
Calculating       :  32.56%
Calculating       :  32.56%
Calculating       :  32.58%
Calculating       :  32.58%
Calculating       :  32.60%
Calculating       :  32.60%
Calculating       :  32.60%
Calculating       :  32.62%
Calculating       :  32.62%
Calculating       :  32.62%
Calculating       :  32.64%
Calculating       :  32.64%
Calculating       :  32.65%
Calculating       :  32.66%
Calculating       :  32.66%
Calculating       :  32.68%
Calculating       :  32.68%
Calculating       :  32.68%
Calculating       :  32.70%
Calculating       :  32.70%
Calculating       :  32.70%
Calculating       :  32.72%
Calculating       :  32.72%
Calculating       :  32.74%
Calculating       :  32.74%
Calculating       :  32.74%
Calculating       :  32.75%
Calculating       :  32.75%
Calculating       :  32.77%
Calculating       :  32.77%
Calculating       :  32.77%
Calculating       :  32.79%
Calculating       :  32.79%
Calculating       :  32.81%
Calculating       :  32.81%
Calculating       :  32.81%
Calculating       :  32.83%
Calculating       :  32.83%
Calculating       :  32.85%
Calculating       :  32.85%
Calculating       :  32.85%
Calculating       :  32.87%
Calculating       :  32.87%
Calculating       :  32.89%
Calculating       :  32.89%
Calculating       :  32.89%
Calculating       :  32.91%
Calculating       :  32.91%
Calculating       :  32.92%
Calculating       :  32.93%
Calculating       :  32.93%
Calculating       :  32.95%
Calculating       :  32.95%
Calculating       :  32.95%
Calculating       :  32.97%
Calculating       :  32.97%
Calculating       :  32.99%
Calculating       :  32.99%
Calculating       :  32.99%
Calculating       :  33.01%
Calculating       :  33.01%
Calculating       :  33.03%
Calculating       :  33.03%
Calculating       :  33.03%
Calculating       :  33.05%
Calculating       :  33.05%
Calculating       :  33.07%
Calculating       :  33.07%
Calculating       :  33.07%
Calculating       :  33.08%
Calculating       :  33.08%
Calculating       :  33.10%
Calculating       :  33.10%
Calculating       :  33.10%
Calculating       :  33.12%
Calculating       :  33.12%
Calculating       :  33.14%
Calculating       :  33.14%
Calculating       :  33.14%
Calculating       :  33.16%
Calculating       :  33.16%
Calculating       :  33.18%
Calculating       :  33.18%
Calculating       :  33.18%
Calculating       :  33.20%
Calculating       :  33.20%
Calculating       :  33.22%
Calculating       :  33.22%
Calculating       :  33.22%
Calculating       :  33.24%
Calculating       :  33.24%
Calculating       :  33.24%
Calculating       :  33.26%
Calculating       :  33.26%
Calculating       :  33.28%
Calculating       :  33.28%
Calculating       :  33.28%
Calculating       :  33.30%
Calculating       :  33.30%
Calculating       :  33.32%
Calculating       :  33.32%
Calculating       :  33.32%
Calculating       :  33.34%
Calculating       :  33.34%
Calculating       :  33.36%
Calculating       :  33.36%
Calculating       :  33.36%
Calculating       :  33.38%
Calculating       :  33.38%
Calculating       :  33.40%
Calculating       :  33.40%
Calculating       :  33.40%
Calculating       :  33.42%
Calculating       :  33.42%
Calculating       :  33.43%
Calculating       :  33.43%
Calculating       :  33.43%
Calculating       :  33.45%
Calculating       :  33.45%
Calculating       :  33.47%
Calculating       :  33.47%
Calculating       :  33.47%
Calculating       :  33.49%
Calculating       :  33.49%
Calculating       :  33.51%
Calculating       :  33.51%
Calculating       :  33.51%
Calculating       :  33.53%
Calculating       :  33.53%
Calculating       :  33.55%
Calculating       :  33.55%
Calculating       :  33.55%
Calculating       :  33.57%
Calculating       :  33.57%
Calculating       :  33.59%
Calculating       :  33.59%
Calculating       :  33.59%
Calculating       :  33.61%
Calculating       :  33.61%
Calculating       :  33.63%
Calculating       :  33.63%
Calculating       :  33.63%
Calculating       :  33.65%
Calculating       :  33.65%
Calculating       :  33.66%
Calculating       :  33.67%
Calculating       :  33.67%
Calculating       :  33.69%
Calculating       :  33.69%
Calculating       :  33.70%
Calculating       :  33.71%
Calculating       :  33.71%
Calculating       :  33.73%
Calculating       :  33.73%
Calculating       :  33.73%
Calculating       :  33.75%
Calculating       :  33.75%
Calculating       :  33.76%
Calculating       :  33.76%
Calculating       :  33.77%
Calculating       :  33.78%
Calculating       :  33.78%
Calculating       :  33.80%
Calculating       :  33.80%
Calculating       :  33.80%
Calculating       :  33.82%
Calculating       :  33.82%
Calculating       :  33.84%
Calculating       :  33.84%
Calculating       :  33.84%
Calculating       :  33.86%
Calculating       :  33.86%
Calculating       :  33.88%
Calculating       :  33.88%
Calculating       :  33.88%
Calculating       :  33.90%
Calculating       :  33.90%
Calculating       :  33.92%
Calculating       :  33.92%
Calculating       :  33.92%
Calculating       :  33.94%
Calculating       :  33.94%
Calculating       :  33.96%
Calculating       :  33.96%
Calculating       :  33.96%
Calculating       :  33.98%
Calculating       :  33.98%
Calculating       :  34.00%
Calculating       :  34.00%
Calculating       :  34.00%
Calculating       :  34.02%
Calculating       :  34.02%
Calculating       :  34.03%
Calculating       :  34.04%
Calculating       :  34.04%
Calculating       :  34.06%
Calculating       :  34.06%
Calculating       :  34.07%
Calculating       :  34.08%
Calculating       :  34.08%
Calculating       :  34.09%
Calculating       :  34.09%
Calculating       :  34.11%
Calculating       :  34.11%
Calculating       :  34.11%
Calculating       :  34.13%
Calculating       :  34.13%
Calculating       :  34.14%
Calculating       :  34.15%
Calculating       :  34.15%
Calculating       :  34.17%
Calculating       :  34.17%
Calculating       :  34.17%
Calculating       :  34.19%
Calculating       :  34.19%
Calculating       :  34.21%
Calculating       :  34.21%
Calculating       :  34.21%
Calculating       :  34.23%
Calculating       :  34.23%
Calculating       :  34.25%
Calculating       :  34.25%
Calculating       :  34.25%
Calculating       :  34.27%
Calculating       :  34.27%
Calculating       :  34.29%
Calculating       :  34.29%
Calculating       :  34.29%
Calculating       :  34.31%
Calculating       :  34.31%
Calculating       :  34.33%
Calculating       :  34.33%
Calculating       :  34.33%
Calculating       :  34.35%
Calculating       :  34.35%
Calculating       :  34.37%
Calculating       :  34.37%
Calculating       :  34.37%
Calculating       :  34.39%
Calculating       :  34.39%
Calculating       :  34.40%
Calculating       :  34.41%
Calculating       :  34.41%
Calculating       :  34.43%
Calculating       :  34.43%
Calculating       :  34.43%
Calculating       :  34.44%
Calculating       :  34.44%
Calculating       :  34.46%
Calculating       :  34.46%
Calculating       :  34.46%
Calculating       :  34.48%
Calculating       :  34.48%
Calculating       :  34.50%
Calculating       :  34.50%
Calculating       :  34.50%
Calculating       :  34.52%
Calculating       :  34.52%
Calculating       :  34.54%
Calculating       :  34.54%
Calculating       :  34.54%
Calculating       :  34.56%
Calculating       :  34.56%
Calculating       :  34.58%
Calculating       :  34.58%
Calculating       :  34.58%
Calculating       :  34.60%
Calculating       :  34.60%
Calculating       :  34.62%
Calculating       :  34.62%
Calculating       :  34.62%
Calculating       :  34.64%
Calculating       :  34.64%
Calculating       :  34.66%
Calculating       :  34.66%
Calculating       :  34.66%
Calculating       :  34.68%
Calculating       :  34.68%
Calculating       :  34.69%
Calculating       :  34.70%
Calculating       :  34.70%
Calculating       :  34.72%
Calculating       :  34.72%
Calculating       :  34.73%
Calculating       :  34.74%
Calculating       :  34.74%
Calculating       :  34.76%
Calculating       :  34.76%
Calculating       :  34.76%
Calculating       :  34.77%
Calculating       :  34.77%
Calculating       :  34.79%
Calculating       :  34.79%
Calculating       :  34.79%
Calculating       :  34.81%
Calculating       :  34.81%
Calculating       :  34.83%
Calculating       :  34.83%
Calculating       :  34.83%
Calculating       :  34.85%
Calculating       :  34.85%
Calculating       :  34.87%
Calculating       :  34.87%
Calculating       :  34.87%
Calculating       :  34.89%
Calculating       :  34.89%
Calculating       :  34.91%
Calculating       :  34.91%
Calculating       :  34.91%
Calculating       :  34.93%
Calculating       :  34.93%
Calculating       :  34.95%
Calculating       :  34.95%
Calculating       :  34.95%
Calculating       :  34.97%
Calculating       :  34.97%
Calculating       :  34.98%
Calculating       :  34.99%
Calculating       :  34.99%
Calculating       :  35.01%
Calculating       :  35.01%
Calculating       :  35.02%
Calculating       :  35.03%
Calculating       :  35.03%
Calculating       :  35.05%
Calculating       :  35.05%
Calculating       :  35.06%
Calculating       :  35.07%
Calculating       :  35.07%
Calculating       :  35.09%
Calculating       :  35.09%
Calculating       :  35.09%
Calculating       :  35.11%
Calculating       :  35.11%
Calculating       :  35.12%
Calculating       :  35.12%
Calculating       :  35.13%
Calculating       :  35.14%
Calculating       :  35.14%
Calculating       :  35.16%
Calculating       :  35.16%
Calculating       :  35.16%
Calculating       :  35.18%
Calculating       :  35.18%
Calculating       :  35.20%
Calculating       :  35.20%
Calculating       :  35.20%
Calculating       :  35.22%
Calculating       :  35.22%
Calculating       :  35.24%
Calculating       :  35.24%
Calculating       :  35.24%
Calculating       :  35.26%
Calculating       :  35.26%
Calculating       :  35.28%
Calculating       :  35.28%
Calculating       :  35.28%
Calculating       :  35.30%
Calculating       :  35.30%
Calculating       :  35.32%
Calculating       :  35.32%
Calculating       :  35.32%
Calculating       :  35.34%
Calculating       :  35.34%
Calculating       :  35.35%
Calculating       :  35.36%
Calculating       :  35.36%
Calculating       :  35.38%
Calculating       :  35.38%
Calculating       :  35.38%
Calculating       :  35.40%
Calculating       :  35.40%
Calculating       :  35.42%
Calculating       :  35.42%
Calculating       :  35.42%
Calculating       :  35.44%
Calculating       :  35.44%
Calculating       :  35.45%
Calculating       :  35.45%
Calculating       :  35.45%
Calculating       :  35.47%
Calculating       :  35.47%
Calculating       :  35.49%
Calculating       :  35.49%
Calculating       :  35.49%
Calculating       :  35.51%
Calculating       :  35.51%
Calculating       :  35.53%
Calculating       :  35.53%
Calculating       :  35.53%
Calculating       :  35.55%
Calculating       :  35.55%
Calculating       :  35.57%
Calculating       :  35.57%
Calculating       :  35.57%
Calculating       :  35.59%
Calculating       :  35.59%
Calculating       :  35.61%
Calculating       :  35.61%
Calculating       :  35.61%
Calculating       :  35.63%
Calculating       :  35.63%
Calculating       :  35.65%
Calculating       :  35.65%
Calculating       :  35.65%
Calculating       :  35.67%
Calculating       :  35.67%
Calculating       :  35.68%
Calculating       :  35.69%
Calculating       :  35.69%
Calculating       :  35.71%
Calculating       :  35.71%
Calculating       :  35.72%
Calculating       :  35.73%
Calculating       :  35.73%
Calculating       :  35.75%
Calculating       :  35.75%
Calculating       :  35.75%
Calculating       :  35.77%
Calculating       :  35.77%
Calculating       :  35.78%
Calculating       :  35.78%
Calculating       :  35.78%
Calculating       :  35.80%
Calculating       :  35.80%
Calculating       :  35.82%
Calculating       :  35.82%
Calculating       :  35.82%
Calculating       :  35.84%
Calculating       :  35.84%
Calculating       :  35.86%
Calculating       :  35.86%
Calculating       :  35.86%
Calculating       :  35.88%
Calculating       :  35.88%
Calculating       :  35.89%
Calculating       :  35.90%
Calculating       :  35.90%
Calculating       :  35.92%
Calculating       :  35.92%
Calculating       :  35.92%
Calculating       :  35.94%
Calculating       :  35.94%
Calculating       :  35.96%
Calculating       :  35.96%
Calculating       :  35.96%
Calculating       :  35.98%
Calculating       :  35.98%
Calculating       :  35.99%
Calculating       :  36.00%
Calculating       :  36.00%
Calculating       :  36.02%
Calculating       :  36.02%
Calculating       :  36.02%
Calculating       :  36.04%
Calculating       :  36.04%
Calculating       :  36.06%
Calculating       :  36.06%
Calculating       :  36.06%
Calculating       :  36.08%
Calculating       :  36.08%
Calculating       :  36.10%
Calculating       :  36.10%
Calculating       :  36.10%
Calculating       :  36.12%
Calculating       :  36.12%
Calculating       :  36.13%
Calculating       :  36.13%
Calculating       :  36.13%
Calculating       :  36.15%
Calculating       :  36.15%
Calculating       :  36.17%
Calculating       :  36.17%
Calculating       :  36.17%
Calculating       :  36.19%
Calculating       :  36.19%
Calculating       :  36.20%
Calculating       :  36.21%
Calculating       :  36.21%
Calculating       :  36.23%
Calculating       :  36.23%
Calculating       :  36.24%
Calculating       :  36.25%
Calculating       :  36.25%
Calculating       :  36.27%
Calculating       :  36.27%
Calculating       :  36.27%
Calculating       :  36.29%
Calculating       :  36.29%
Calculating       :  36.31%
Calculating       :  36.31%
Calculating       :  36.31%
Calculating       :  36.33%
Calculating       :  36.33%
Calculating       :  36.35%
Calculating       :  36.35%
Calculating       :  36.35%
Calculating       :  36.37%
Calculating       :  36.37%
Calculating       :  36.39%
Calculating       :  36.39%
Calculating       :  36.39%
Calculating       :  36.41%
Calculating       :  36.41%
Calculating       :  36.42%
Calculating       :  36.43%
Calculating       :  36.43%
Calculating       :  36.45%
Calculating       :  36.45%
Calculating       :  36.46%
Calculating       :  36.46%
Calculating       :  36.46%
Calculating       :  36.48%
Calculating       :  36.48%
Calculating       :  36.50%
Calculating       :  36.50%
Calculating       :  36.50%
Calculating       :  36.52%
Calculating       :  36.52%
Calculating       :  36.53%
Calculating       :  36.54%
Calculating       :  36.54%
Calculating       :  36.56%
Calculating       :  36.56%
Calculating       :  36.56%
Calculating       :  36.58%
Calculating       :  36.58%
Calculating       :  36.60%
Calculating       :  36.60%
Calculating       :  36.60%
Calculating       :  36.62%
Calculating       :  36.62%
Calculating       :  36.64%
Calculating       :  36.64%
Calculating       :  36.64%
Calculating       :  36.66%
Calculating       :  36.66%
Calculating       :  36.67%
Calculating       :  36.68%
Calculating       :  36.68%
Calculating       :  36.70%
Calculating       :  36.70%
Calculating       :  36.71%
Calculating       :  36.72%
Calculating       :  36.72%
Calculating       :  36.74%
Calculating       :  36.74%
Calculating       :  36.74%
Calculating       :  36.76%
Calculating       :  36.76%
Calculating       :  36.78%
Calculating       :  36.78%
Calculating       :  36.78%
Calculating       :  36.80%
Calculating       :  36.80%
Calculating       :  36.81%
Calculating       :  36.81%
Calculating       :  36.81%
Calculating       :  36.83%
Calculating       :  36.83%
Calculating       :  36.85%
Calculating       :  36.85%
Calculating       :  36.85%
Calculating       :  36.87%
Calculating       :  36.87%
Calculating       :  36.89%
Calculating       :  36.89%
Calculating       :  36.89%
Calculating       :  36.91%
Calculating       :  36.91%
Calculating       :  36.93%
Calculating       :  36.93%
Calculating       :  36.93%
Calculating       :  36.95%
Calculating       :  36.95%
Calculating       :  36.97%
Calculating       :  36.97%
Calculating       :  36.97%
Calculating       :  36.99%
Calculating       :  36.99%
Calculating       :  37.01%
Calculating       :  37.01%
Calculating       :  37.01%
Calculating       :  37.03%
Calculating       :  37.03%
Calculating       :  37.04%
Calculating       :  37.05%
Calculating       :  37.05%
Calculating       :  37.07%
Calculating       :  37.07%
Calculating       :  37.07%
Calculating       :  37.09%
Calculating       :  37.09%
Calculating       :  37.11%
Calculating       :  37.11%
Calculating       :  37.11%
Calculating       :  37.13%
Calculating       :  37.13%
Calculating       :  37.14%
Calculating       :  37.14%
Calculating       :  37.14%
Calculating       :  37.16%
Calculating       :  37.16%
Calculating       :  37.18%
Calculating       :  37.18%
Calculating       :  37.18%
Calculating       :  37.20%
Calculating       :  37.20%
Calculating       :  37.21%
Calculating       :  37.22%
Calculating       :  37.22%
Calculating       :  37.24%
Calculating       :  37.24%
Calculating       :  37.25%
Calculating       :  37.26%
Calculating       :  37.26%
Calculating       :  37.28%
Calculating       :  37.28%
Calculating       :  37.28%
Calculating       :  37.30%
Calculating       :  37.30%
Calculating       :  37.32%
Calculating       :  37.32%
Calculating       :  37.32%
Calculating       :  37.34%
Calculating       :  37.34%
Calculating       :  37.36%
Calculating       :  37.36%
Calculating       :  37.36%
Calculating       :  37.38%
Calculating       :  37.38%
Calculating       :  37.40%
Calculating       :  37.40%
Calculating       :  37.40%
Calculating       :  37.42%
Calculating       :  37.42%
Calculating       :  37.44%
Calculating       :  37.44%
Calculating       :  37.44%
Calculating       :  37.46%
Calculating       :  37.46%
Calculating       :  37.47%
Calculating       :  37.48%
Calculating       :  37.48%
Calculating       :  37.49%
Calculating       :  37.49%
Calculating       :  37.51%
Calculating       :  37.51%
Calculating       :  37.51%
Calculating       :  37.53%
Calculating       :  37.53%
Calculating       :  37.55%
Calculating       :  37.55%
Calculating       :  37.55%
Calculating       :  37.57%
Calculating       :  37.57%
Calculating       :  37.59%
Calculating       :  37.59%
Calculating       :  37.59%
Calculating       :  37.61%
Calculating       :  37.61%
Calculating       :  37.61%
Calculating       :  37.63%
Calculating       :  37.63%
Calculating       :  37.65%
Calculating       :  37.65%
Calculating       :  37.65%
Calculating       :  37.67%
Calculating       :  37.67%
Calculating       :  37.69%
Calculating       :  37.69%
Calculating       :  37.69%
Calculating       :  37.71%
Calculating       :  37.71%
Calculating       :  37.73%
Calculating       :  37.73%
Calculating       :  37.73%
Calculating       :  37.75%
Calculating       :  37.75%
Calculating       :  37.77%
Calculating       :  37.77%
Calculating       :  37.77%
Calculating       :  37.79%
Calculating       :  37.79%
Calculating       :  37.80%
Calculating       :  37.81%
Calculating       :  37.81%
Calculating       :  37.82%
Calculating       :  37.82%
Calculating       :  37.83%
Calculating       :  37.84%
Calculating       :  37.84%
Calculating       :  37.86%
Calculating       :  37.86%
Calculating       :  37.86%
Calculating       :  37.88%
Calculating       :  37.88%
Calculating       :  37.90%
Calculating       :  37.90%
Calculating       :  37.90%
Calculating       :  37.92%
Calculating       :  37.92%
Calculating       :  37.94%
Calculating       :  37.94%
Calculating       :  37.94%
Calculating       :  37.96%
Calculating       :  37.96%
Calculating       :  37.97%
Calculating       :  37.98%
Calculating       :  37.98%
Calculating       :  38.00%
Calculating       :  38.00%
Calculating       :  38.00%
Calculating       :  38.02%
Calculating       :  38.02%
Calculating       :  38.04%
Calculating       :  38.04%
Calculating       :  38.04%
Calculating       :  38.06%
Calculating       :  38.06%
Calculating       :  38.08%
Calculating       :  38.08%
Calculating       :  38.08%
Calculating       :  38.10%
Calculating       :  38.10%
Calculating       :  38.12%
Calculating       :  38.12%
Calculating       :  38.12%
Calculating       :  38.14%
Calculating       :  38.14%
Calculating       :  38.15%
Calculating       :  38.15%
Calculating       :  38.15%
Calculating       :  38.17%
Calculating       :  38.17%
Calculating       :  38.19%
Calculating       :  38.19%
Calculating       :  38.19%
Calculating       :  38.21%
Calculating       :  38.21%
Calculating       :  38.23%
Calculating       :  38.23%
Calculating       :  38.23%
Calculating       :  38.25%
Calculating       :  38.25%
Calculating       :  38.27%
Calculating       :  38.27%
Calculating       :  38.27%
Calculating       :  38.29%
Calculating       :  38.29%
Calculating       :  38.29%
Calculating       :  38.31%
Calculating       :  38.31%
Calculating       :  38.33%
Calculating       :  38.33%
Calculating       :  38.33%
Calculating       :  38.35%
Calculating       :  38.35%
Calculating       :  38.35%
Calculating       :  38.37%
Calculating       :  38.37%
Calculating       :  38.39%
Calculating       :  38.39%
Calculating       :  38.39%
Calculating       :  38.41%
Calculating       :  38.41%
Calculating       :  38.43%
Calculating       :  38.43%
Calculating       :  38.43%
Calculating       :  38.45%
Calculating       :  38.45%
Calculating       :  38.45%
Calculating       :  38.47%
Calculating       :  38.47%
Calculating       :  38.49%
Calculating       :  38.49%
Calculating       :  38.49%
Calculating       :  38.50%
Calculating       :  38.50%
Calculating       :  38.52%
Calculating       :  38.52%
Calculating       :  38.52%
Calculating       :  38.54%
Calculating       :  38.54%
Calculating       :  38.56%
Calculating       :  38.56%
Calculating       :  38.56%
Calculating       :  38.58%
Calculating       :  38.58%
Calculating       :  38.60%
Calculating       :  38.60%
Calculating       :  38.60%
Calculating       :  38.62%
Calculating       :  38.62%
Calculating       :  38.64%
Calculating       :  38.64%
Calculating       :  38.64%
Calculating       :  38.66%
Calculating       :  38.66%
Calculating       :  38.68%
Calculating       :  38.68%
Calculating       :  38.68%
Calculating       :  38.70%
Calculating       :  38.70%
Calculating       :  38.72%
Calculating       :  38.72%
Calculating       :  38.72%
Calculating       :  38.74%
Calculating       :  38.74%
Calculating       :  38.75%
Calculating       :  38.76%
Calculating       :  38.76%
Calculating       :  38.78%
Calculating       :  38.78%
Calculating       :  38.78%
Calculating       :  38.80%
Calculating       :  38.80%
Calculating       :  38.82%
Calculating       :  38.82%
Calculating       :  38.82%
Calculating       :  38.83%
Calculating       :  38.83%
Calculating       :  38.85%
Calculating       :  38.85%
Calculating       :  38.85%
Calculating       :  38.87%
Calculating       :  38.87%
Calculating       :  38.89%
Calculating       :  38.89%
Calculating       :  38.89%
Calculating       :  38.91%
Calculating       :  38.91%
Calculating       :  38.93%
Calculating       :  38.93%
Calculating       :  38.93%
Calculating       :  38.95%
Calculating       :  38.95%
Calculating       :  38.97%
Calculating       :  38.97%
Calculating       :  38.97%
Calculating       :  38.99%
Calculating       :  38.99%
Calculating       :  38.99%
Calculating       :  39.01%
Calculating       :  39.01%
Calculating       :  39.03%
Calculating       :  39.03%
Calculating       :  39.03%
Calculating       :  39.05%
Calculating       :  39.05%
Calculating       :  39.07%
Calculating       :  39.07%
Calculating       :  39.07%
Calculating       :  39.09%
Calculating       :  39.09%
Calculating       :  39.11%
Calculating       :  39.11%
Calculating       :  39.11%
Calculating       :  39.13%
Calculating       :  39.13%
Calculating       :  39.14%
Calculating       :  39.15%
Calculating       :  39.15%
Calculating       :  39.17%
Calculating       :  39.17%
Calculating       :  39.18%
Calculating       :  39.18%
Calculating       :  39.18%
Calculating       :  39.20%
Calculating       :  39.20%
Calculating       :  39.22%
Calculating       :  39.22%
Calculating       :  39.22%
Calculating       :  39.24%
Calculating       :  39.24%
Calculating       :  39.24%
Calculating       :  39.26%
Calculating       :  39.26%
Calculating       :  39.28%
Calculating       :  39.28%
Calculating       :  39.28%
Calculating       :  39.30%
Calculating       :  39.30%
Calculating       :  39.32%
Calculating       :  39.32%
Calculating       :  39.32%
Calculating       :  39.34%
Calculating       :  39.34%
Calculating       :  39.35%
Calculating       :  39.36%
Calculating       :  39.36%
Calculating       :  39.38%
Calculating       :  39.38%
Calculating       :  39.38%
Calculating       :  39.40%
Calculating       :  39.40%
Calculating       :  39.42%
Calculating       :  39.42%
Calculating       :  39.42%
Calculating       :  39.44%
Calculating       :  39.44%
Calculating       :  39.46%
Calculating       :  39.46%
Calculating       :  39.46%
Calculating       :  39.48%
Calculating       :  39.48%
Calculating       :  39.50%
Calculating       :  39.50%
Calculating       :  39.50%
Calculating       :  39.51%
Calculating       :  39.51%
Calculating       :  39.53%
Calculating       :  39.53%
Calculating       :  39.53%
Calculating       :  39.55%
Calculating       :  39.55%
Calculating       :  39.57%
Calculating       :  39.57%
Calculating       :  39.57%
Calculating       :  39.59%
Calculating       :  39.59%
Calculating       :  39.61%
Calculating       :  39.61%
Calculating       :  39.61%
Calculating       :  39.63%
Calculating       :  39.63%
Calculating       :  39.65%
Calculating       :  39.65%
Calculating       :  39.65%
Calculating       :  39.67%
Calculating       :  39.67%
Calculating       :  39.67%
Calculating       :  39.69%
Calculating       :  39.69%
Calculating       :  39.71%
Calculating       :  39.71%
Calculating       :  39.71%
Calculating       :  39.73%
Calculating       :  39.73%
Calculating       :  39.75%
Calculating       :  39.75%
Calculating       :  39.75%
Calculating       :  39.77%
Calculating       :  39.77%
Calculating       :  39.79%
Calculating       :  39.79%
Calculating       :  39.79%
Calculating       :  39.81%
Calculating       :  39.81%
Calculating       :  39.82%
Calculating       :  39.83%
Calculating       :  39.83%
Calculating       :  39.84%
Calculating       :  39.84%
Calculating       :  39.86%
Calculating       :  39.86%
Calculating       :  39.86%
Calculating       :  39.88%
Calculating       :  39.88%
Calculating       :  39.90%
Calculating       :  39.90%
Calculating       :  39.90%
Calculating       :  39.92%
Calculating       :  39.92%
Calculating       :  39.93%
Calculating       :  39.94%
Calculating       :  39.94%
Calculating       :  39.96%
Calculating       :  39.96%
Calculating       :  39.96%
Calculating       :  39.98%
Calculating       :  39.98%
Calculating       :  40.00%
Calculating       :  40.00%
Calculating       :  40.00%
Calculating       :  40.02%
Calculating       :  40.02%
Calculating       :  40.04%
Calculating       :  40.04%
Calculating       :  40.04%
Calculating       :  40.06%
Calculating       :  40.06%
Calculating       :  40.06%
Calculating       :  40.08%
Calculating       :  40.08%
Calculating       :  40.10%
Calculating       :  40.10%
Calculating       :  40.10%
Calculating       :  40.12%
Calculating       :  40.12%
Calculating       :  40.14%
Calculating       :  40.14%
Calculating       :  40.14%
Calculating       :  40.16%
Calculating       :  40.16%
Calculating       :  40.18%
Calculating       :  40.18%
Calculating       :  40.18%
Calculating       :  40.19%
Calculating       :  40.19%
Calculating       :  40.21%
Calculating       :  40.21%
Calculating       :  40.21%
Calculating       :  40.23%
Calculating       :  40.23%
Calculating       :  40.25%
Calculating       :  40.25%
Calculating       :  40.25%
Calculating       :  40.27%
Calculating       :  40.27%
Calculating       :  40.29%
Calculating       :  40.29%
Calculating       :  40.29%
Calculating       :  40.31%
Calculating       :  40.31%
Calculating       :  40.32%
Calculating       :  40.33%
Calculating       :  40.33%
Calculating       :  40.35%
Calculating       :  40.35%
Calculating       :  40.35%
Calculating       :  40.37%
Calculating       :  40.37%
Calculating       :  40.39%
Calculating       :  40.39%
Calculating       :  40.39%
Calculating       :  40.41%
Calculating       :  40.41%
Calculating       :  40.41%
Calculating       :  40.43%
Calculating       :  40.43%
Calculating       :  40.45%
Calculating       :  40.45%
Calculating       :  40.45%
Calculating       :  40.47%
Calculating       :  40.47%
Calculating       :  40.49%
Calculating       :  40.49%
Calculating       :  40.49%
Calculating       :  40.51%
Calculating       :  40.51%
Calculating       :  40.52%
Calculating       :  40.52%
Calculating       :  40.52%
Calculating       :  40.54%
Calculating       :  40.54%
Calculating       :  40.56%
Calculating       :  40.56%
Calculating       :  40.56%
Calculating       :  40.58%
Calculating       :  40.58%
Calculating       :  40.60%
Calculating       :  40.60%
Calculating       :  40.60%
Calculating       :  40.62%
Calculating       :  40.62%
Calculating       :  40.64%
Calculating       :  40.64%
Calculating       :  40.64%
Calculating       :  40.66%
Calculating       :  40.66%
Calculating       :  40.68%
Calculating       :  40.68%
Calculating       :  40.68%
Calculating       :  40.70%
Calculating       :  40.70%
Calculating       :  40.72%
Calculating       :  40.72%
Calculating       :  40.72%
Calculating       :  40.74%
Calculating       :  40.74%
Calculating       :  40.76%
Calculating       :  40.76%
Calculating       :  40.76%
Calculating       :  40.78%
Calculating       :  40.78%
Calculating       :  40.79%
Calculating       :  40.80%
Calculating       :  40.80%
Calculating       :  40.82%
Calculating       :  40.82%
Calculating       :  40.82%
Calculating       :  40.84%
Calculating       :  40.84%
Calculating       :  40.86%
Calculating       :  40.86%
Calculating       :  40.86%
Calculating       :  40.87%
Calculating       :  40.87%
Calculating       :  40.89%
Calculating       :  40.89%
Calculating       :  40.90%
Calculating       :  40.91%
Calculating       :  40.91%
Calculating       :  40.93%
Calculating       :  40.93%
Calculating       :  40.94%
Calculating       :  40.95%
Calculating       :  40.95%
Calculating       :  40.97%
Calculating       :  40.97%
Calculating       :  40.97%
Calculating       :  40.99%
Calculating       :  40.99%
Calculating       :  41.01%
Calculating       :  41.01%
Calculating       :  41.01%
Calculating       :  41.03%
Calculating       :  41.03%
Calculating       :  41.05%
Calculating       :  41.05%
Calculating       :  41.05%
Calculating       :  41.07%
Calculating       :  41.07%
Calculating       :  41.09%
Calculating       :  41.09%
Calculating       :  41.09%
Calculating       :  41.11%
Calculating       :  41.11%
Calculating       :  41.13%
Calculating       :  41.13%
Calculating       :  41.13%
Calculating       :  41.15%
Calculating       :  41.15%
Calculating       :  41.16%
Calculating       :  41.17%
Calculating       :  41.17%
Calculating       :  41.19%
Calculating       :  41.19%
Calculating       :  41.19%
Calculating       :  41.20%
Calculating       :  41.20%
Calculating       :  41.22%
Calculating       :  41.22%
Calculating       :  41.22%
Calculating       :  41.24%
Calculating       :  41.24%
Calculating       :  41.26%
Calculating       :  41.26%
Calculating       :  41.26%
Calculating       :  41.28%
Calculating       :  41.28%
Calculating       :  41.30%
Calculating       :  41.30%
Calculating       :  41.30%
Calculating       :  41.32%
Calculating       :  41.32%
Calculating       :  41.34%
Calculating       :  41.34%
Calculating       :  41.34%
Calculating       :  41.36%
Calculating       :  41.36%
Calculating       :  41.36%
Calculating       :  41.38%
Calculating       :  41.38%
Calculating       :  41.40%
Calculating       :  41.40%
Calculating       :  41.40%
Calculating       :  41.42%
Calculating       :  41.42%
Calculating       :  41.44%
Calculating       :  41.44%
Calculating       :  41.44%
Calculating       :  41.46%
Calculating       :  41.46%
Calculating       :  41.48%
Calculating       :  41.48%
Calculating       :  41.48%
Calculating       :  41.50%
Calculating       :  41.50%
Calculating       :  41.51%
Calculating       :  41.52%
Calculating       :  41.52%
Calculating       :  41.53%
Calculating       :  41.53%
Calculating       :  41.55%
Calculating       :  41.55%
Calculating       :  41.55%
Calculating       :  41.57%
Calculating       :  41.57%
Calculating       :  41.58%
Calculating       :  41.59%
Calculating       :  41.59%
Calculating       :  41.61%
Calculating       :  41.61%
Calculating       :  41.61%
Calculating       :  41.63%
Calculating       :  41.63%
Calculating       :  41.65%
Calculating       :  41.65%
Calculating       :  41.65%
Calculating       :  41.67%
Calculating       :  41.67%
Calculating       :  41.69%
Calculating       :  41.69%
Calculating       :  41.69%
Calculating       :  41.71%
Calculating       :  41.71%
Calculating       :  41.73%
Calculating       :  41.73%
Calculating       :  41.73%
Calculating       :  41.75%
Calculating       :  41.75%
Calculating       :  41.76%
Calculating       :  41.77%
Calculating       :  41.77%
Calculating       :  41.79%
Calculating       :  41.79%
Calculating       :  41.80%
Calculating       :  41.81%
Calculating       :  41.81%
Calculating       :  41.83%
Calculating       :  41.83%
Calculating       :  41.83%
Calculating       :  41.85%
Calculating       :  41.85%
Calculating       :  41.87%
Calculating       :  41.87%
Calculating       :  41.87%
Calculating       :  41.88%
Calculating       :  41.88%
Calculating       :  41.90%
Calculating       :  41.90%
Calculating       :  41.90%
Calculating       :  41.92%
Calculating       :  41.92%
Calculating       :  41.94%
Calculating       :  41.94%
Calculating       :  41.94%
Calculating       :  41.96%
Calculating       :  41.96%
Calculating       :  41.98%
Calculating       :  41.98%
Calculating       :  41.98%
Calculating       :  42.00%
Calculating       :  42.00%
Calculating       :  42.01%
Calculating       :  42.02%
Calculating       :  42.02%
Calculating       :  42.04%
Calculating       :  42.04%
Calculating       :  42.05%
Calculating       :  42.06%
Calculating       :  42.06%
Calculating       :  42.08%
Calculating       :  42.08%
Calculating       :  42.08%
Calculating       :  42.10%
Calculating       :  42.10%
Calculating       :  42.12%
Calculating       :  42.12%
Calculating       :  42.12%
Calculating       :  42.14%
Calculating       :  42.14%
Calculating       :  42.16%
Calculating       :  42.16%
Calculating       :  42.16%
Calculating       :  42.18%
Calculating       :  42.18%
Calculating       :  42.20%
Calculating       :  42.20%
Calculating       :  42.20%
Calculating       :  42.21%
Calculating       :  42.21%
Calculating       :  42.23%
Calculating       :  42.23%
Calculating       :  42.23%
Calculating       :  42.25%
Calculating       :  42.25%
Calculating       :  42.27%
Calculating       :  42.27%
Calculating       :  42.27%
Calculating       :  42.29%
Calculating       :  42.29%
Calculating       :  42.30%
Calculating       :  42.31%
Calculating       :  42.31%
Calculating       :  42.33%
Calculating       :  42.33%
Calculating       :  42.33%
Calculating       :  42.35%
Calculating       :  42.35%
Calculating       :  42.37%
Calculating       :  42.37%
Calculating       :  42.37%
Calculating       :  42.39%
Calculating       :  42.39%
Calculating       :  42.41%
Calculating       :  42.41%
Calculating       :  42.41%
Calculating       :  42.43%
Calculating       :  42.43%
Calculating       :  42.44%
Calculating       :  42.45%
Calculating       :  42.45%
Calculating       :  42.47%
Calculating       :  42.47%
Calculating       :  42.48%
Calculating       :  42.49%
Calculating       :  42.49%
Calculating       :  42.51%
Calculating       :  42.51%
Calculating       :  42.51%
Calculating       :  42.53%
Calculating       :  42.53%
Calculating       :  42.55%
Calculating       :  42.55%
Calculating       :  42.55%
Calculating       :  42.56%
Calculating       :  42.56%
Calculating       :  42.58%
Calculating       :  42.58%
Calculating       :  42.58%
Calculating       :  42.60%
Calculating       :  42.60%
Calculating       :  42.62%
Calculating       :  42.62%
Calculating       :  42.62%
Calculating       :  42.64%
Calculating       :  42.64%
Calculating       :  42.66%
Calculating       :  42.66%
Calculating       :  42.66%
Calculating       :  42.68%
Calculating       :  42.68%
Calculating       :  42.70%
Calculating       :  42.70%
Calculating       :  42.70%
Calculating       :  42.72%
Calculating       :  42.72%
Calculating       :  42.74%
Calculating       :  42.74%
Calculating       :  42.74%
Calculating       :  42.76%
Calculating       :  42.76%
Calculating       :  42.76%
Calculating       :  42.78%
Calculating       :  42.78%
Calculating       :  42.80%
Calculating       :  42.80%
Calculating       :  42.80%
Calculating       :  42.82%
Calculating       :  42.82%
Calculating       :  42.84%
Calculating       :  42.84%
Calculating       :  42.84%
Calculating       :  42.86%
Calculating       :  42.86%
Calculating       :  42.88%
Calculating       :  42.88%
Calculating       :  42.88%
Calculating       :  42.89%
Calculating       :  42.89%
Calculating       :  42.91%
Calculating       :  42.91%
Calculating       :  42.91%
Calculating       :  42.93%
Calculating       :  42.93%
Calculating       :  42.95%
Calculating       :  42.95%
Calculating       :  42.95%
Calculating       :  42.97%
Calculating       :  42.97%
Calculating       :  42.99%
Calculating       :  42.99%
Calculating       :  42.99%
Calculating       :  43.01%
Calculating       :  43.01%
Calculating       :  43.02%
Calculating       :  43.03%
Calculating       :  43.03%
Calculating       :  43.05%
Calculating       :  43.05%
Calculating       :  43.05%
Calculating       :  43.07%
Calculating       :  43.07%
Calculating       :  43.09%
Calculating       :  43.09%
Calculating       :  43.09%
Calculating       :  43.11%
Calculating       :  43.11%
Calculating       :  43.13%
Calculating       :  43.13%
Calculating       :  43.13%
Calculating       :  43.15%
Calculating       :  43.15%
Calculating       :  43.17%
Calculating       :  43.17%
Calculating       :  43.17%
Calculating       :  43.19%
Calculating       :  43.19%
Calculating       :  43.21%
Calculating       :  43.21%
Calculating       :  43.21%
Calculating       :  43.22%
Calculating       :  43.22%
Calculating       :  43.24%
Calculating       :  43.24%
Calculating       :  43.24%
Calculating       :  43.26%
Calculating       :  43.26%
Calculating       :  43.28%
Calculating       :  43.28%
Calculating       :  43.28%
Calculating       :  43.30%
Calculating       :  43.30%
Calculating       :  43.32%
Calculating       :  43.32%
Calculating       :  43.32%
Calculating       :  43.34%
Calculating       :  43.34%
Calculating       :  43.36%
Calculating       :  43.36%
Calculating       :  43.36%
Calculating       :  43.38%
Calculating       :  43.38%
Calculating       :  43.40%
Calculating       :  43.40%
Calculating       :  43.40%
Calculating       :  43.42%
Calculating       :  43.42%
Calculating       :  43.43%
Calculating       :  43.44%
Calculating       :  43.44%
Calculating       :  43.46%
Calculating       :  43.46%
Calculating       :  43.46%
Calculating       :  43.48%
Calculating       :  43.48%
Calculating       :  43.50%
Calculating       :  43.50%
Calculating       :  43.50%
Calculating       :  43.52%
Calculating       :  43.52%
Calculating       :  43.54%
Calculating       :  43.54%
Calculating       :  43.54%
Calculating       :  43.56%
Calculating       :  43.56%
Calculating       :  43.57%
Calculating       :  43.57%
Calculating       :  43.57%
Calculating       :  43.59%
Calculating       :  43.59%
Calculating       :  43.61%
Calculating       :  43.61%
Calculating       :  43.61%
Calculating       :  43.63%
Calculating       :  43.63%
Calculating       :  43.65%
Calculating       :  43.65%
Calculating       :  43.65%
Calculating       :  43.67%
Calculating       :  43.67%
Calculating       :  43.68%
Calculating       :  43.69%
Calculating       :  43.69%
Calculating       :  43.71%
Calculating       :  43.71%
Calculating       :  43.71%
Calculating       :  43.73%
Calculating       :  43.73%
Calculating       :  43.75%
Calculating       :  43.75%
Calculating       :  43.75%
Calculating       :  43.77%
Calculating       :  43.77%
Calculating       :  43.79%
Calculating       :  43.79%
Calculating       :  43.79%
Calculating       :  43.81%
Calculating       :  43.81%
Calculating       :  43.83%
Calculating       :  43.83%
Calculating       :  43.83%
Calculating       :  43.85%
Calculating       :  43.85%
Calculating       :  43.86%
Calculating       :  43.87%
Calculating       :  43.87%
Calculating       :  43.89%
Calculating       :  43.89%
Calculating       :  43.90%
Calculating       :  43.90%
Calculating       :  43.90%
Calculating       :  43.92%
Calculating       :  43.92%
Calculating       :  43.93%
Calculating       :  43.94%
Calculating       :  43.94%
Calculating       :  43.96%
Calculating       :  43.96%
Calculating       :  43.97%
Calculating       :  43.98%
Calculating       :  43.98%
Calculating       :  44.00%
Calculating       :  44.00%
Calculating       :  44.01%
Calculating       :  44.02%
Calculating       :  44.02%
Calculating       :  44.04%
Calculating       :  44.04%
Calculating       :  44.04%
Calculating       :  44.06%
Calculating       :  44.06%
Calculating       :  44.08%
Calculating       :  44.08%
Calculating       :  44.08%
Calculating       :  44.10%
Calculating       :  44.10%
Calculating       :  44.11%
Calculating       :  44.12%
Calculating       :  44.12%
Calculating       :  44.14%
Calculating       :  44.14%
Calculating       :  44.14%
Calculating       :  44.16%
Calculating       :  44.16%
Calculating       :  44.17%
Calculating       :  44.18%
Calculating       :  44.18%
Calculating       :  44.20%
Calculating       :  44.20%
Calculating       :  44.20%
Calculating       :  44.22%
Calculating       :  44.22%
Calculating       :  44.24%
Calculating       :  44.24%
Calculating       :  44.24%
Calculating       :  44.25%
Calculating       :  44.25%
Calculating       :  44.27%
Calculating       :  44.27%
Calculating       :  44.27%
Calculating       :  44.29%
Calculating       :  44.29%
Calculating       :  44.31%
Calculating       :  44.31%
Calculating       :  44.31%
Calculating       :  44.33%
Calculating       :  44.33%
Calculating       :  44.35%
Calculating       :  44.35%
Calculating       :  44.35%
Calculating       :  44.37%
Calculating       :  44.37%
Calculating       :  44.38%
Calculating       :  44.39%
Calculating       :  44.39%
Calculating       :  44.41%
Calculating       :  44.41%
Calculating       :  44.42%
Calculating       :  44.43%
Calculating       :  44.43%
Calculating       :  44.45%
Calculating       :  44.45%
Calculating       :  44.45%
Calculating       :  44.47%
Calculating       :  44.47%
Calculating       :  44.49%
Calculating       :  44.49%
Calculating       :  44.49%
Calculating       :  44.51%
Calculating       :  44.51%
Calculating       :  44.53%
Calculating       :  44.53%
Calculating       :  44.53%
Calculating       :  44.55%
Calculating       :  44.55%
Calculating       :  44.57%
Calculating       :  44.57%
Calculating       :  44.57%
Calculating       :  44.58%
Calculating       :  44.58%
Calculating       :  44.60%
Calculating       :  44.60%
Calculating       :  44.60%
Calculating       :  44.62%
Calculating       :  44.62%
Calculating       :  44.64%
Calculating       :  44.64%
Calculating       :  44.64%
Calculating       :  44.66%
Calculating       :  44.66%
Calculating       :  44.68%
Calculating       :  44.68%
Calculating       :  44.68%
Calculating       :  44.70%
Calculating       :  44.70%
Calculating       :  44.70%
Calculating       :  44.72%
Calculating       :  44.72%
Calculating       :  44.74%
Calculating       :  44.74%
Calculating       :  44.74%
Calculating       :  44.76%
Calculating       :  44.76%
Calculating       :  44.78%
Calculating       :  44.78%
Calculating       :  44.78%
Calculating       :  44.80%
Calculating       :  44.80%
Calculating       :  44.82%
Calculating       :  44.82%
Calculating       :  44.82%
Calculating       :  44.84%
Calculating       :  44.84%
Calculating       :  44.86%
Calculating       :  44.86%
Calculating       :  44.86%
Calculating       :  44.88%
Calculating       :  44.88%
Calculating       :  44.89%
Calculating       :  44.90%
Calculating       :  44.90%
Calculating       :  44.91%
Calculating       :  44.91%
Calculating       :  44.93%
Calculating       :  44.93%
Calculating       :  44.93%
Calculating       :  44.95%
Calculating       :  44.95%
Calculating       :  44.96%
Calculating       :  44.97%
Calculating       :  44.97%
Calculating       :  44.99%
Calculating       :  44.99%
Calculating       :  45.00%
Calculating       :  45.01%
Calculating       :  45.01%
Calculating       :  45.03%
Calculating       :  45.03%
Calculating       :  45.03%
Calculating       :  45.05%
Calculating       :  45.05%
Calculating       :  45.07%
Calculating       :  45.07%
Calculating       :  45.07%
Calculating       :  45.09%
Calculating       :  45.09%
Calculating       :  45.10%
Calculating       :  45.11%
Calculating       :  45.11%
Calculating       :  45.13%
Calculating       :  45.13%
Calculating       :  45.14%
Calculating       :  45.15%
Calculating       :  45.15%
Calculating       :  45.17%
Calculating       :  45.17%
Calculating       :  45.18%
Calculating       :  45.19%
Calculating       :  45.19%
Calculating       :  45.21%
Calculating       :  45.21%
Calculating       :  45.21%
Calculating       :  45.23%
Calculating       :  45.23%
Calculating       :  45.25%
Calculating       :  45.25%
Calculating       :  45.25%
Calculating       :  45.26%
Calculating       :  45.26%
Calculating       :  45.28%
Calculating       :  45.28%
Calculating       :  45.28%
Calculating       :  45.30%
Calculating       :  45.30%
Calculating       :  45.32%
Calculating       :  45.32%
Calculating       :  45.32%
Calculating       :  45.34%
Calculating       :  45.34%
Calculating       :  45.36%
Calculating       :  45.36%
Calculating       :  45.36%
Calculating       :  45.38%
Calculating       :  45.38%
Calculating       :  45.40%
Calculating       :  45.40%
Calculating       :  45.40%
Calculating       :  45.42%
Calculating       :  45.42%
Calculating       :  45.44%
Calculating       :  45.44%
Calculating       :  45.44%
Calculating       :  45.46%
Calculating       :  45.46%
Calculating       :  45.48%
Calculating       :  45.48%
Calculating       :  45.48%
Calculating       :  45.50%
Calculating       :  45.50%
Calculating       :  45.52%
Calculating       :  45.52%
Calculating       :  45.52%
Calculating       :  45.54%
Calculating       :  45.54%
Calculating       :  45.55%
Calculating       :  45.56%
Calculating       :  45.56%
Calculating       :  45.58%
Calculating       :  45.58%
Calculating       :  45.58%
Calculating       :  45.59%
Calculating       :  45.59%
Calculating       :  45.61%
Calculating       :  45.61%
Calculating       :  45.62%
Calculating       :  45.63%
Calculating       :  45.63%
Calculating       :  45.65%
Calculating       :  45.65%
Calculating       :  45.65%
Calculating       :  45.67%
Calculating       :  45.67%
Calculating       :  45.69%
Calculating       :  45.69%
Calculating       :  45.69%
Calculating       :  45.71%
Calculating       :  45.71%
Calculating       :  45.73%
Calculating       :  45.73%
Calculating       :  45.73%
Calculating       :  45.75%
Calculating       :  45.75%
Calculating       :  45.76%
Calculating       :  45.77%
Calculating       :  45.77%
Calculating       :  45.79%
Calculating       :  45.79%
Calculating       :  45.79%
Calculating       :  45.81%
Calculating       :  45.81%
Calculating       :  45.83%
Calculating       :  45.83%
Calculating       :  45.83%
Calculating       :  45.85%
Calculating       :  45.85%
Calculating       :  45.87%
Calculating       :  45.87%
Calculating       :  45.87%
Calculating       :  45.89%
Calculating       :  45.89%
Calculating       :  45.91%
Calculating       :  45.91%
Calculating       :  45.91%
Calculating       :  45.93%
Calculating       :  45.93%
Calculating       :  45.94%
Calculating       :  45.94%
Calculating       :  45.94%
Calculating       :  45.96%
Calculating       :  45.96%
Calculating       :  45.96%
Calculating       :  45.98%
Calculating       :  45.98%
Calculating       :  46.00%
Calculating       :  46.00%
Calculating       :  46.00%
Calculating       :  46.02%
Calculating       :  46.02%
Calculating       :  46.04%
Calculating       :  46.04%
Calculating       :  46.04%
Calculating       :  46.06%
Calculating       :  46.06%
Calculating       :  46.08%
Calculating       :  46.08%
Calculating       :  46.08%
Calculating       :  46.10%
Calculating       :  46.10%
Calculating       :  46.12%
Calculating       :  46.12%
Calculating       :  46.12%
Calculating       :  46.14%
Calculating       :  46.14%
Calculating       :  46.15%
Calculating       :  46.16%
Calculating       :  46.16%
Calculating       :  46.18%
Calculating       :  46.18%
Calculating       :  46.18%
Calculating       :  46.20%
Calculating       :  46.20%
Calculating       :  46.22%
Calculating       :  46.22%
Calculating       :  46.22%
Calculating       :  46.24%
Calculating       :  46.24%
Calculating       :  46.26%
Calculating       :  46.26%
Calculating       :  46.26%
Calculating       :  46.27%
Calculating       :  46.27%
Calculating       :  46.29%
Calculating       :  46.29%
Calculating       :  46.29%
Calculating       :  46.31%
Calculating       :  46.31%
Calculating       :  46.33%
Calculating       :  46.33%
Calculating       :  46.33%
Calculating       :  46.35%
Calculating       :  46.35%
Calculating       :  46.37%
Calculating       :  46.37%
Calculating       :  46.37%
Calculating       :  46.39%
Calculating       :  46.39%
Calculating       :  46.40%
Calculating       :  46.41%
Calculating       :  46.41%
Calculating       :  46.43%
Calculating       :  46.43%
Calculating       :  46.44%
Calculating       :  46.45%
Calculating       :  46.45%
Calculating       :  46.47%
Calculating       :  46.47%
Calculating       :  46.48%
Calculating       :  46.49%
Calculating       :  46.49%
Calculating       :  46.51%
Calculating       :  46.51%
Calculating       :  46.52%
Calculating       :  46.53%
Calculating       :  46.53%
Calculating       :  46.55%
Calculating       :  46.55%
Calculating       :  46.55%
Calculating       :  46.57%
Calculating       :  46.57%
Calculating       :  46.59%
Calculating       :  46.59%
Calculating       :  46.59%
Calculating       :  46.61%
Calculating       :  46.61%
Calculating       :  46.62%
Calculating       :  46.62%
Calculating       :  46.62%
Calculating       :  46.64%
Calculating       :  46.64%
Calculating       :  46.66%
Calculating       :  46.66%
Calculating       :  46.66%
Calculating       :  46.68%
Calculating       :  46.68%
Calculating       :  46.70%
Calculating       :  46.70%
Calculating       :  46.70%
Calculating       :  46.72%
Calculating       :  46.72%
Calculating       :  46.74%
Calculating       :  46.74%
Calculating       :  46.74%
Calculating       :  46.76%
Calculating       :  46.76%
Calculating       :  46.78%
Calculating       :  46.78%
Calculating       :  46.78%
Calculating       :  46.80%
Calculating       :  46.80%
Calculating       :  46.82%
Calculating       :  46.82%
Calculating       :  46.82%
Calculating       :  46.84%
Calculating       :  46.84%
Calculating       :  46.86%
Calculating       :  46.86%
Calculating       :  46.86%
Calculating       :  46.88%
Calculating       :  46.88%
Calculating       :  46.89%
Calculating       :  46.90%
Calculating       :  46.90%
Calculating       :  46.92%
Calculating       :  46.92%
Calculating       :  46.93%
Calculating       :  46.94%
Calculating       :  46.94%
Calculating       :  46.95%
Calculating       :  46.95%
Calculating       :  46.97%
Calculating       :  46.97%
Calculating       :  46.97%
Calculating       :  46.99%
Calculating       :  46.99%
Calculating       :  47.00%
Calculating       :  47.01%
Calculating       :  47.01%
Calculating       :  47.03%
Calculating       :  47.03%
Calculating       :  47.03%
Calculating       :  47.05%
Calculating       :  47.05%
Calculating       :  47.07%
Calculating       :  47.07%
Calculating       :  47.07%
Calculating       :  47.09%
Calculating       :  47.09%
Calculating       :  47.11%
Calculating       :  47.11%
Calculating       :  47.11%
Calculating       :  47.13%
Calculating       :  47.13%
Calculating       :  47.14%
Calculating       :  47.15%
Calculating       :  47.15%
Calculating       :  47.17%
Calculating       :  47.17%
Calculating       :  47.18%
Calculating       :  47.19%
Calculating       :  47.19%
Calculating       :  47.21%
Calculating       :  47.21%
Calculating       :  47.21%
Calculating       :  47.23%
Calculating       :  47.23%
Calculating       :  47.25%
Calculating       :  47.25%
Calculating       :  47.25%
Calculating       :  47.27%
Calculating       :  47.27%
Calculating       :  47.28%
Calculating       :  47.28%
Calculating       :  47.28%
Calculating       :  47.30%
Calculating       :  47.30%
Calculating       :  47.32%
Calculating       :  47.32%
Calculating       :  47.32%
Calculating       :  47.34%
Calculating       :  47.34%
Calculating       :  47.36%
Calculating       :  47.36%
Calculating       :  47.36%
Calculating       :  47.38%
Calculating       :  47.38%
Calculating       :  47.40%
Calculating       :  47.40%
Calculating       :  47.40%
Calculating       :  47.42%
Calculating       :  47.42%
Calculating       :  47.44%
Calculating       :  47.44%
Calculating       :  47.44%
Calculating       :  47.46%
Calculating       :  47.46%
Calculating       :  47.48%
Calculating       :  47.48%
Calculating       :  47.48%
Calculating       :  47.50%
Calculating       :  47.50%
Calculating       :  47.51%
Calculating       :  47.52%
Calculating       :  47.52%
Calculating       :  47.54%
Calculating       :  47.54%
Calculating       :  47.54%
Calculating       :  47.56%
Calculating       :  47.56%
Calculating       :  47.58%
Calculating       :  47.58%
Calculating       :  47.58%
Calculating       :  47.60%
Calculating       :  47.60%
Calculating       :  47.62%
Calculating       :  47.62%
Calculating       :  47.62%
Calculating       :  47.63%
Calculating       :  47.63%
Calculating       :  47.65%
Calculating       :  47.65%
Calculating       :  47.65%
Calculating       :  47.67%
Calculating       :  47.67%
Calculating       :  47.68%
Calculating       :  47.69%
Calculating       :  47.69%
Calculating       :  47.71%
Calculating       :  47.71%
Calculating       :  47.71%
Calculating       :  47.73%
Calculating       :  47.73%
Calculating       :  47.75%
Calculating       :  47.75%
Calculating       :  47.75%
Calculating       :  47.77%
Calculating       :  47.77%
Calculating       :  47.79%
Calculating       :  47.79%
Calculating       :  47.79%
Calculating       :  47.81%
Calculating       :  47.81%
Calculating       :  47.82%
Calculating       :  47.83%
Calculating       :  47.83%
Calculating       :  47.85%
Calculating       :  47.85%
Calculating       :  47.85%
Calculating       :  47.87%
Calculating       :  47.87%
Calculating       :  47.89%
Calculating       :  47.89%
Calculating       :  47.89%
Calculating       :  47.91%
Calculating       :  47.91%
Calculating       :  47.92%
Calculating       :  47.93%
Calculating       :  47.93%
Calculating       :  47.95%
Calculating       :  47.95%
Calculating       :  47.96%
Calculating       :  47.96%
Calculating       :  47.96%
Calculating       :  47.98%
Calculating       :  47.98%
Calculating       :  48.00%
Calculating       :  48.00%
Calculating       :  48.00%
Calculating       :  48.02%
Calculating       :  48.02%
Calculating       :  48.03%
Calculating       :  48.04%
Calculating       :  48.04%
Calculating       :  48.06%
Calculating       :  48.06%
Calculating       :  48.07%
Calculating       :  48.08%
Calculating       :  48.08%
Calculating       :  48.10%
Calculating       :  48.10%
Calculating       :  48.10%
Calculating       :  48.12%
Calculating       :  48.12%
Calculating       :  48.14%
Calculating       :  48.14%
Calculating       :  48.14%
Calculating       :  48.16%
Calculating       :  48.16%
Calculating       :  48.18%
Calculating       :  48.18%
Calculating       :  48.18%
Calculating       :  48.20%
Calculating       :  48.20%
Calculating       :  48.21%
Calculating       :  48.22%
Calculating       :  48.22%
Calculating       :  48.24%
Calculating       :  48.24%
Calculating       :  48.24%
Calculating       :  48.26%
Calculating       :  48.26%
Calculating       :  48.28%
Calculating       :  48.28%
Calculating       :  48.28%
Calculating       :  48.30%
Calculating       :  48.30%
Calculating       :  48.31%
Calculating       :  48.31%
Calculating       :  48.31%
Calculating       :  48.33%
Calculating       :  48.33%
Calculating       :  48.35%
Calculating       :  48.35%
Calculating       :  48.35%
Calculating       :  48.37%
Calculating       :  48.37%
Calculating       :  48.39%
Calculating       :  48.39%
Calculating       :  48.39%
Calculating       :  48.41%
Calculating       :  48.41%
Calculating       :  48.43%
Calculating       :  48.43%
Calculating       :  48.43%
Calculating       :  48.45%
Calculating       :  48.45%
Calculating       :  48.46%
Calculating       :  48.47%
Calculating       :  48.47%
Calculating       :  48.49%
Calculating       :  48.49%
Calculating       :  48.49%
Calculating       :  48.51%
Calculating       :  48.51%
Calculating       :  48.53%
Calculating       :  48.53%
Calculating       :  48.53%
Calculating       :  48.55%
Calculating       :  48.55%
Calculating       :  48.57%
Calculating       :  48.57%
Calculating       :  48.57%
Calculating       :  48.59%
Calculating       :  48.59%
Calculating       :  48.61%
Calculating       :  48.61%
Calculating       :  48.61%
Calculating       :  48.63%
Calculating       :  48.63%
Calculating       :  48.64%
Calculating       :  48.64%
Calculating       :  48.64%
Calculating       :  48.66%
Calculating       :  48.66%
Calculating       :  48.68%
Calculating       :  48.68%
Calculating       :  48.68%
Calculating       :  48.70%
Calculating       :  48.70%
Calculating       :  48.72%
Calculating       :  48.72%
Calculating       :  48.72%
Calculating       :  48.74%
Calculating       :  48.74%
Calculating       :  48.75%
Calculating       :  48.76%
Calculating       :  48.76%
Calculating       :  48.78%
Calculating       :  48.78%
Calculating       :  48.78%
Calculating       :  48.80%
Calculating       :  48.80%
Calculating       :  48.82%
Calculating       :  48.82%
Calculating       :  48.82%
Calculating       :  48.84%
Calculating       :  48.84%
Calculating       :  48.86%
Calculating       :  48.86%
Calculating       :  48.86%
Calculating       :  48.88%
Calculating       :  48.88%
Calculating       :  48.90%
Calculating       :  48.90%
Calculating       :  48.90%
Calculating       :  48.92%
Calculating       :  48.92%
Calculating       :  48.94%
Calculating       :  48.94%
Calculating       :  48.94%
Calculating       :  48.96%
Calculating       :  48.96%
Calculating       :  48.97%
Calculating       :  48.97%
Calculating       :  48.97%
Calculating       :  48.99%
Calculating       :  48.99%
Calculating       :  49.01%
Calculating       :  49.01%
Calculating       :  49.01%
Calculating       :  49.03%
Calculating       :  49.03%
Calculating       :  49.05%
Calculating       :  49.05%
Calculating       :  49.05%
Calculating       :  49.07%
Calculating       :  49.07%
Calculating       :  49.09%
Calculating       :  49.09%
Calculating       :  49.09%
Calculating       :  49.11%
Calculating       :  49.11%
Calculating       :  49.11%
Calculating       :  49.13%
Calculating       :  49.13%
Calculating       :  49.15%
Calculating       :  49.15%
Calculating       :  49.15%
Calculating       :  49.17%
Calculating       :  49.17%
Calculating       :  49.19%
Calculating       :  49.19%
Calculating       :  49.19%
Calculating       :  49.21%
Calculating       :  49.21%
Calculating       :  49.23%
Calculating       :  49.23%
Calculating       :  49.23%
Calculating       :  49.25%
Calculating       :  49.25%
Calculating       :  49.27%
Calculating       :  49.27%
Calculating       :  49.27%
Calculating       :  49.29%
Calculating       :  49.29%
Calculating       :  49.30%
Calculating       :  49.31%
Calculating       :  49.31%
Calculating       :  49.32%
Calculating       :  49.32%
Calculating       :  49.33%
Calculating       :  49.34%
Calculating       :  49.34%
Calculating       :  49.36%
Calculating       :  49.36%
Calculating       :  49.36%
Calculating       :  49.38%
Calculating       :  49.38%
Calculating       :  49.40%
Calculating       :  49.40%
Calculating       :  49.40%
Calculating       :  49.42%
Calculating       :  49.42%
Calculating       :  49.44%
Calculating       :  49.44%
Calculating       :  49.44%
Calculating       :  49.46%
Calculating       :  49.46%
Calculating       :  49.48%
Calculating       :  49.48%
Calculating       :  49.48%
Calculating       :  49.50%
Calculating       :  49.50%
Calculating       :  49.52%
Calculating       :  49.52%
Calculating       :  49.52%
Calculating       :  49.54%
Calculating       :  49.54%
Calculating       :  49.56%
Calculating       :  49.56%
Calculating       :  49.56%
Calculating       :  49.58%
Calculating       :  49.58%
Calculating       :  49.59%
Calculating       :  49.60%
Calculating       :  49.60%
Calculating       :  49.62%
Calculating       :  49.62%
Calculating       :  49.62%
Calculating       :  49.64%
Calculating       :  49.64%
Calculating       :  49.65%
Calculating       :  49.65%
Calculating       :  49.65%
Calculating       :  49.67%
Calculating       :  49.67%
Calculating       :  49.69%
Calculating       :  49.69%
Calculating       :  49.70%
Calculating       :  49.71%
Calculating       :  49.71%
Calculating       :  49.73%
Calculating       :  49.73%
Calculating       :  49.73%
Calculating       :  49.75%
Calculating       :  49.75%
Calculating       :  49.77%
Calculating       :  49.77%
Calculating       :  49.77%
Calculating       :  49.79%
Calculating       :  49.79%
Calculating       :  49.80%
Calculating       :  49.81%
Calculating       :  49.81%
Calculating       :  49.83%
Calculating       :  49.83%
Calculating       :  49.83%
Calculating       :  49.85%
Calculating       :  49.85%
Calculating       :  49.87%
Calculating       :  49.87%
Calculating       :  49.87%
Calculating       :  49.89%
Calculating       :  49.89%
Calculating       :  49.89%
Calculating       :  49.91%
Calculating       :  49.91%
Calculating       :  49.93%
Calculating       :  49.93%
Calculating       :  49.93%
Calculating       :  49.95%
Calculating       :  49.95%
Calculating       :  49.96%
Calculating       :  49.97%
Calculating       :  49.97%
Calculating       :  49.99%
Calculating       :  49.99%
Calculating       :  50.00%
Calculating       :  50.00%
Calculating       :  50.00%
Calculating       :  50.02%
Calculating       :  50.02%
Calculating       :  50.03%
Calculating       :  50.04%
Calculating       :  50.04%
Calculating       :  50.06%
Calculating       :  50.06%
Calculating       :  50.06%
Calculating       :  50.08%
Calculating       :  50.08%
Calculating       :  50.10%
Calculating       :  50.10%
Calculating       :  50.10%
Calculating       :  50.12%
Calculating       :  50.12%
Calculating       :  50.14%
Calculating       :  50.14%
Calculating       :  50.14%
Calculating       :  50.16%
Calculating       :  50.16%
Calculating       :  50.18%
Calculating       :  50.18%
Calculating       :  50.18%
Calculating       :  50.20%
Calculating       :  50.20%
Calculating       :  50.21%
Calculating       :  50.22%
Calculating       :  50.22%
Calculating       :  50.24%
Calculating       :  50.24%
Calculating       :  50.25%
Calculating       :  50.26%
Calculating       :  50.26%
Calculating       :  50.28%
Calculating       :  50.28%
Calculating       :  50.29%
Calculating       :  50.30%
Calculating       :  50.30%
Calculating       :  50.32%
Calculating       :  50.32%
Calculating       :  50.32%
Calculating       :  50.33%
Calculating       :  50.33%
Calculating       :  50.35%
Calculating       :  50.35%
Calculating       :  50.35%
Calculating       :  50.37%
Calculating       :  50.37%
Calculating       :  50.39%
Calculating       :  50.39%
Calculating       :  50.39%
Calculating       :  50.41%
Calculating       :  50.41%
Calculating       :  50.43%
Calculating       :  50.43%
Calculating       :  50.43%
Calculating       :  50.45%
Calculating       :  50.45%
Calculating       :  50.47%
Calculating       :  50.47%
Calculating       :  50.47%
Calculating       :  50.49%
Calculating       :  50.49%
Calculating       :  50.51%
Calculating       :  50.51%
Calculating       :  50.51%
Calculating       :  50.53%
Calculating       :  50.53%
Calculating       :  50.54%
Calculating       :  50.55%
Calculating       :  50.55%
Calculating       :  50.57%
Calculating       :  50.57%
Calculating       :  50.57%
Calculating       :  50.59%
Calculating       :  50.59%
Calculating       :  50.61%
Calculating       :  50.61%
Calculating       :  50.61%
Calculating       :  50.63%
Calculating       :  50.63%
Calculating       :  50.65%
Calculating       :  50.65%
Calculating       :  50.65%
Calculating       :  50.66%
Calculating       :  50.66%
Calculating       :  50.68%
Calculating       :  50.68%
Calculating       :  50.68%
Calculating       :  50.70%
Calculating       :  50.70%
Calculating       :  50.72%
Calculating       :  50.72%
Calculating       :  50.72%
Calculating       :  50.74%
Calculating       :  50.74%
Calculating       :  50.76%
Calculating       :  50.76%
Calculating       :  50.76%
Calculating       :  50.78%
Calculating       :  50.78%
Calculating       :  50.79%
Calculating       :  50.80%
Calculating       :  50.80%
Calculating       :  50.82%
Calculating       :  50.82%
Calculating       :  50.82%
Calculating       :  50.84%
Calculating       :  50.84%
Calculating       :  50.86%
Calculating       :  50.86%
Calculating       :  50.86%
Calculating       :  50.88%
Calculating       :  50.88%
Calculating       :  50.90%
Calculating       :  50.90%
Calculating       :  50.90%
Calculating       :  50.92%
Calculating       :  50.92%
Calculating       :  50.94%
Calculating       :  50.94%
Calculating       :  50.94%
Calculating       :  50.96%
Calculating       :  50.96%
Calculating       :  50.97%
Calculating       :  50.98%
Calculating       :  50.98%
Calculating       :  51.00%
Calculating       :  51.00%
Calculating       :  51.00%
Calculating       :  51.01%
Calculating       :  51.01%
Calculating       :  51.03%
Calculating       :  51.03%
Calculating       :  51.03%
Calculating       :  51.05%
Calculating       :  51.05%
Calculating       :  51.07%
Calculating       :  51.07%
Calculating       :  51.07%
Calculating       :  51.09%
Calculating       :  51.09%
Calculating       :  51.11%
Calculating       :  51.11%
Calculating       :  51.11%
Calculating       :  51.13%
Calculating       :  51.13%
Calculating       :  51.15%
Calculating       :  51.15%
Calculating       :  51.15%
Calculating       :  51.17%
Calculating       :  51.17%
Calculating       :  51.18%
Calculating       :  51.19%
Calculating       :  51.19%
Calculating       :  51.21%
Calculating       :  51.21%
Calculating       :  51.21%
Calculating       :  51.23%
Calculating       :  51.23%
Calculating       :  51.25%
Calculating       :  51.25%
Calculating       :  51.25%
Calculating       :  51.27%
Calculating       :  51.27%
Calculating       :  51.29%
Calculating       :  51.29%
Calculating       :  51.29%
Calculating       :  51.31%
Calculating       :  51.31%
Calculating       :  51.33%
Calculating       :  51.33%
Calculating       :  51.33%
Calculating       :  51.34%
Calculating       :  51.34%
Calculating       :  51.36%
Calculating       :  51.36%
Calculating       :  51.36%
Calculating       :  51.38%
Calculating       :  51.38%
Calculating       :  51.40%
Calculating       :  51.40%
Calculating       :  51.40%
Calculating       :  51.42%
Calculating       :  51.42%
Calculating       :  51.44%
Calculating       :  51.44%
Calculating       :  51.44%
Calculating       :  51.46%
Calculating       :  51.46%
Calculating       :  51.46%
Calculating       :  51.48%
Calculating       :  51.48%
Calculating       :  51.50%
Calculating       :  51.50%
Calculating       :  51.50%
Calculating       :  51.52%
Calculating       :  51.52%
Calculating       :  51.54%
Calculating       :  51.54%
Calculating       :  51.54%
Calculating       :  51.56%
Calculating       :  51.56%
Calculating       :  51.58%
Calculating       :  51.58%
Calculating       :  51.58%
Calculating       :  51.60%
Calculating       :  51.60%
Calculating       :  51.61%
Calculating       :  51.62%
Calculating       :  51.62%
Calculating       :  51.64%
Calculating       :  51.64%
Calculating       :  51.65%
Calculating       :  51.66%
Calculating       :  51.66%
Calculating       :  51.68%
Calculating       :  51.68%
Calculating       :  51.68%
Calculating       :  51.69%
Calculating       :  51.69%
Calculating       :  51.71%
Calculating       :  51.71%
Calculating       :  51.71%
Calculating       :  51.73%
Calculating       :  51.73%
Calculating       :  51.75%
Calculating       :  51.75%
Calculating       :  51.75%
Calculating       :  51.77%
Calculating       :  51.77%
Calculating       :  51.79%
Calculating       :  51.79%
Calculating       :  51.79%
Calculating       :  51.81%
Calculating       :  51.81%
Calculating       :  51.83%
Calculating       :  51.83%
Calculating       :  51.83%
Calculating       :  51.85%
Calculating       :  51.85%
Calculating       :  51.87%
Calculating       :  51.87%
Calculating       :  51.87%
Calculating       :  51.89%
Calculating       :  51.89%
Calculating       :  51.90%
Calculating       :  51.91%
Calculating       :  51.91%
Calculating       :  51.93%
Calculating       :  51.93%
Calculating       :  51.94%
Calculating       :  51.95%
Calculating       :  51.95%
Calculating       :  51.97%
Calculating       :  51.97%
Calculating       :  51.97%
Calculating       :  51.99%
Calculating       :  51.99%
Calculating       :  52.01%
Calculating       :  52.01%
Calculating       :  52.01%
Calculating       :  52.02%
Calculating       :  52.02%
Calculating       :  52.04%
Calculating       :  52.04%
Calculating       :  52.04%
Calculating       :  52.06%
Calculating       :  52.06%
Calculating       :  52.08%
Calculating       :  52.08%
Calculating       :  52.08%
Calculating       :  52.10%
Calculating       :  52.10%
Calculating       :  52.12%
Calculating       :  52.12%
Calculating       :  52.12%
Calculating       :  52.14%
Calculating       :  52.14%
Calculating       :  52.16%
Calculating       :  52.16%
Calculating       :  52.16%
Calculating       :  52.18%
Calculating       :  52.18%
Calculating       :  52.20%
Calculating       :  52.20%
Calculating       :  52.20%
Calculating       :  52.22%
Calculating       :  52.22%
Calculating       :  52.24%
Calculating       :  52.24%
Calculating       :  52.24%
Calculating       :  52.26%
Calculating       :  52.26%
Calculating       :  52.28%
Calculating       :  52.28%
Calculating       :  52.28%
Calculating       :  52.30%
Calculating       :  52.30%
Calculating       :  52.31%
Calculating       :  52.32%
Calculating       :  52.32%
Calculating       :  52.34%
Calculating       :  52.34%
Calculating       :  52.34%
Calculating       :  52.35%
Calculating       :  52.35%
Calculating       :  52.37%
Calculating       :  52.37%
Calculating       :  52.37%
Calculating       :  52.39%
Calculating       :  52.39%
Calculating       :  52.40%
Calculating       :  52.41%
Calculating       :  52.41%
Calculating       :  52.43%
Calculating       :  52.43%
Calculating       :  52.43%
Calculating       :  52.45%
Calculating       :  52.45%
Calculating       :  52.47%
Calculating       :  52.47%
Calculating       :  52.47%
Calculating       :  52.49%
Calculating       :  52.49%
Calculating       :  52.50%
Calculating       :  52.51%
Calculating       :  52.51%
Calculating       :  52.53%
Calculating       :  52.53%
Calculating       :  52.53%
Calculating       :  52.55%
Calculating       :  52.55%
Calculating       :  52.57%
Calculating       :  52.57%
Calculating       :  52.57%
Calculating       :  52.59%
Calculating       :  52.59%
Calculating       :  52.61%
Calculating       :  52.61%
Calculating       :  52.61%
Calculating       :  52.63%
Calculating       :  52.63%
Calculating       :  52.64%
Calculating       :  52.65%
Calculating       :  52.65%
Calculating       :  52.67%
Calculating       :  52.67%
Calculating       :  52.67%
Calculating       :  52.69%
Calculating       :  52.69%
Calculating       :  52.70%
Calculating       :  52.70%
Calculating       :  52.70%
Calculating       :  52.72%
Calculating       :  52.72%
Calculating       :  52.74%
Calculating       :  52.74%
Calculating       :  52.74%
Calculating       :  52.76%
Calculating       :  52.76%
Calculating       :  52.77%
Calculating       :  52.78%
Calculating       :  52.78%
Calculating       :  52.80%
Calculating       :  52.80%
Calculating       :  52.81%
Calculating       :  52.82%
Calculating       :  52.82%
Calculating       :  52.84%
Calculating       :  52.84%
Calculating       :  52.84%
Calculating       :  52.86%
Calculating       :  52.86%
Calculating       :  52.88%
Calculating       :  52.88%
Calculating       :  52.88%
Calculating       :  52.90%
Calculating       :  52.90%
Calculating       :  52.92%
Calculating       :  52.92%
Calculating       :  52.92%
Calculating       :  52.94%
Calculating       :  52.94%
Calculating       :  52.95%
Calculating       :  52.96%
Calculating       :  52.96%
Calculating       :  52.98%
Calculating       :  52.98%
Calculating       :  52.99%
Calculating       :  53.00%
Calculating       :  53.00%
Calculating       :  53.02%
Calculating       :  53.02%
Calculating       :  53.02%
Calculating       :  53.03%
Calculating       :  53.03%
Writing           :  53.04%
Writing           :  53.04%
Writing           :  53.04%
Writing           :  53.04%
Writing           :  53.08%
Writing           :  53.11%
Writing           :  53.15%
Writing           :  53.19%
Writing           :  53.22%
Writing           :  53.26%
Writing           :  53.30%
Writing           :  53.33%
Writing           :  53.37%
Writing           :  53.41%
Writing           :  53.45%
Writing           :  53.48%
Writing           :  53.52%
Writing           :  53.55%
Calculating       :  53.60%
Calculating       :  53.62%
Calculating       :  53.62%
Calculating       :  53.62%
Calculating       :  53.64%
Calculating       :  53.64%
Calculating       :  53.65%
Calculating       :  53.66%
Calculating       :  53.66%
Calculating       :  53.67%
Calculating       :  53.67%
Calculating       :  53.67%
Calculating       :  53.69%
Calculating       :  53.69%
Calculating       :  53.71%
Calculating       :  53.71%
Calculating       :  53.71%
Calculating       :  53.72%
Calculating       :  53.72%
Calculating       :  53.74%
Calculating       :  53.74%
Calculating       :  53.74%
Calculating       :  53.76%
Calculating       :  53.76%
Calculating       :  53.77%
Calculating       :  53.77%
Calculating       :  53.77%
Calculating       :  53.79%
Calculating       :  53.79%
Calculating       :  53.81%
Calculating       :  53.81%
Calculating       :  53.81%
Calculating       :  53.82%
Calculating       :  53.82%
Calculating       :  53.84%
Calculating       :  53.84%
Calculating       :  53.84%
Calculating       :  53.86%
Calculating       :  53.86%
Calculating       :  53.87%
Calculating       :  53.87%
Calculating       :  53.87%
Calculating       :  53.89%
Calculating       :  53.89%
Calculating       :  53.90%
Calculating       :  53.91%
Calculating       :  53.91%
Calculating       :  53.92%
Calculating       :  53.92%
Calculating       :  53.94%
Calculating       :  53.94%
Calculating       :  53.94%
Calculating       :  53.96%
Calculating       :  53.96%
Calculating       :  53.97%
Calculating       :  53.97%
Calculating       :  53.97%
Calculating       :  53.99%
Calculating       :  53.99%
Calculating       :  54.01%
Calculating       :  54.01%
Calculating       :  54.01%
Calculating       :  54.03%
Calculating       :  54.03%
Calculating       :  54.04%
Calculating       :  54.04%
Calculating       :  54.04%
Calculating       :  54.06%
Calculating       :  54.06%
Calculating       :  54.08%
Calculating       :  54.08%
Calculating       :  54.08%
Calculating       :  54.09%
Calculating       :  54.09%
Calculating       :  54.11%
Calculating       :  54.11%
Calculating       :  54.11%
Calculating       :  54.13%
Calculating       :  54.13%
Calculating       :  54.14%
Calculating       :  54.14%
Calculating       :  54.14%
Calculating       :  54.16%
Calculating       :  54.16%
Calculating       :  54.18%
Calculating       :  54.18%
Calculating       :  54.18%
Calculating       :  54.19%
Calculating       :  54.19%
Calculating       :  54.21%
Calculating       :  54.21%
Calculating       :  54.21%
Calculating       :  54.23%
Calculating       :  54.23%
Calculating       :  54.24%
Calculating       :  54.24%
Calculating       :  54.24%
Calculating       :  54.26%
Calculating       :  54.26%
Calculating       :  54.28%
Calculating       :  54.28%
Calculating       :  54.28%
Calculating       :  54.29%
Calculating       :  54.29%
Calculating       :  54.31%
Calculating       :  54.31%
Calculating       :  54.31%
Calculating       :  54.33%
Calculating       :  54.33%
Calculating       :  54.34%
Calculating       :  54.34%
Calculating       :  54.34%
Calculating       :  54.36%
Calculating       :  54.36%
Calculating       :  54.38%
Calculating       :  54.38%
Calculating       :  54.38%
Calculating       :  54.39%
Calculating       :  54.39%
Calculating       :  54.41%
Calculating       :  54.41%
Calculating       :  54.41%
Calculating       :  54.43%
Calculating       :  54.43%
Calculating       :  54.45%
Calculating       :  54.45%
Calculating       :  54.45%
Calculating       :  54.46%
Calculating       :  54.46%
Calculating       :  54.48%
Calculating       :  54.48%
Calculating       :  54.48%
Calculating       :  54.50%
Calculating       :  54.50%
Calculating       :  54.51%
Calculating       :  54.51%
Calculating       :  54.51%
Calculating       :  54.53%
Calculating       :  54.53%
Calculating       :  54.55%
Calculating       :  54.55%
Calculating       :  54.55%
Calculating       :  54.56%
Calculating       :  54.56%
Calculating       :  54.58%
Calculating       :  54.58%
Calculating       :  54.58%
Calculating       :  54.60%
Calculating       :  54.60%
Calculating       :  54.61%
Calculating       :  54.61%
Calculating       :  54.61%
Calculating       :  54.63%
Calculating       :  54.63%
Calculating       :  54.65%
Calculating       :  54.65%
Calculating       :  54.65%
Calculating       :  54.66%
Calculating       :  54.66%
Calculating       :  54.68%
Calculating       :  54.68%
Calculating       :  54.68%
Calculating       :  54.70%
Calculating       :  54.70%
Calculating       :  54.71%
Calculating       :  54.71%
Calculating       :  54.71%
Calculating       :  54.73%
Calculating       :  54.73%
Calculating       :  54.75%
Calculating       :  54.75%
Calculating       :  54.75%
Calculating       :  54.76%
Calculating       :  54.76%
Calculating       :  54.78%
Calculating       :  54.78%
Calculating       :  54.78%
Calculating       :  54.80%
Calculating       :  54.80%
Calculating       :  54.81%
Calculating       :  54.81%
Calculating       :  54.81%
Calculating       :  54.83%
Calculating       :  54.83%
Calculating       :  54.85%
Calculating       :  54.85%
Calculating       :  54.85%
Calculating       :  54.87%
Calculating       :  54.87%
Calculating       :  54.88%
Calculating       :  54.88%
Calculating       :  54.88%
Calculating       :  54.90%
Calculating       :  54.90%
Calculating       :  54.91%
Calculating       :  54.92%
Calculating       :  54.92%
Calculating       :  54.93%
Calculating       :  54.93%
Calculating       :  54.94%
Calculating       :  54.95%
Calculating       :  54.95%
Calculating       :  54.97%
Calculating       :  54.97%
Calculating       :  54.97%
Calculating       :  54.98%
Calculating       :  54.98%
Calculating       :  55.00%
Calculating       :  55.00%
Calculating       :  55.00%
Calculating       :  55.02%
Calculating       :  55.02%
Calculating       :  55.03%
Calculating       :  55.03%
Calculating       :  55.03%
Calculating       :  55.05%
Calculating       :  55.05%
Calculating       :  55.07%
Calculating       :  55.07%
Calculating       :  55.07%
Calculating       :  55.08%
Calculating       :  55.08%
Calculating       :  55.10%
Calculating       :  55.10%
Calculating       :  55.10%
Calculating       :  55.12%
Calculating       :  55.12%
Calculating       :  55.13%
Calculating       :  55.13%
Calculating       :  55.13%
Calculating       :  55.15%
Calculating       :  55.15%
Calculating       :  55.17%
Calculating       :  55.17%
Calculating       :  55.17%
Calculating       :  55.18%
Calculating       :  55.18%
Calculating       :  55.20%
Calculating       :  55.20%
Calculating       :  55.20%
Calculating       :  55.22%
Calculating       :  55.22%
Calculating       :  55.23%
Calculating       :  55.23%
Calculating       :  55.23%
Calculating       :  55.25%
Calculating       :  55.25%
Calculating       :  55.27%
Calculating       :  55.27%
Calculating       :  55.27%
Calculating       :  55.29%
Calculating       :  55.29%
Calculating       :  55.30%
Calculating       :  55.30%
Calculating       :  55.30%
Calculating       :  55.32%
Calculating       :  55.32%
Calculating       :  55.32%
Calculating       :  55.34%
Calculating       :  55.34%
Calculating       :  55.35%
Calculating       :  55.35%
Calculating       :  55.35%
Calculating       :  55.37%
Calculating       :  55.37%
Calculating       :  55.39%
Calculating       :  55.39%
Calculating       :  55.39%
Calculating       :  55.40%
Calculating       :  55.40%
Calculating       :  55.42%
Calculating       :  55.42%
Calculating       :  55.42%
Calculating       :  55.44%
Calculating       :  55.44%
Calculating       :  55.45%
Calculating       :  55.45%
Calculating       :  55.45%
Calculating       :  55.47%
Calculating       :  55.47%
Calculating       :  55.49%
Calculating       :  55.49%
Calculating       :  55.49%
Calculating       :  55.50%
Calculating       :  55.50%
Calculating       :  55.52%
Calculating       :  55.52%
Calculating       :  55.52%
Calculating       :  55.54%
Calculating       :  55.54%
Calculating       :  55.55%
Calculating       :  55.55%
Calculating       :  55.55%
Calculating       :  55.57%
Calculating       :  55.57%
Calculating       :  55.58%
Calculating       :  55.59%
Calculating       :  55.59%
Calculating       :  55.60%
Calculating       :  55.60%
Calculating       :  55.61%
Calculating       :  55.62%
Calculating       :  55.62%
Calculating       :  55.64%
Calculating       :  55.64%
Calculating       :  55.64%
Calculating       :  55.65%
Calculating       :  55.65%
Calculating       :  55.66%
Calculating       :  55.67%
Calculating       :  55.67%
Calculating       :  55.69%
Calculating       :  55.69%
Calculating       :  55.69%
Calculating       :  55.71%
Calculating       :  55.71%
Calculating       :  55.72%
Calculating       :  55.72%
Calculating       :  55.72%
Calculating       :  55.74%
Calculating       :  55.74%
Calculating       :  55.74%
Calculating       :  55.76%
Calculating       :  55.76%
Calculating       :  55.77%
Calculating       :  55.77%
Calculating       :  55.77%
Calculating       :  55.79%
Calculating       :  55.79%
Calculating       :  55.81%
Calculating       :  55.81%
Calculating       :  55.81%
Calculating       :  55.82%
Calculating       :  55.82%
Calculating       :  55.84%
Calculating       :  55.84%
Calculating       :  55.84%
Calculating       :  55.86%
Calculating       :  55.86%
Calculating       :  55.87%
Calculating       :  55.87%
Calculating       :  55.87%
Calculating       :  55.89%
Calculating       :  55.89%
Calculating       :  55.91%
Calculating       :  55.91%
Calculating       :  55.91%
Calculating       :  55.92%
Calculating       :  55.92%
Calculating       :  55.94%
Calculating       :  55.94%
Calculating       :  55.94%
Calculating       :  55.96%
Calculating       :  55.96%
Calculating       :  55.97%
Calculating       :  55.97%
Calculating       :  55.97%
Calculating       :  55.99%
Calculating       :  55.99%
Calculating       :  56.01%
Calculating       :  56.01%
Calculating       :  56.01%
Calculating       :  56.02%
Calculating       :  56.02%
Calculating       :  56.04%
Calculating       :  56.04%
Calculating       :  56.04%
Calculating       :  56.06%
Calculating       :  56.06%
Calculating       :  56.08%
Calculating       :  56.08%
Calculating       :  56.08%
Calculating       :  56.09%
Calculating       :  56.09%
Calculating       :  56.11%
Calculating       :  56.11%
Calculating       :  56.11%
Calculating       :  56.13%
Calculating       :  56.13%
Calculating       :  56.14%
Calculating       :  56.14%
Calculating       :  56.14%
Calculating       :  56.16%
Calculating       :  56.16%
Calculating       :  56.17%
Calculating       :  56.18%
Calculating       :  56.18%
Calculating       :  56.19%
Calculating       :  56.19%
Calculating       :  56.20%
Calculating       :  56.21%
Calculating       :  56.21%
Calculating       :  56.23%
Calculating       :  56.23%
Calculating       :  56.24%
Calculating       :  56.24%
Calculating       :  56.24%
Calculating       :  56.26%
Calculating       :  56.26%
Calculating       :  56.27%
Calculating       :  56.28%
Calculating       :  56.28%
Calculating       :  56.29%
Calculating       :  56.29%
Calculating       :  56.30%
Calculating       :  56.31%
Calculating       :  56.31%
Calculating       :  56.33%
Calculating       :  56.33%
Calculating       :  56.33%
Calculating       :  56.34%
Calculating       :  56.34%
Calculating       :  56.36%
Calculating       :  56.36%
Calculating       :  56.36%
Calculating       :  56.38%
Calculating       :  56.38%
Calculating       :  56.39%
Calculating       :  56.39%
Calculating       :  56.39%
Calculating       :  56.41%
Calculating       :  56.41%
Calculating       :  56.43%
Calculating       :  56.43%
Calculating       :  56.43%
Calculating       :  56.44%
Calculating       :  56.44%
Calculating       :  56.46%
Calculating       :  56.46%
Calculating       :  56.46%
Calculating       :  56.48%
Calculating       :  56.48%
Calculating       :  56.50%
Calculating       :  56.50%
Calculating       :  56.50%
Calculating       :  56.51%
Calculating       :  56.51%
Calculating       :  56.53%
Calculating       :  56.53%
Calculating       :  56.53%
Calculating       :  56.55%
Calculating       :  56.55%
Calculating       :  56.56%
Calculating       :  56.56%
Calculating       :  56.56%
Calculating       :  56.58%
Calculating       :  56.58%
Calculating       :  56.60%
Calculating       :  56.60%
Calculating       :  56.60%
Calculating       :  56.61%
Calculating       :  56.61%
Calculating       :  56.63%
Calculating       :  56.63%
Calculating       :  56.63%
Calculating       :  56.65%
Calculating       :  56.65%
Calculating       :  56.66%
Calculating       :  56.66%
Calculating       :  56.66%
Calculating       :  56.68%
Calculating       :  56.68%
Calculating       :  56.69%
Calculating       :  56.70%
Calculating       :  56.70%
Calculating       :  56.71%
Calculating       :  56.71%
Calculating       :  56.73%
Calculating       :  56.73%
Calculating       :  56.73%
Calculating       :  56.75%
Calculating       :  56.75%
Calculating       :  56.76%
Calculating       :  56.76%
Calculating       :  56.76%
Calculating       :  56.78%
Calculating       :  56.78%
Calculating       :  56.80%
Calculating       :  56.80%
Calculating       :  56.80%
Calculating       :  56.81%
Calculating       :  56.81%
Calculating       :  56.82%
Calculating       :  56.83%
Calculating       :  56.83%
Calculating       :  56.85%
Calculating       :  56.85%
Calculating       :  56.85%
Calculating       :  56.86%
Calculating       :  56.86%
Calculating       :  56.88%
Calculating       :  56.88%
Calculating       :  56.89%
Calculating       :  56.90%
Calculating       :  56.90%
Calculating       :  56.92%
Calculating       :  56.92%
Calculating       :  56.93%
Calculating       :  56.93%
Calculating       :  56.93%
Calculating       :  56.95%
Calculating       :  56.95%
Calculating       :  56.96%
Calculating       :  56.97%
Calculating       :  56.97%
Calculating       :  56.98%
Calculating       :  56.98%
Calculating       :  56.99%
Calculating       :  57.00%
Calculating       :  57.00%
Calculating       :  57.02%
Calculating       :  57.02%
Calculating       :  57.02%
Calculating       :  57.03%
Calculating       :  57.03%
Calculating       :  57.05%
Calculating       :  57.05%
Calculating       :  57.05%
Calculating       :  57.07%
Calculating       :  57.07%
Calculating       :  57.08%
Calculating       :  57.08%
Calculating       :  57.08%
Calculating       :  57.10%
Calculating       :  57.10%
Calculating       :  57.12%
Calculating       :  57.12%
Calculating       :  57.12%
Calculating       :  57.13%
Calculating       :  57.13%
Calculating       :  57.15%
Calculating       :  57.15%
Calculating       :  57.15%
Calculating       :  57.17%
Calculating       :  57.17%
Calculating       :  57.18%
Calculating       :  57.18%
Calculating       :  57.18%
Calculating       :  57.20%
Calculating       :  57.20%
Calculating       :  57.22%
Calculating       :  57.22%
Calculating       :  57.22%
Calculating       :  57.23%
Calculating       :  57.23%
Calculating       :  57.25%
Calculating       :  57.25%
Calculating       :  57.25%
Calculating       :  57.27%
Calculating       :  57.27%
Calculating       :  57.28%
Calculating       :  57.28%
Calculating       :  57.28%
Calculating       :  57.30%
Calculating       :  57.30%
Calculating       :  57.32%
Calculating       :  57.32%
Calculating       :  57.32%
Calculating       :  57.34%
Calculating       :  57.34%
Calculating       :  57.35%
Calculating       :  57.35%
Calculating       :  57.35%
Calculating       :  57.37%
Calculating       :  57.37%
Calculating       :  57.39%
Calculating       :  57.39%
Calculating       :  57.39%
Calculating       :  57.40%
Calculating       :  57.40%
Calculating       :  57.40%
Calculating       :  57.42%
Calculating       :  57.42%
Calculating       :  57.44%
Calculating       :  57.44%
Calculating       :  57.44%
Calculating       :  57.45%
Calculating       :  57.45%
Calculating       :  57.47%
Calculating       :  57.47%
Calculating       :  57.47%
Calculating       :  57.49%
Calculating       :  57.49%
Calculating       :  57.50%
Calculating       :  57.50%
Calculating       :  57.50%
Calculating       :  57.52%
Calculating       :  57.52%
Calculating       :  57.54%
Calculating       :  57.54%
Calculating       :  57.54%
Calculating       :  57.55%
Calculating       :  57.55%
Calculating       :  57.57%
Calculating       :  57.57%
Calculating       :  57.57%
Calculating       :  57.59%
Calculating       :  57.59%
Calculating       :  57.60%
Calculating       :  57.60%
Calculating       :  57.60%
Calculating       :  57.62%
Calculating       :  57.62%
Calculating       :  57.64%
Calculating       :  57.64%
Calculating       :  57.64%
Calculating       :  57.65%
Calculating       :  57.65%
Calculating       :  57.67%
Calculating       :  57.67%
Calculating       :  57.67%
Calculating       :  57.69%
Calculating       :  57.69%
Calculating       :  57.70%
Calculating       :  57.70%
Calculating       :  57.70%
Calculating       :  57.72%
Calculating       :  57.72%
Calculating       :  57.74%
Calculating       :  57.74%
Calculating       :  57.74%
Calculating       :  57.76%
Calculating       :  57.76%
Calculating       :  57.77%
Calculating       :  57.77%
Calculating       :  57.77%
Calculating       :  57.79%
Calculating       :  57.79%
Calculating       :  57.81%
Calculating       :  57.81%
Calculating       :  57.81%
Calculating       :  57.82%
Calculating       :  57.82%
Calculating       :  57.84%
Calculating       :  57.84%
Calculating       :  57.84%
Calculating       :  57.86%
Calculating       :  57.86%
Calculating       :  57.87%
Calculating       :  57.87%
Calculating       :  57.87%
Calculating       :  57.89%
Calculating       :  57.89%
Calculating       :  57.89%
Calculating       :  57.91%
Calculating       :  57.91%
Calculating       :  57.92%
Calculating       :  57.92%
Calculating       :  57.92%
Calculating       :  57.94%
Calculating       :  57.94%
Calculating       :  57.96%
Calculating       :  57.96%
Calculating       :  57.96%
Calculating       :  57.97%
Calculating       :  57.97%
Calculating       :  57.99%
Calculating       :  57.99%
Calculating       :  57.99%
Calculating       :  58.01%
Calculating       :  58.01%
Calculating       :  58.02%
Calculating       :  58.02%
Calculating       :  58.02%
Calculating       :  58.04%
Calculating       :  58.04%
Calculating       :  58.06%
Calculating       :  58.06%
Calculating       :  58.06%
Calculating       :  58.07%
Calculating       :  58.07%
Calculating       :  58.09%
Calculating       :  58.09%
Calculating       :  58.09%
Calculating       :  58.11%
Calculating       :  58.11%
Calculating       :  58.12%
Calculating       :  58.12%
Calculating       :  58.12%
Calculating       :  58.14%
Calculating       :  58.14%
Calculating       :  58.16%
Calculating       :  58.16%
Calculating       :  58.16%
Calculating       :  58.18%
Calculating       :  58.18%
Calculating       :  58.19%
Calculating       :  58.19%
Calculating       :  58.19%
Calculating       :  58.21%
Calculating       :  58.21%
Calculating       :  58.23%
Calculating       :  58.23%
Calculating       :  58.23%
Calculating       :  58.24%
Calculating       :  58.24%
Calculating       :  58.26%
Calculating       :  58.26%
Calculating       :  58.26%
Calculating       :  58.28%
Calculating       :  58.28%
Calculating       :  58.29%
Calculating       :  58.29%
Calculating       :  58.29%
Calculating       :  58.31%
Calculating       :  58.31%
Calculating       :  58.31%
Calculating       :  58.33%
Calculating       :  58.33%
Calculating       :  58.34%
Calculating       :  58.34%
Calculating       :  58.34%
Calculating       :  58.36%
Calculating       :  58.36%
Calculating       :  58.38%
Calculating       :  58.38%
Calculating       :  58.38%
Calculating       :  58.39%
Calculating       :  58.39%
Calculating       :  58.41%
Calculating       :  58.41%
Calculating       :  58.41%
Calculating       :  58.43%
Calculating       :  58.43%
Calculating       :  58.44%
Calculating       :  58.44%
Calculating       :  58.44%
Calculating       :  58.46%
Calculating       :  58.46%
Calculating       :  58.48%
Calculating       :  58.48%
Calculating       :  58.48%
Calculating       :  58.49%
Calculating       :  58.49%
Calculating       :  58.51%
Calculating       :  58.51%
Calculating       :  58.51%
Calculating       :  58.53%
Calculating       :  58.53%
Calculating       :  58.54%
Calculating       :  58.54%
Calculating       :  58.54%
Calculating       :  58.56%
Calculating       :  58.56%
Calculating       :  58.58%
Calculating       :  58.58%
Calculating       :  58.58%
Calculating       :  58.60%
Calculating       :  58.60%
Calculating       :  58.61%
Calculating       :  58.61%
Calculating       :  58.61%
Calculating       :  58.63%
Calculating       :  58.63%
Calculating       :  58.65%
Calculating       :  58.65%
Calculating       :  58.65%
Calculating       :  58.66%
Calculating       :  58.66%
Calculating       :  58.68%
Calculating       :  58.68%
Calculating       :  58.68%
Calculating       :  58.70%
Calculating       :  58.70%
Calculating       :  58.71%
Calculating       :  58.71%
Calculating       :  58.71%
Calculating       :  58.73%
Calculating       :  58.73%
Calculating       :  58.75%
Calculating       :  58.75%
Calculating       :  58.75%
Calculating       :  58.76%
Calculating       :  58.76%
Calculating       :  58.77%
Calculating       :  58.78%
Calculating       :  58.78%
Calculating       :  58.80%
Calculating       :  58.80%
Calculating       :  58.80%
Calculating       :  58.81%
Calculating       :  58.81%
Calculating       :  58.83%
Calculating       :  58.83%
Calculating       :  58.83%
Calculating       :  58.85%
Calculating       :  58.85%
Calculating       :  58.86%
Calculating       :  58.86%
Calculating       :  58.86%
Calculating       :  58.88%
Calculating       :  58.88%
Calculating       :  58.90%
Calculating       :  58.90%
Calculating       :  58.90%
Calculating       :  58.91%
Calculating       :  58.91%
Calculating       :  58.93%
Calculating       :  58.93%
Calculating       :  58.93%
Calculating       :  58.95%
Calculating       :  58.95%
Calculating       :  58.96%
Calculating       :  58.96%
Calculating       :  58.96%
Calculating       :  58.98%
Calculating       :  58.98%
Calculating       :  59.00%
Calculating       :  59.00%
Calculating       :  59.00%
Calculating       :  59.02%
Calculating       :  59.02%
Calculating       :  59.03%
Calculating       :  59.03%
Calculating       :  59.03%
Calculating       :  59.05%
Calculating       :  59.05%
Calculating       :  59.07%
Calculating       :  59.07%
Calculating       :  59.07%
Calculating       :  59.08%
Calculating       :  59.08%
Calculating       :  59.10%
Calculating       :  59.10%
Calculating       :  59.10%
Calculating       :  59.12%
Calculating       :  59.12%
Calculating       :  59.12%
Calculating       :  59.13%
Calculating       :  59.13%
Calculating       :  59.15%
Calculating       :  59.15%
Calculating       :  59.16%
Calculating       :  59.17%
Calculating       :  59.17%
Calculating       :  59.18%
Calculating       :  59.18%
Calculating       :  59.18%
Calculating       :  59.20%
Calculating       :  59.20%
Calculating       :  59.22%
Calculating       :  59.22%
Calculating       :  59.23%
Calculating       :  59.23%
Calculating       :  59.23%
Calculating       :  59.25%
Calculating       :  59.25%
Calculating       :  59.25%
Calculating       :  59.27%
Calculating       :  59.27%
Calculating       :  59.28%
Calculating       :  59.28%
Calculating       :  59.29%
Calculating       :  59.30%
Calculating       :  59.30%
Calculating       :  59.32%
Calculating       :  59.32%
Calculating       :  59.32%
Calculating       :  59.33%
Calculating       :  59.33%
Calculating       :  59.35%
Calculating       :  59.35%
Calculating       :  59.35%
Calculating       :  59.37%
Calculating       :  59.37%
Calculating       :  59.39%
Calculating       :  59.39%
Calculating       :  59.39%
Calculating       :  59.40%
Calculating       :  59.40%
Calculating       :  59.42%
Calculating       :  59.42%
Calculating       :  59.42%
Calculating       :  59.44%
Calculating       :  59.44%
Calculating       :  59.45%
Calculating       :  59.45%
Calculating       :  59.45%
Calculating       :  59.47%
Calculating       :  59.47%
Calculating       :  59.49%
Calculating       :  59.49%
Calculating       :  59.49%
Calculating       :  59.50%
Calculating       :  59.50%
Calculating       :  59.52%
Calculating       :  59.52%
Calculating       :  59.52%
Calculating       :  59.54%
Calculating       :  59.54%
Calculating       :  59.55%
Calculating       :  59.55%
Calculating       :  59.55%
Calculating       :  59.57%
Calculating       :  59.57%
Calculating       :  59.59%
Calculating       :  59.59%
Calculating       :  59.59%
Calculating       :  59.60%
Calculating       :  59.60%
Calculating       :  59.62%
Calculating       :  59.62%
Calculating       :  59.62%
Calculating       :  59.64%
Calculating       :  59.64%
Calculating       :  59.65%
Calculating       :  59.65%
Calculating       :  59.65%
Calculating       :  59.67%
Calculating       :  59.67%
Calculating       :  59.68%
Calculating       :  59.69%
Calculating       :  59.69%
Calculating       :  59.70%
Calculating       :  59.70%
Calculating       :  59.71%
Calculating       :  59.72%
Calculating       :  59.72%
Calculating       :  59.74%
Calculating       :  59.74%
Calculating       :  59.74%
Calculating       :  59.75%
Calculating       :  59.75%
Calculating       :  59.77%
Calculating       :  59.77%
Calculating       :  59.78%
Calculating       :  59.79%
Calculating       :  59.79%
Calculating       :  59.81%
Calculating       :  59.81%
Calculating       :  59.81%
Calculating       :  59.82%
Calculating       :  59.82%
Calculating       :  59.84%
Calculating       :  59.84%
Calculating       :  59.84%
Calculating       :  59.86%
Calculating       :  59.86%
Calculating       :  59.87%
Calculating       :  59.87%
Calculating       :  59.88%
Calculating       :  59.89%
Calculating       :  59.89%
Calculating       :  59.91%
Calculating       :  59.91%
Calculating       :  59.91%
Calculating       :  59.92%
Calculating       :  59.92%
Calculating       :  59.94%
Calculating       :  59.94%
Calculating       :  59.94%
Calculating       :  59.96%
Calculating       :  59.96%
Calculating       :  59.97%
Calculating       :  59.97%
Calculating       :  59.97%
Calculating       :  59.99%
Calculating       :  59.99%
Calculating       :  60.01%
Calculating       :  60.01%
Calculating       :  60.01%
Calculating       :  60.02%
Calculating       :  60.02%
Calculating       :  60.04%
Calculating       :  60.04%
Calculating       :  60.04%
Calculating       :  60.06%
Calculating       :  60.06%
Calculating       :  60.07%
Calculating       :  60.07%
Calculating       :  60.07%
Calculating       :  60.09%
Calculating       :  60.09%
Calculating       :  60.11%
Calculating       :  60.11%
Calculating       :  60.11%
Calculating       :  60.12%
Calculating       :  60.12%
Calculating       :  60.14%
Calculating       :  60.14%
Calculating       :  60.14%
Calculating       :  60.16%
Calculating       :  60.16%
Calculating       :  60.17%
Calculating       :  60.17%
Calculating       :  60.17%
Calculating       :  60.19%
Calculating       :  60.19%
Calculating       :  60.21%
Calculating       :  60.21%
Calculating       :  60.21%
Calculating       :  60.23%
Calculating       :  60.23%
Calculating       :  60.24%
Calculating       :  60.24%
Calculating       :  60.24%
Calculating       :  60.26%
Calculating       :  60.26%
Calculating       :  60.28%
Calculating       :  60.28%
Calculating       :  60.28%
Calculating       :  60.29%
Calculating       :  60.29%
Calculating       :  60.31%
Calculating       :  60.31%
Calculating       :  60.31%
Calculating       :  60.33%
Calculating       :  60.33%
Calculating       :  60.34%
Calculating       :  60.34%
Calculating       :  60.34%
Calculating       :  60.36%
Calculating       :  60.36%
Calculating       :  60.38%
Calculating       :  60.38%
Calculating       :  60.38%
Calculating       :  60.39%
Calculating       :  60.39%
Calculating       :  60.41%
Calculating       :  60.41%
Calculating       :  60.41%
Calculating       :  60.43%
Calculating       :  60.43%
Calculating       :  60.44%
Calculating       :  60.44%
Calculating       :  60.44%
Calculating       :  60.46%
Calculating       :  60.46%
Calculating       :  60.47%
Calculating       :  60.48%
Calculating       :  60.48%
Calculating       :  60.49%
Calculating       :  60.49%
Calculating       :  60.50%
Calculating       :  60.51%
Calculating       :  60.51%
Calculating       :  60.53%
Calculating       :  60.53%
Calculating       :  60.53%
Calculating       :  60.54%
Calculating       :  60.54%
Calculating       :  60.56%
Calculating       :  60.56%
Calculating       :  60.56%
Calculating       :  60.58%
Calculating       :  60.58%
Calculating       :  60.59%
Calculating       :  60.59%
Calculating       :  60.59%
Calculating       :  60.61%
Calculating       :  60.61%
Calculating       :  60.63%
Calculating       :  60.63%
Calculating       :  60.63%
Calculating       :  60.65%
Calculating       :  60.65%
Calculating       :  60.66%
Calculating       :  60.66%
Calculating       :  60.66%
Calculating       :  60.68%
Calculating       :  60.68%
Calculating       :  60.68%
Calculating       :  60.70%
Calculating       :  60.70%
Calculating       :  60.71%
Calculating       :  60.71%
Calculating       :  60.71%
Calculating       :  60.73%
Calculating       :  60.73%
Calculating       :  60.75%
Calculating       :  60.75%
Calculating       :  60.75%
Calculating       :  60.76%
Calculating       :  60.76%
Calculating       :  60.78%
Calculating       :  60.78%
Calculating       :  60.78%
Calculating       :  60.80%
Calculating       :  60.80%
Calculating       :  60.81%
Calculating       :  60.81%
Calculating       :  60.81%
Calculating       :  60.83%
Calculating       :  60.83%
Calculating       :  60.84%
Calculating       :  60.85%
Calculating       :  60.85%
Calculating       :  60.86%
Calculating       :  60.86%
Calculating       :  60.87%
Calculating       :  60.88%
Calculating       :  60.88%
Calculating       :  60.90%
Calculating       :  60.90%
Calculating       :  60.90%
Calculating       :  60.91%
Calculating       :  60.91%
Calculating       :  60.93%
Calculating       :  60.93%
Calculating       :  60.93%
Calculating       :  60.95%
Calculating       :  60.95%
Calculating       :  60.96%
Calculating       :  60.96%
Calculating       :  60.96%
Calculating       :  60.98%
Calculating       :  60.98%
Calculating       :  60.98%
Calculating       :  61.00%
Calculating       :  61.00%
Calculating       :  61.01%
Calculating       :  61.01%
Calculating       :  61.01%
Calculating       :  61.03%
Calculating       :  61.03%
Calculating       :  61.05%
Calculating       :  61.05%
Calculating       :  61.05%
Calculating       :  61.07%
Calculating       :  61.07%
Calculating       :  61.08%
Calculating       :  61.08%
Calculating       :  61.08%
Calculating       :  61.10%
Calculating       :  61.10%
Calculating       :  61.12%
Calculating       :  61.12%
Calculating       :  61.12%
Calculating       :  61.13%
Calculating       :  61.13%
Calculating       :  61.15%
Calculating       :  61.15%
Calculating       :  61.15%
Calculating       :  61.17%
Calculating       :  61.17%
Calculating       :  61.18%
Calculating       :  61.18%
Calculating       :  61.18%
Calculating       :  61.20%
Calculating       :  61.20%
Calculating       :  61.21%
Calculating       :  61.22%
Calculating       :  61.22%
Calculating       :  61.23%
Calculating       :  61.23%
Calculating       :  61.24%
Calculating       :  61.25%
Calculating       :  61.25%
Calculating       :  61.27%
Calculating       :  61.27%
Calculating       :  61.27%
Calculating       :  61.28%
Calculating       :  61.28%
Calculating       :  61.30%
Calculating       :  61.30%
Calculating       :  61.30%
Calculating       :  61.32%
Calculating       :  61.32%
Calculating       :  61.33%
Calculating       :  61.33%
Calculating       :  61.33%
Calculating       :  61.35%
Calculating       :  61.35%
Calculating       :  61.37%
Calculating       :  61.37%
Calculating       :  61.37%
Calculating       :  61.38%
Calculating       :  61.38%
Calculating       :  61.40%
Calculating       :  61.40%
Calculating       :  61.40%
Calculating       :  61.42%
Calculating       :  61.42%
Calculating       :  61.43%
Calculating       :  61.43%
Calculating       :  61.43%
Calculating       :  61.45%
Calculating       :  61.45%
Calculating       :  61.47%
Calculating       :  61.47%
Calculating       :  61.47%
Calculating       :  61.49%
Calculating       :  61.49%
Calculating       :  61.50%
Calculating       :  61.50%
Calculating       :  61.50%
Calculating       :  61.52%
Calculating       :  61.52%
Calculating       :  61.54%
Calculating       :  61.54%
Calculating       :  61.54%
Calculating       :  61.55%
Calculating       :  61.55%
Calculating       :  61.57%
Calculating       :  61.57%
Calculating       :  61.57%
Calculating       :  61.59%
Calculating       :  61.59%
Calculating       :  61.60%
Calculating       :  61.60%
Calculating       :  61.60%
Calculating       :  61.62%
Calculating       :  61.62%
Calculating       :  61.64%
Calculating       :  61.64%
Calculating       :  61.64%
Calculating       :  61.65%
Calculating       :  61.65%
Calculating       :  61.67%
Calculating       :  61.67%
Calculating       :  61.67%
Calculating       :  61.69%
Calculating       :  61.69%
Calculating       :  61.70%
Calculating       :  61.70%
Calculating       :  61.70%
Calculating       :  61.72%
Calculating       :  61.72%
Calculating       :  61.73%
Calculating       :  61.74%
Calculating       :  61.74%
Calculating       :  61.75%
Calculating       :  61.75%
Calculating       :  61.76%
Calculating       :  61.77%
Calculating       :  61.77%
Calculating       :  61.79%
Calculating       :  61.79%
Calculating       :  61.79%
Calculating       :  61.80%
Calculating       :  61.80%
Calculating       :  61.82%
Calculating       :  61.82%
Calculating       :  61.82%
Calculating       :  61.84%
Calculating       :  61.84%
Calculating       :  61.85%
Calculating       :  61.85%
Calculating       :  61.86%
Calculating       :  61.87%
Calculating       :  61.87%
Calculating       :  61.89%
Calculating       :  61.89%
Calculating       :  61.89%
Calculating       :  61.91%
Calculating       :  61.91%
Calculating       :  61.92%
Calculating       :  61.92%
Calculating       :  61.92%
Calculating       :  61.94%
Calculating       :  61.94%
Calculating       :  61.96%
Calculating       :  61.96%
Calculating       :  61.96%
Calculating       :  61.97%
Calculating       :  61.97%
Calculating       :  61.99%
Calculating       :  61.99%
Calculating       :  61.99%
Calculating       :  62.01%
Calculating       :  62.01%
Calculating       :  62.02%
Calculating       :  62.02%
Calculating       :  62.02%
Calculating       :  62.04%
Calculating       :  62.04%
Calculating       :  62.06%
Calculating       :  62.06%
Calculating       :  62.06%
Calculating       :  62.07%
Calculating       :  62.07%
Calculating       :  62.09%
Calculating       :  62.09%
Calculating       :  62.09%
Calculating       :  62.11%
Calculating       :  62.11%
Calculating       :  62.12%
Calculating       :  62.12%
Calculating       :  62.12%
Calculating       :  62.14%
Calculating       :  62.14%
Calculating       :  62.16%
Calculating       :  62.16%
Calculating       :  62.16%
Calculating       :  62.17%
Calculating       :  62.17%
Calculating       :  62.19%
Calculating       :  62.19%
Calculating       :  62.19%
Calculating       :  62.21%
Calculating       :  62.21%
Calculating       :  62.22%
Calculating       :  62.22%
Calculating       :  62.22%
Calculating       :  62.24%
Calculating       :  62.24%
Calculating       :  62.25%
Calculating       :  62.26%
Calculating       :  62.26%
Calculating       :  62.27%
Calculating       :  62.27%
Calculating       :  62.28%
Calculating       :  62.29%
Calculating       :  62.29%
Calculating       :  62.31%
Calculating       :  62.31%
Calculating       :  62.31%
Calculating       :  62.33%
Calculating       :  62.33%
Calculating       :  62.34%
Calculating       :  62.34%
Calculating       :  62.34%
Calculating       :  62.36%
Calculating       :  62.36%
Calculating       :  62.38%
Calculating       :  62.38%
Calculating       :  62.38%
Calculating       :  62.39%
Calculating       :  62.39%
Calculating       :  62.41%
Calculating       :  62.41%
Calculating       :  62.41%
Calculating       :  62.43%
Calculating       :  62.43%
Calculating       :  62.44%
Calculating       :  62.44%
Calculating       :  62.44%
Calculating       :  62.46%
Calculating       :  62.46%
Calculating       :  62.48%
Calculating       :  62.48%
Calculating       :  62.48%
Calculating       :  62.49%
Calculating       :  62.49%
Calculating       :  62.51%
Calculating       :  62.51%
Calculating       :  62.51%
Calculating       :  62.53%
Calculating       :  62.53%
Calculating       :  62.54%
Calculating       :  62.54%
Calculating       :  62.54%
Calculating       :  62.56%
Calculating       :  62.56%
Calculating       :  62.58%
Calculating       :  62.58%
Calculating       :  62.58%
Calculating       :  62.59%
Calculating       :  62.59%
Calculating       :  62.61%
Calculating       :  62.61%
Calculating       :  62.61%
Calculating       :  62.63%
Calculating       :  62.63%
Calculating       :  62.64%
Calculating       :  62.64%
Calculating       :  62.64%
Calculating       :  62.66%
Calculating       :  62.66%
Calculating       :  62.68%
Calculating       :  62.68%
Calculating       :  62.68%
Calculating       :  62.69%
Calculating       :  62.69%
Calculating       :  62.71%
Calculating       :  62.71%
Calculating       :  62.71%
Calculating       :  62.73%
Calculating       :  62.73%
Calculating       :  62.75%
Calculating       :  62.75%
Calculating       :  62.75%
Calculating       :  62.76%
Calculating       :  62.76%
Calculating       :  62.78%
Calculating       :  62.78%
Calculating       :  62.78%
Calculating       :  62.80%
Calculating       :  62.80%
Calculating       :  62.81%
Calculating       :  62.81%
Calculating       :  62.81%
Calculating       :  62.83%
Calculating       :  62.83%
Calculating       :  62.84%
Calculating       :  62.85%
Calculating       :  62.85%
Calculating       :  62.86%
Calculating       :  62.86%
Calculating       :  62.87%
Calculating       :  62.88%
Calculating       :  62.88%
Calculating       :  62.90%
Calculating       :  62.90%
Calculating       :  62.90%
Calculating       :  62.91%
Calculating       :  62.91%
Calculating       :  62.93%
Calculating       :  62.93%
Calculating       :  62.93%
Calculating       :  62.95%
Calculating       :  62.95%
Calculating       :  62.96%
Calculating       :  62.96%
Calculating       :  62.96%
Calculating       :  62.98%
Calculating       :  62.98%
Calculating       :  63.00%
Calculating       :  63.00%
Calculating       :  63.00%
Calculating       :  63.01%
Calculating       :  63.01%
Calculating       :  63.03%
Calculating       :  63.03%
Calculating       :  63.03%
Calculating       :  63.05%
Calculating       :  63.05%
Calculating       :  63.06%
Calculating       :  63.06%
Calculating       :  63.06%
Calculating       :  63.08%
Calculating       :  63.08%
Calculating       :  63.10%
Calculating       :  63.10%
Calculating       :  63.10%
Calculating       :  63.12%
Calculating       :  63.12%
Calculating       :  63.13%
Calculating       :  63.13%
Calculating       :  63.13%
Calculating       :  63.15%
Calculating       :  63.15%
Calculating       :  63.17%
Calculating       :  63.17%
Calculating       :  63.17%
Calculating       :  63.18%
Calculating       :  63.18%
Calculating       :  63.18%
Calculating       :  63.20%
Calculating       :  63.20%
Calculating       :  63.22%
Calculating       :  63.22%
Calculating       :  63.22%
Calculating       :  63.23%
Calculating       :  63.23%
Calculating       :  63.25%
Calculating       :  63.25%
Calculating       :  63.25%
Calculating       :  63.27%
Calculating       :  63.27%
Calculating       :  63.28%
Calculating       :  63.28%
Calculating       :  63.28%
Calculating       :  63.30%
Calculating       :  63.30%
Calculating       :  63.32%
Calculating       :  63.32%
Calculating       :  63.32%
Calculating       :  63.33%
Calculating       :  63.33%
Calculating       :  63.35%
Calculating       :  63.35%
Calculating       :  63.35%
Calculating       :  63.37%
Calculating       :  63.37%
Calculating       :  63.38%
Calculating       :  63.38%
Calculating       :  63.38%
Calculating       :  63.40%
Calculating       :  63.40%
Calculating       :  63.42%
Calculating       :  63.42%
Calculating       :  63.42%
Calculating       :  63.43%
Calculating       :  63.43%
Calculating       :  63.45%
Calculating       :  63.45%
Calculating       :  63.45%
Calculating       :  63.47%
Calculating       :  63.47%
Calculating       :  63.48%
Calculating       :  63.48%
Calculating       :  63.48%
Calculating       :  63.50%
Calculating       :  63.50%
Calculating       :  63.52%
Calculating       :  63.52%
Calculating       :  63.52%
Calculating       :  63.54%
Calculating       :  63.54%
Calculating       :  63.55%
Calculating       :  63.55%
Calculating       :  63.55%
Calculating       :  63.57%
Calculating       :  63.57%
Calculating       :  63.59%
Calculating       :  63.59%
Calculating       :  63.59%
Calculating       :  63.60%
Calculating       :  63.60%
Calculating       :  63.62%
Calculating       :  63.62%
Calculating       :  63.62%
Calculating       :  63.64%
Calculating       :  63.64%
Calculating       :  63.65%
Calculating       :  63.65%
Calculating       :  63.65%
Calculating       :  63.67%
Calculating       :  63.67%
Calculating       :  63.69%
Calculating       :  63.69%
Calculating       :  63.69%
Calculating       :  63.70%
Calculating       :  63.70%
Calculating       :  63.72%
Calculating       :  63.72%
Calculating       :  63.72%
Calculating       :  63.74%
Calculating       :  63.74%
Calculating       :  63.75%
Calculating       :  63.75%
Calculating       :  63.75%
Calculating       :  63.77%
Calculating       :  63.77%
Calculating       :  63.79%
Calculating       :  63.79%
Calculating       :  63.79%
Calculating       :  63.80%
Calculating       :  63.80%
Calculating       :  63.82%
Calculating       :  63.82%
Calculating       :  63.82%
Calculating       :  63.84%
Calculating       :  63.84%
Calculating       :  63.85%
Calculating       :  63.85%
Calculating       :  63.85%
Calculating       :  63.87%
Calculating       :  63.87%
Calculating       :  63.89%
Calculating       :  63.89%
Calculating       :  63.89%
Calculating       :  63.90%
Calculating       :  63.90%
Calculating       :  63.91%
Calculating       :  63.92%
Calculating       :  63.92%
Calculating       :  63.94%
Calculating       :  63.94%
Calculating       :  63.94%
Calculating       :  63.96%
Calculating       :  63.96%
Calculating       :  63.97%
Calculating       :  63.97%
Calculating       :  63.97%
Calculating       :  63.99%
Calculating       :  63.99%
Calculating       :  64.01%
Calculating       :  64.01%
Calculating       :  64.01%
Calculating       :  64.02%
Calculating       :  64.02%
Calculating       :  64.04%
Calculating       :  64.04%
Calculating       :  64.04%
Calculating       :  64.06%
Calculating       :  64.06%
Calculating       :  64.07%
Calculating       :  64.07%
Calculating       :  64.07%
Calculating       :  64.09%
Calculating       :  64.09%
Calculating       :  64.11%
Calculating       :  64.11%
Calculating       :  64.11%
Calculating       :  64.12%
Calculating       :  64.12%
Calculating       :  64.14%
Calculating       :  64.14%
Calculating       :  64.14%
Calculating       :  64.16%
Calculating       :  64.16%
Calculating       :  64.17%
Calculating       :  64.17%
Calculating       :  64.17%
Calculating       :  64.19%
Calculating       :  64.19%
Calculating       :  64.21%
Calculating       :  64.21%
Calculating       :  64.21%
Calculating       :  64.22%
Calculating       :  64.22%
Calculating       :  64.24%
Calculating       :  64.24%
Calculating       :  64.24%
Calculating       :  64.26%
Calculating       :  64.26%
Calculating       :  64.27%
Calculating       :  64.27%
Calculating       :  64.27%
Calculating       :  64.29%
Calculating       :  64.29%
Calculating       :  64.31%
Calculating       :  64.31%
Calculating       :  64.31%
Calculating       :  64.32%
Calculating       :  64.32%
Calculating       :  64.34%
Calculating       :  64.34%
Calculating       :  64.34%
Calculating       :  64.36%
Calculating       :  64.36%
Calculating       :  64.38%
Calculating       :  64.38%
Calculating       :  64.38%
Calculating       :  64.39%
Calculating       :  64.39%
Calculating       :  64.41%
Calculating       :  64.41%
Calculating       :  64.41%
Calculating       :  64.43%
Calculating       :  64.43%
Calculating       :  64.44%
Calculating       :  64.44%
Calculating       :  64.44%
Calculating       :  64.46%
Calculating       :  64.46%
Calculating       :  64.46%
Calculating       :  64.48%
Calculating       :  64.48%
Calculating       :  64.49%
Calculating       :  64.49%
Calculating       :  64.50%
Calculating       :  64.51%
Calculating       :  64.51%
Calculating       :  64.53%
Calculating       :  64.53%
Calculating       :  64.53%
Calculating       :  64.54%
Calculating       :  64.54%
Calculating       :  64.56%
Calculating       :  64.56%
Calculating       :  64.56%
Calculating       :  64.58%
Calculating       :  64.58%
Calculating       :  64.59%
Calculating       :  64.59%
Calculating       :  64.59%
Calculating       :  64.61%
Calculating       :  64.61%
Calculating       :  64.61%
Calculating       :  64.63%
Calculating       :  64.63%
Calculating       :  64.64%
Calculating       :  64.64%
Calculating       :  64.64%
Calculating       :  64.66%
Calculating       :  64.66%
Calculating       :  64.66%
Calculating       :  64.68%
Calculating       :  64.68%
Calculating       :  64.69%
Calculating       :  64.69%
Calculating       :  64.69%
Calculating       :  64.71%
Calculating       :  64.71%
Calculating       :  64.73%
Calculating       :  64.73%
Calculating       :  64.73%
Calculating       :  64.74%
Calculating       :  64.74%
Calculating       :  64.76%
Calculating       :  64.76%
Calculating       :  64.76%
Calculating       :  64.78%
Calculating       :  64.78%
Calculating       :  64.80%
Calculating       :  64.80%
Calculating       :  64.80%
Calculating       :  64.81%
Calculating       :  64.81%
Calculating       :  64.83%
Calculating       :  64.83%
Calculating       :  64.83%
Calculating       :  64.85%
Calculating       :  64.85%
Calculating       :  64.86%
Calculating       :  64.86%
Calculating       :  64.86%
Calculating       :  64.88%
Calculating       :  64.88%
Calculating       :  64.90%
Calculating       :  64.90%
Calculating       :  64.90%
Calculating       :  64.91%
Calculating       :  64.91%
Calculating       :  64.93%
Calculating       :  64.93%
Calculating       :  64.93%
Calculating       :  64.95%
Calculating       :  64.95%
Calculating       :  64.96%
Calculating       :  64.96%
Calculating       :  64.96%
Calculating       :  64.98%
Calculating       :  64.98%
Calculating       :  65.00%
Calculating       :  65.00%
Calculating       :  65.00%
Calculating       :  65.01%
Calculating       :  65.01%
Calculating       :  65.03%
Calculating       :  65.03%
Calculating       :  65.03%
Calculating       :  65.05%
Calculating       :  65.05%
Calculating       :  65.06%
Calculating       :  65.06%
Calculating       :  65.06%
Calculating       :  65.08%
Calculating       :  65.08%
Calculating       :  65.10%
Calculating       :  65.10%
Calculating       :  65.10%
Calculating       :  65.11%
Calculating       :  65.11%
Calculating       :  65.13%
Calculating       :  65.13%
Calculating       :  65.13%
Calculating       :  65.15%
Calculating       :  65.15%
Calculating       :  65.16%
Calculating       :  65.16%
Calculating       :  65.16%
Calculating       :  65.18%
Calculating       :  65.18%
Calculating       :  65.18%
Calculating       :  65.20%
Calculating       :  65.20%
Calculating       :  65.22%
Calculating       :  65.22%
Calculating       :  65.22%
Calculating       :  65.23%
Calculating       :  65.23%
Calculating       :  65.25%
Calculating       :  65.25%
Calculating       :  65.25%
Calculating       :  65.27%
Calculating       :  65.27%
Calculating       :  65.28%
Calculating       :  65.28%
Calculating       :  65.28%
Calculating       :  65.30%
Calculating       :  65.30%
Calculating       :  65.32%
Calculating       :  65.32%
Calculating       :  65.32%
Calculating       :  65.33%
Calculating       :  65.33%
Calculating       :  65.35%
Calculating       :  65.35%
Calculating       :  65.35%
Calculating       :  65.37%
Calculating       :  65.37%
Calculating       :  65.38%
Calculating       :  65.38%
Calculating       :  65.38%
Calculating       :  65.40%
Calculating       :  65.40%
Calculating       :  65.42%
Calculating       :  65.42%
Calculating       :  65.42%
Calculating       :  65.43%
Calculating       :  65.43%
Calculating       :  65.45%
Calculating       :  65.45%
Calculating       :  65.45%
Calculating       :  65.47%
Calculating       :  65.47%
Calculating       :  65.48%
Calculating       :  65.48%
Calculating       :  65.48%
Calculating       :  65.50%
Calculating       :  65.50%
Calculating       :  65.52%
Calculating       :  65.52%
Calculating       :  65.52%
Calculating       :  65.53%
Calculating       :  65.53%
Calculating       :  65.55%
Calculating       :  65.55%
Calculating       :  65.55%
Calculating       :  65.57%
Calculating       :  65.57%
Calculating       :  65.58%
Calculating       :  65.58%
Calculating       :  65.58%
Calculating       :  65.60%
Calculating       :  65.60%
Calculating       :  65.62%
Calculating       :  65.62%
Calculating       :  65.62%
Calculating       :  65.64%
Calculating       :  65.64%
Calculating       :  65.65%
Calculating       :  65.65%
Calculating       :  65.65%
Calculating       :  65.67%
Calculating       :  65.67%
Calculating       :  65.68%
Calculating       :  65.69%
Calculating       :  65.69%
Calculating       :  65.70%
Calculating       :  65.70%
Calculating       :  65.70%
Calculating       :  65.72%
Calculating       :  65.72%
Calculating       :  65.74%
Calculating       :  65.74%
Calculating       :  65.74%
Calculating       :  65.75%
Calculating       :  65.75%
Calculating       :  65.77%
Calculating       :  65.77%
Calculating       :  65.77%
Calculating       :  65.79%
Calculating       :  65.79%
Calculating       :  65.80%
Calculating       :  65.80%
Calculating       :  65.80%
Calculating       :  65.82%
Calculating       :  65.82%
Calculating       :  65.84%
Calculating       :  65.84%
Calculating       :  65.84%
Calculating       :  65.85%
Calculating       :  65.85%
Calculating       :  65.87%
Calculating       :  65.87%
Calculating       :  65.87%
Calculating       :  65.89%
Calculating       :  65.89%
Calculating       :  65.90%
Calculating       :  65.90%
Calculating       :  65.90%
Calculating       :  65.92%
Calculating       :  65.92%
Calculating       :  65.94%
Calculating       :  65.94%
Calculating       :  65.94%
Calculating       :  65.95%
Calculating       :  65.95%
Calculating       :  65.97%
Calculating       :  65.97%
Calculating       :  65.97%
Calculating       :  65.99%
Calculating       :  65.99%
Calculating       :  66.00%
Calculating       :  66.00%
Calculating       :  66.00%
Calculating       :  66.02%
Calculating       :  66.02%
Calculating       :  66.04%
Calculating       :  66.04%
Calculating       :  66.04%
Calculating       :  66.06%
Calculating       :  66.06%
Calculating       :  66.07%
Calculating       :  66.07%
Calculating       :  66.07%
Calculating       :  66.09%
Calculating       :  66.09%
Calculating       :  66.11%
Calculating       :  66.11%
Calculating       :  66.11%
Calculating       :  66.12%
Calculating       :  66.12%
Calculating       :  66.14%
Calculating       :  66.14%
Calculating       :  66.14%
Calculating       :  66.16%
Calculating       :  66.16%
Calculating       :  66.17%
Calculating       :  66.17%
Calculating       :  66.17%
Calculating       :  66.19%
Calculating       :  66.19%
Calculating       :  66.21%
Calculating       :  66.21%
Calculating       :  66.21%
Calculating       :  66.22%
Calculating       :  66.22%
Calculating       :  66.24%
Calculating       :  66.24%
Calculating       :  66.24%
Calculating       :  66.26%
Calculating       :  66.26%
Calculating       :  66.27%
Calculating       :  66.27%
Calculating       :  66.27%
Calculating       :  66.29%
Calculating       :  66.29%
Calculating       :  66.31%
Calculating       :  66.31%
Calculating       :  66.31%
Calculating       :  66.32%
Calculating       :  66.32%
Calculating       :  66.34%
Calculating       :  66.34%
Calculating       :  66.34%
Calculating       :  66.36%
Calculating       :  66.36%
Calculating       :  66.36%
Calculating       :  66.37%
Calculating       :  66.37%
Calculating       :  66.39%
Calculating       :  66.39%
Calculating       :  66.40%
Calculating       :  66.41%
Calculating       :  66.41%
Calculating       :  66.43%
Calculating       :  66.43%
Calculating       :  66.43%
Calculating       :  66.44%
Calculating       :  66.44%
Calculating       :  66.46%
Calculating       :  66.46%
Calculating       :  66.46%
Calculating       :  66.48%
Calculating       :  66.48%
Calculating       :  66.49%
Calculating       :  66.49%
Calculating       :  66.49%
Calculating       :  66.51%
Calculating       :  66.51%
Calculating       :  66.53%
Calculating       :  66.53%
Calculating       :  66.53%
Calculating       :  66.54%
Calculating       :  66.54%
Calculating       :  66.56%
Calculating       :  66.56%
Calculating       :  66.56%
Calculating       :  66.58%
Calculating       :  66.58%
Calculating       :  66.59%
Calculating       :  66.59%
Calculating       :  66.59%
Calculating       :  66.61%
Calculating       :  66.61%
Calculating       :  66.63%
Calculating       :  66.63%
Calculating       :  66.63%
Calculating       :  66.64%
Calculating       :  66.64%
Calculating       :  66.66%
Calculating       :  66.66%
Calculating       :  66.66%
Calculating       :  66.68%
Calculating       :  66.68%
Calculating       :  66.69%
Calculating       :  66.69%
Calculating       :  66.69%
Calculating       :  66.71%
Calculating       :  66.71%
Calculating       :  66.73%
Calculating       :  66.73%
Calculating       :  66.73%
Calculating       :  66.74%
Calculating       :  66.74%
Calculating       :  66.76%
Calculating       :  66.76%
Calculating       :  66.76%
Calculating       :  66.78%
Calculating       :  66.78%
Calculating       :  66.79%
Calculating       :  66.79%
Calculating       :  66.79%
Calculating       :  66.81%
Calculating       :  66.81%
Calculating       :  66.83%
Calculating       :  66.83%
Calculating       :  66.83%
Calculating       :  66.85%
Calculating       :  66.85%
Calculating       :  66.86%
Calculating       :  66.86%
Calculating       :  66.86%
Calculating       :  66.88%
Calculating       :  66.88%
Calculating       :  66.89%
Calculating       :  66.90%
Calculating       :  66.90%
Calculating       :  66.91%
Calculating       :  66.91%
Calculating       :  66.92%
Calculating       :  66.93%
Calculating       :  66.93%
Calculating       :  66.95%
Calculating       :  66.95%
Calculating       :  66.95%
Calculating       :  66.96%
Calculating       :  66.96%
Calculating       :  66.98%
Calculating       :  66.98%
Calculating       :  66.98%
Calculating       :  67.00%
Calculating       :  67.00%
Calculating       :  67.01%
Calculating       :  67.01%
Calculating       :  67.01%
Calculating       :  67.03%
Calculating       :  67.03%
Calculating       :  67.05%
Calculating       :  67.05%
Calculating       :  67.05%
Calculating       :  67.06%
Calculating       :  67.06%
Calculating       :  67.08%
Calculating       :  67.08%
Calculating       :  67.08%
Calculating       :  67.10%
Calculating       :  67.10%
Calculating       :  67.11%
Calculating       :  67.11%
Calculating       :  67.11%
Calculating       :  67.13%
Calculating       :  67.13%
Calculating       :  67.15%
Calculating       :  67.15%
Calculating       :  67.15%
Calculating       :  67.16%
Calculating       :  67.16%
Calculating       :  67.18%
Calculating       :  67.18%
Calculating       :  67.18%
Calculating       :  67.20%
Calculating       :  67.20%
Calculating       :  67.21%
Calculating       :  67.21%
Calculating       :  67.21%
Calculating       :  67.23%
Calculating       :  67.23%
Calculating       :  67.25%
Calculating       :  67.25%
Calculating       :  67.25%
Calculating       :  67.27%
Calculating       :  67.27%
Calculating       :  67.28%
Calculating       :  67.28%
Calculating       :  67.28%
Calculating       :  67.30%
Calculating       :  67.30%
Calculating       :  67.32%
Calculating       :  67.32%
Calculating       :  67.32%
Calculating       :  67.33%
Calculating       :  67.33%
Calculating       :  67.35%
Calculating       :  67.35%
Calculating       :  67.35%
Calculating       :  67.37%
Calculating       :  67.37%
Calculating       :  67.38%
Calculating       :  67.38%
Calculating       :  67.38%
Calculating       :  67.40%
Calculating       :  67.40%
Calculating       :  67.42%
Calculating       :  67.42%
Calculating       :  67.42%
Calculating       :  67.43%
Calculating       :  67.43%
Calculating       :  67.44%
Calculating       :  67.45%
Calculating       :  67.45%
Calculating       :  67.47%
Calculating       :  67.47%
Calculating       :  67.47%
Calculating       :  67.48%
Calculating       :  67.48%
Calculating       :  67.50%
Calculating       :  67.50%
Calculating       :  67.50%
Calculating       :  67.52%
Calculating       :  67.52%
Calculating       :  67.53%
Calculating       :  67.53%
Calculating       :  67.53%
Calculating       :  67.55%
Calculating       :  67.55%
Calculating       :  67.57%
Calculating       :  67.57%
Calculating       :  67.57%
Calculating       :  67.58%
Calculating       :  67.58%
Calculating       :  67.60%
Calculating       :  67.60%
Calculating       :  67.60%
Calculating       :  67.62%
Calculating       :  67.62%
Calculating       :  67.63%
Calculating       :  67.63%
Calculating       :  67.63%
Calculating       :  67.65%
Calculating       :  67.65%
Calculating       :  67.67%
Calculating       :  67.67%
Calculating       :  67.67%
Calculating       :  67.69%
Calculating       :  67.69%
Calculating       :  67.70%
Calculating       :  67.70%
Calculating       :  67.70%
Calculating       :  67.72%
Calculating       :  67.72%
Calculating       :  67.74%
Calculating       :  67.74%
Calculating       :  67.74%
Calculating       :  67.75%
Calculating       :  67.75%
Calculating       :  67.77%
Calculating       :  67.77%
Calculating       :  67.77%
Calculating       :  67.79%
Calculating       :  67.79%
Calculating       :  67.80%
Calculating       :  67.80%
Calculating       :  67.80%
Calculating       :  67.82%
Calculating       :  67.82%
Calculating       :  67.84%
Calculating       :  67.84%
Calculating       :  67.84%
Calculating       :  67.85%
Calculating       :  67.85%
Calculating       :  67.87%
Calculating       :  67.87%
Calculating       :  67.87%
Calculating       :  67.89%
Calculating       :  67.89%
Calculating       :  67.90%
Calculating       :  67.90%
Calculating       :  67.90%
Calculating       :  67.92%
Calculating       :  67.92%
Calculating       :  67.94%
Calculating       :  67.94%
Calculating       :  67.94%
Calculating       :  67.95%
Calculating       :  67.95%
Calculating       :  67.97%
Calculating       :  67.97%
Calculating       :  67.97%
Calculating       :  67.99%
Calculating       :  67.99%
Calculating       :  68.00%
Calculating       :  68.00%
Calculating       :  68.00%
Calculating       :  68.02%
Calculating       :  68.02%
Calculating       :  68.03%
Calculating       :  68.04%
Calculating       :  68.04%
Calculating       :  68.05%
Calculating       :  68.05%
Calculating       :  68.06%
Calculating       :  68.07%
Calculating       :  68.07%
Calculating       :  68.09%
Calculating       :  68.09%
Calculating       :  68.10%
Calculating       :  68.11%
Calculating       :  68.11%
Calculating       :  68.12%
Calculating       :  68.12%
Calculating       :  68.12%
Calculating       :  68.14%
Calculating       :  68.14%
Calculating       :  68.16%
Calculating       :  68.16%
Calculating       :  68.16%
Calculating       :  68.17%
Calculating       :  68.17%
Calculating       :  68.19%
Calculating       :  68.19%
Calculating       :  68.19%
Calculating       :  68.21%
Calculating       :  68.21%
Calculating       :  68.22%
Calculating       :  68.22%
Calculating       :  68.22%
Calculating       :  68.24%
Calculating       :  68.24%
Calculating       :  68.26%
Calculating       :  68.26%
Calculating       :  68.26%
Calculating       :  68.27%
Calculating       :  68.27%
Calculating       :  68.29%
Calculating       :  68.29%
Calculating       :  68.29%
Calculating       :  68.31%
Calculating       :  68.31%
Calculating       :  68.32%
Calculating       :  68.32%
Calculating       :  68.32%
Calculating       :  68.34%
Calculating       :  68.34%
Calculating       :  68.36%
Calculating       :  68.36%
Calculating       :  68.36%
Calculating       :  68.37%
Calculating       :  68.37%
Calculating       :  68.39%
Calculating       :  68.39%
Calculating       :  68.39%
Calculating       :  68.41%
Calculating       :  68.41%
Calculating       :  68.42%
Calculating       :  68.42%
Calculating       :  68.42%
Calculating       :  68.44%
Calculating       :  68.44%
Calculating       :  68.46%
Calculating       :  68.46%
Calculating       :  68.46%
Calculating       :  68.47%
Calculating       :  68.47%
Calculating       :  68.49%
Calculating       :  68.49%
Calculating       :  68.49%
Calculating       :  68.51%
Calculating       :  68.51%
Calculating       :  68.53%
Calculating       :  68.53%
Calculating       :  68.53%
Calculating       :  68.54%
Calculating       :  68.54%
Calculating       :  68.56%
Calculating       :  68.56%
Calculating       :  68.56%
Calculating       :  68.58%
Calculating       :  68.58%
Calculating       :  68.59%
Calculating       :  68.59%
Calculating       :  68.59%
Calculating       :  68.61%
Calculating       :  68.61%
Calculating       :  68.63%
Calculating       :  68.63%
Calculating       :  68.63%
Calculating       :  68.64%
Calculating       :  68.64%
Calculating       :  68.66%
Calculating       :  68.66%
Calculating       :  68.66%
Calculating       :  68.68%
Calculating       :  68.68%
Calculating       :  68.69%
Calculating       :  68.69%
Calculating       :  68.69%
Calculating       :  68.71%
Calculating       :  68.71%
Calculating       :  68.73%
Calculating       :  68.73%
Calculating       :  68.73%
Calculating       :  68.74%
Calculating       :  68.74%
Calculating       :  68.76%
Calculating       :  68.76%
Calculating       :  68.76%
Calculating       :  68.78%
Calculating       :  68.78%
Calculating       :  68.79%
Calculating       :  68.79%
Calculating       :  68.79%
Calculating       :  68.81%
Calculating       :  68.81%
Calculating       :  68.82%
Calculating       :  68.83%
Calculating       :  68.83%
Calculating       :  68.84%
Calculating       :  68.84%
Calculating       :  68.85%
Calculating       :  68.86%
Calculating       :  68.86%
Calculating       :  68.88%
Calculating       :  68.88%
Calculating       :  68.88%
Calculating       :  68.89%
Calculating       :  68.89%
Calculating       :  68.91%
Calculating       :  68.91%
Calculating       :  68.91%
Calculating       :  68.93%
Calculating       :  68.93%
Calculating       :  68.95%
Calculating       :  68.95%
Calculating       :  68.95%
Calculating       :  68.96%
Calculating       :  68.96%
Calculating       :  68.98%
Calculating       :  68.98%
Calculating       :  68.98%
Calculating       :  69.00%
Calculating       :  69.00%
Calculating       :  69.01%
Calculating       :  69.01%
Calculating       :  69.01%
Calculating       :  69.03%
Calculating       :  69.03%
Calculating       :  69.05%
Calculating       :  69.05%
Calculating       :  69.05%
Calculating       :  69.06%
Calculating       :  69.06%
Calculating       :  69.08%
Calculating       :  69.08%
Calculating       :  69.08%
Calculating       :  69.10%
Calculating       :  69.10%
Calculating       :  69.11%
Calculating       :  69.11%
Calculating       :  69.11%
Calculating       :  69.13%
Calculating       :  69.13%
Calculating       :  69.15%
Calculating       :  69.15%
Calculating       :  69.15%
Calculating       :  69.16%
Calculating       :  69.16%
Calculating       :  69.18%
Calculating       :  69.18%
Calculating       :  69.18%
Calculating       :  69.20%
Calculating       :  69.20%
Calculating       :  69.21%
Calculating       :  69.21%
Calculating       :  69.21%
Calculating       :  69.23%
Calculating       :  69.23%
Calculating       :  69.24%
Calculating       :  69.25%
Calculating       :  69.25%
Calculating       :  69.26%
Calculating       :  69.26%
Calculating       :  69.26%
Calculating       :  69.28%
Calculating       :  69.28%
Calculating       :  69.30%
Calculating       :  69.30%
Calculating       :  69.30%
Calculating       :  69.31%
Calculating       :  69.31%
Calculating       :  69.33%
Calculating       :  69.33%
Calculating       :  69.33%
Calculating       :  69.35%
Calculating       :  69.35%
Calculating       :  69.37%
Calculating       :  69.37%
Calculating       :  69.37%
Calculating       :  69.38%
Calculating       :  69.38%
Calculating       :  69.40%
Calculating       :  69.40%
Calculating       :  69.40%
Calculating       :  69.42%
Calculating       :  69.42%
Calculating       :  69.43%
Calculating       :  69.43%
Calculating       :  69.43%
Calculating       :  69.45%
Calculating       :  69.45%
Calculating       :  69.47%
Calculating       :  69.47%
Calculating       :  69.47%
Calculating       :  69.48%
Calculating       :  69.48%
Calculating       :  69.50%
Calculating       :  69.50%
Calculating       :  69.50%
Calculating       :  69.52%
Calculating       :  69.52%
Calculating       :  69.53%
Calculating       :  69.53%
Calculating       :  69.53%
Calculating       :  69.55%
Calculating       :  69.55%
Calculating       :  69.57%
Calculating       :  69.57%
Calculating       :  69.57%
Calculating       :  69.58%
Calculating       :  69.58%
Calculating       :  69.60%
Calculating       :  69.60%
Calculating       :  69.60%
Calculating       :  69.62%
Calculating       :  69.62%
Calculating       :  69.63%
Calculating       :  69.63%
Calculating       :  69.63%
Calculating       :  69.65%
Calculating       :  69.65%
Calculating       :  69.67%
Calculating       :  69.67%
Calculating       :  69.67%
Calculating       :  69.68%
Calculating       :  69.68%
Calculating       :  69.70%
Calculating       :  69.70%
Calculating       :  69.70%
Calculating       :  69.72%
Calculating       :  69.72%
Calculating       :  69.73%
Calculating       :  69.73%
Calculating       :  69.73%
Calculating       :  69.75%
Calculating       :  69.75%
Calculating       :  69.77%
Calculating       :  69.77%
Calculating       :  69.77%
Calculating       :  69.79%
Calculating       :  69.79%
Calculating       :  69.80%
Calculating       :  69.80%
Calculating       :  69.80%
Calculating       :  69.82%
Calculating       :  69.82%
Calculating       :  69.82%
Calculating       :  69.84%
Calculating       :  69.84%
Calculating       :  69.85%
Calculating       :  69.85%
Calculating       :  69.86%
Calculating       :  69.87%
Calculating       :  69.87%
Calculating       :  69.89%
Calculating       :  69.89%
Calculating       :  69.90%
Calculating       :  69.90%
Calculating       :  69.90%
Calculating       :  69.92%
Calculating       :  69.92%
Calculating       :  69.93%
Calculating       :  69.94%
Calculating       :  69.94%
Calculating       :  69.95%
Calculating       :  69.95%
Calculating       :  69.97%
Calculating       :  69.97%
Calculating       :  69.97%
Calculating       :  69.99%
Calculating       :  69.99%
Calculating       :  70.00%
Calculating       :  70.00%
Calculating       :  70.00%
Calculating       :  70.02%
Calculating       :  70.02%
Calculating       :  70.04%
Calculating       :  70.04%
Calculating       :  70.04%
Calculating       :  70.05%
Calculating       :  70.05%
Calculating       :  70.06%
Calculating       :  70.07%
Calculating       :  70.07%
Calculating       :  70.09%
Calculating       :  70.09%
Calculating       :  70.09%
Calculating       :  70.10%
Calculating       :  70.10%
Calculating       :  70.12%
Calculating       :  70.12%
Calculating       :  70.13%
Calculating       :  70.14%
Calculating       :  70.14%
Calculating       :  70.16%
Calculating       :  70.16%
Calculating       :  70.16%
Calculating       :  70.17%
Calculating       :  70.17%
Calculating       :  70.19%
Calculating       :  70.19%
Calculating       :  70.19%
Calculating       :  70.21%
Calculating       :  70.21%
Calculating       :  70.22%
Calculating       :  70.22%
Calculating       :  70.22%
Calculating       :  70.24%
Calculating       :  70.24%
Calculating       :  70.26%
Calculating       :  70.26%
Calculating       :  70.26%
Calculating       :  70.27%
Calculating       :  70.27%
Calculating       :  70.29%
Calculating       :  70.29%
Calculating       :  70.29%
Calculating       :  70.31%
Calculating       :  70.31%
Calculating       :  70.32%
Calculating       :  70.32%
Calculating       :  70.32%
Calculating       :  70.34%
Calculating       :  70.34%
Calculating       :  70.36%
Calculating       :  70.36%
Calculating       :  70.36%
Calculating       :  70.37%
Calculating       :  70.37%
Calculating       :  70.39%
Calculating       :  70.39%
Calculating       :  70.39%
Calculating       :  70.41%
Calculating       :  70.41%
Calculating       :  70.41%
Calculating       :  70.42%
Calculating       :  70.42%
Calculating       :  70.44%
Calculating       :  70.44%
Calculating       :  70.44%
Calculating       :  70.46%
Calculating       :  70.46%
Calculating       :  70.47%
Calculating       :  70.47%
Calculating       :  70.47%
Calculating       :  70.49%
Calculating       :  70.49%
Calculating       :  70.51%
Calculating       :  70.51%
Calculating       :  70.51%
Calculating       :  70.52%
Calculating       :  70.52%
Calculating       :  70.54%
Calculating       :  70.54%
Calculating       :  70.54%
Calculating       :  70.56%
Calculating       :  70.56%
Calculating       :  70.58%
Calculating       :  70.58%
Calculating       :  70.58%
Calculating       :  70.59%
Calculating       :  70.59%
Calculating       :  70.61%
Calculating       :  70.61%
Calculating       :  70.61%
Calculating       :  70.63%
Calculating       :  70.63%
Calculating       :  70.64%
Calculating       :  70.64%
Calculating       :  70.64%
Calculating       :  70.66%
Calculating       :  70.66%
Calculating       :  70.67%
Calculating       :  70.68%
Calculating       :  70.68%
Calculating       :  70.69%
Calculating       :  70.69%
Calculating       :  70.70%
Calculating       :  70.71%
Calculating       :  70.71%
Calculating       :  70.73%
Calculating       :  70.73%
Calculating       :  70.73%
Calculating       :  70.74%
Calculating       :  70.74%
Calculating       :  70.76%
Calculating       :  70.76%
Calculating       :  70.76%
Calculating       :  70.78%
Calculating       :  70.78%
Calculating       :  70.79%
Calculating       :  70.79%
Calculating       :  70.79%
Calculating       :  70.81%
Calculating       :  70.81%
Calculating       :  70.83%
Calculating       :  70.83%
Calculating       :  70.83%
Calculating       :  70.84%
Calculating       :  70.84%
Calculating       :  70.86%
Calculating       :  70.86%
Calculating       :  70.86%
Calculating       :  70.88%
Calculating       :  70.88%
Calculating       :  70.89%
Calculating       :  70.89%
Calculating       :  70.89%
Calculating       :  70.91%
Calculating       :  70.91%
Calculating       :  70.93%
Calculating       :  70.93%
Calculating       :  70.93%
Calculating       :  70.94%
Calculating       :  70.94%
Calculating       :  70.96%
Calculating       :  70.96%
Calculating       :  70.96%
Calculating       :  70.98%
Calculating       :  70.98%
Calculating       :  71.00%
Calculating       :  71.00%
Calculating       :  71.00%
Calculating       :  71.01%
Calculating       :  71.01%
Calculating       :  71.03%
Calculating       :  71.03%
Calculating       :  71.03%
Calculating       :  71.05%
Calculating       :  71.05%
Calculating       :  71.06%
Calculating       :  71.06%
Calculating       :  71.06%
Calculating       :  71.08%
Calculating       :  71.08%
Calculating       :  71.10%
Calculating       :  71.10%
Calculating       :  71.10%
Calculating       :  71.11%
Calculating       :  71.11%
Calculating       :  71.13%
Calculating       :  71.13%
Calculating       :  71.13%
Calculating       :  71.15%
Calculating       :  71.15%
Calculating       :  71.16%
Calculating       :  71.16%
Calculating       :  71.16%
Calculating       :  71.18%
Calculating       :  71.18%
Calculating       :  71.20%
Calculating       :  71.20%
Calculating       :  71.20%
Calculating       :  71.21%
Calculating       :  71.21%
Calculating       :  71.23%
Calculating       :  71.23%
Calculating       :  71.23%
Calculating       :  71.25%
Calculating       :  71.25%
Calculating       :  71.26%
Calculating       :  71.26%
Calculating       :  71.26%
Calculating       :  71.28%
Calculating       :  71.28%
Calculating       :  71.30%
Calculating       :  71.30%
Calculating       :  71.30%
Calculating       :  71.31%
Calculating       :  71.31%
Calculating       :  71.33%
Calculating       :  71.33%
Calculating       :  71.33%
Calculating       :  71.35%
Calculating       :  71.35%
Calculating       :  71.35%
Calculating       :  71.36%
Calculating       :  71.36%
Calculating       :  71.38%
Calculating       :  71.38%
Calculating       :  71.38%
Calculating       :  71.40%
Calculating       :  71.40%
Calculating       :  71.42%
Calculating       :  71.42%
Calculating       :  71.42%
Calculating       :  71.43%
Calculating       :  71.43%
Calculating       :  71.45%
Calculating       :  71.45%
Calculating       :  71.45%
Calculating       :  71.47%
Calculating       :  71.47%
Calculating       :  71.48%
Calculating       :  71.48%
Calculating       :  71.48%
Calculating       :  71.50%
Calculating       :  71.50%
Calculating       :  71.52%
Calculating       :  71.52%
Calculating       :  71.52%
Calculating       :  71.53%
Calculating       :  71.53%
Calculating       :  71.55%
Calculating       :  71.55%
Calculating       :  71.55%
Calculating       :  71.57%
Calculating       :  71.57%
Calculating       :  71.58%
Calculating       :  71.58%
Calculating       :  71.58%
Calculating       :  71.60%
Calculating       :  71.60%
Calculating       :  71.62%
Calculating       :  71.62%
Calculating       :  71.62%
Calculating       :  71.63%
Calculating       :  71.63%
Calculating       :  71.65%
Calculating       :  71.65%
Calculating       :  71.65%
Calculating       :  71.67%
Calculating       :  71.67%
Calculating       :  71.68%
Calculating       :  71.68%
Calculating       :  71.68%
Calculating       :  71.70%
Calculating       :  71.70%
Calculating       :  71.72%
Calculating       :  71.72%
Calculating       :  71.72%
Calculating       :  71.73%
Calculating       :  71.73%
Calculating       :  71.75%
Calculating       :  71.75%
Calculating       :  71.75%
Calculating       :  71.77%
Calculating       :  71.77%
Calculating       :  71.78%
Calculating       :  71.78%
Calculating       :  71.78%
Calculating       :  71.80%
Calculating       :  71.80%
Calculating       :  71.82%
Calculating       :  71.82%
Calculating       :  71.82%
Calculating       :  71.84%
Calculating       :  71.84%
Calculating       :  71.85%
Calculating       :  71.85%
Calculating       :  71.85%
Calculating       :  71.87%
Calculating       :  71.87%
Calculating       :  71.89%
Calculating       :  71.89%
Calculating       :  71.89%
Calculating       :  71.90%
Calculating       :  71.90%
Calculating       :  71.92%
Calculating       :  71.92%
Calculating       :  71.92%
Calculating       :  71.94%
Calculating       :  71.94%
Calculating       :  71.95%
Calculating       :  71.95%
Calculating       :  71.95%
Calculating       :  71.97%
Calculating       :  71.97%
Calculating       :  71.99%
Calculating       :  71.99%
Calculating       :  71.99%
Calculating       :  72.00%
Calculating       :  72.00%
Calculating       :  72.02%
Calculating       :  72.02%
Calculating       :  72.02%
Calculating       :  72.04%
Calculating       :  72.04%
Calculating       :  72.05%
Calculating       :  72.05%
Calculating       :  72.05%
Calculating       :  72.07%
Calculating       :  72.07%
Calculating       :  72.08%
Calculating       :  72.09%
Calculating       :  72.09%
Calculating       :  72.10%
Calculating       :  72.10%
Calculating       :  72.11%
Calculating       :  72.12%
Calculating       :  72.12%
Calculating       :  72.14%
Calculating       :  72.14%
Calculating       :  72.14%
Calculating       :  72.15%
Calculating       :  72.15%
Calculating       :  72.17%
Calculating       :  72.17%
Calculating       :  72.17%
Calculating       :  72.19%
Calculating       :  72.19%
Calculating       :  72.20%
Calculating       :  72.20%
Calculating       :  72.21%
Calculating       :  72.22%
Calculating       :  72.22%
Calculating       :  72.24%
Calculating       :  72.24%
Calculating       :  72.24%
Calculating       :  72.26%
Calculating       :  72.26%
Calculating       :  72.27%
Calculating       :  72.27%
Calculating       :  72.27%
Calculating       :  72.29%
Calculating       :  72.29%
Calculating       :  72.31%
Calculating       :  72.31%
Calculating       :  72.31%
Calculating       :  72.32%
Calculating       :  72.32%
Calculating       :  72.34%
Calculating       :  72.34%
Calculating       :  72.34%
Calculating       :  72.36%
Calculating       :  72.36%
Calculating       :  72.37%
Calculating       :  72.37%
Calculating       :  72.37%
Calculating       :  72.39%
Calculating       :  72.39%
Calculating       :  72.41%
Calculating       :  72.41%
Calculating       :  72.41%
Calculating       :  72.42%
Calculating       :  72.42%
Calculating       :  72.44%
Calculating       :  72.44%
Calculating       :  72.44%
Calculating       :  72.46%
Calculating       :  72.46%
Calculating       :  72.47%
Calculating       :  72.47%
Calculating       :  72.47%
Calculating       :  72.49%
Calculating       :  72.49%
Calculating       :  72.51%
Calculating       :  72.51%
Calculating       :  72.51%
Calculating       :  72.52%
Calculating       :  72.52%
Calculating       :  72.52%
Calculating       :  72.54%
Calculating       :  72.54%
Calculating       :  72.56%
Calculating       :  72.56%
Calculating       :  72.56%
Calculating       :  72.57%
Calculating       :  72.57%
Calculating       :  72.59%
Calculating       :  72.59%
Calculating       :  72.59%
Calculating       :  72.61%
Calculating       :  72.61%
Calculating       :  72.61%
Calculating       :  72.62%
Calculating       :  72.62%
Calculating       :  72.64%
Calculating       :  72.64%
Calculating       :  72.64%
Calculating       :  72.66%
Calculating       :  72.66%
Calculating       :  72.68%
Calculating       :  72.68%
Calculating       :  72.68%
Calculating       :  72.69%
Calculating       :  72.69%
Calculating       :  72.71%
Calculating       :  72.71%
Calculating       :  72.71%
Calculating       :  72.73%
Calculating       :  72.73%
Calculating       :  72.74%
Calculating       :  72.74%
Calculating       :  72.74%
Calculating       :  72.76%
Calculating       :  72.76%
Calculating       :  72.77%
Calculating       :  72.78%
Calculating       :  72.78%
Calculating       :  72.79%
Calculating       :  72.79%
Calculating       :  72.81%
Calculating       :  72.81%
Calculating       :  72.81%
Calculating       :  72.83%
Calculating       :  72.83%
Calculating       :  72.83%
Calculating       :  72.84%
Calculating       :  72.84%
Calculating       :  72.86%
Calculating       :  72.86%
Calculating       :  72.86%
Calculating       :  72.88%
Calculating       :  72.88%
Calculating       :  72.89%
Calculating       :  72.89%
Calculating       :  72.90%
Calculating       :  72.91%
Calculating       :  72.91%
Calculating       :  72.93%
Calculating       :  72.93%
Calculating       :  72.93%
Calculating       :  72.94%
Calculating       :  72.94%
Calculating       :  72.96%
Calculating       :  72.96%
Calculating       :  72.96%
Calculating       :  72.98%
Calculating       :  72.98%
Calculating       :  72.99%
Calculating       :  72.99%
Calculating       :  72.99%
Calculating       :  73.01%
Calculating       :  73.01%
Calculating       :  73.02%
Calculating       :  73.03%
Calculating       :  73.03%
Calculating       :  73.04%
Calculating       :  73.04%
Calculating       :  73.05%
Calculating       :  73.06%
Calculating       :  73.06%
Calculating       :  73.08%
Calculating       :  73.08%
Calculating       :  73.08%
Calculating       :  73.10%
Calculating       :  73.10%
Calculating       :  73.11%
Calculating       :  73.11%
Calculating       :  73.11%
Calculating       :  73.13%
Calculating       :  73.13%
Calculating       :  73.15%
Calculating       :  73.15%
Calculating       :  73.15%
Calculating       :  73.16%
Calculating       :  73.16%
Calculating       :  73.16%
Calculating       :  73.18%
Calculating       :  73.18%
Calculating       :  73.20%
Calculating       :  73.20%
Calculating       :  73.20%
Calculating       :  73.21%
Calculating       :  73.21%
Calculating       :  73.23%
Calculating       :  73.23%
Calculating       :  73.23%
Calculating       :  73.25%
Calculating       :  73.25%
Calculating       :  73.26%
Calculating       :  73.26%
Calculating       :  73.26%
Calculating       :  73.28%
Calculating       :  73.28%
Calculating       :  73.30%
Calculating       :  73.30%
Calculating       :  73.30%
Calculating       :  73.31%
Calculating       :  73.31%
Calculating       :  73.33%
Calculating       :  73.33%
Calculating       :  73.33%
Calculating       :  73.35%
Calculating       :  73.35%
Calculating       :  73.36%
Calculating       :  73.36%
Calculating       :  73.36%
Calculating       :  73.38%
Calculating       :  73.38%
Calculating       :  73.38%
Calculating       :  73.40%
Calculating       :  73.40%
Calculating       :  73.41%
Calculating       :  73.41%
Calculating       :  73.41%
Calculating       :  73.43%
Calculating       :  73.43%
Calculating       :  73.45%
Calculating       :  73.45%
Calculating       :  73.45%
Calculating       :  73.47%
Calculating       :  73.47%
Calculating       :  73.48%
Calculating       :  73.48%
Calculating       :  73.48%
Calculating       :  73.50%
Calculating       :  73.50%
Calculating       :  73.52%
Calculating       :  73.52%
Calculating       :  73.52%
Calculating       :  73.53%
Calculating       :  73.53%
Calculating       :  73.55%
Calculating       :  73.55%
Calculating       :  73.55%
Calculating       :  73.57%
Calculating       :  73.57%
Calculating       :  73.58%
Calculating       :  73.58%
Calculating       :  73.58%
Calculating       :  73.60%
Calculating       :  73.60%
Calculating       :  73.62%
Calculating       :  73.62%
Calculating       :  73.62%
Calculating       :  73.63%
Calculating       :  73.63%
Calculating       :  73.65%
Calculating       :  73.65%
Calculating       :  73.65%
Calculating       :  73.67%
Calculating       :  73.67%
Calculating       :  73.68%
Calculating       :  73.68%
Calculating       :  73.68%
Calculating       :  73.70%
Calculating       :  73.70%
Calculating       :  73.72%
Calculating       :  73.72%
Calculating       :  73.72%
Calculating       :  73.73%
Calculating       :  73.73%
Calculating       :  73.75%
Calculating       :  73.75%
Calculating       :  73.75%
Calculating       :  73.77%
Calculating       :  73.77%
Calculating       :  73.78%
Calculating       :  73.78%
Calculating       :  73.78%
Calculating       :  73.80%
Calculating       :  73.80%
Calculating       :  73.82%
Calculating       :  73.82%
Calculating       :  73.82%
Calculating       :  73.83%
Calculating       :  73.83%
Calculating       :  73.85%
Calculating       :  73.85%
Calculating       :  73.85%
Calculating       :  73.87%
Calculating       :  73.87%
Calculating       :  73.89%
Calculating       :  73.89%
Calculating       :  73.89%
Calculating       :  73.90%
Calculating       :  73.90%
Calculating       :  73.92%
Calculating       :  73.92%
Calculating       :  73.92%
Calculating       :  73.94%
Calculating       :  73.94%
Calculating       :  73.94%
Calculating       :  73.95%
Calculating       :  73.95%
Calculating       :  73.97%
Calculating       :  73.97%
Calculating       :  73.98%
Calculating       :  73.99%
Calculating       :  73.99%
Calculating       :  74.00%
Calculating       :  74.00%
Calculating       :  74.01%
Calculating       :  74.02%
Calculating       :  74.02%
Calculating       :  74.04%
Calculating       :  74.04%
Calculating       :  74.04%
Calculating       :  74.05%
Calculating       :  74.05%
Calculating       :  74.07%
Calculating       :  74.07%
Calculating       :  74.07%
Calculating       :  74.09%
Calculating       :  74.09%
Calculating       :  74.10%
Calculating       :  74.10%
Calculating       :  74.10%
Calculating       :  74.12%
Calculating       :  74.12%
Calculating       :  74.14%
Calculating       :  74.14%
Calculating       :  74.14%
Calculating       :  74.15%
Calculating       :  74.15%
Calculating       :  74.17%
Calculating       :  74.17%
Calculating       :  74.17%
Calculating       :  74.19%
Calculating       :  74.19%
Calculating       :  74.20%
Calculating       :  74.20%
Calculating       :  74.20%
Calculating       :  74.22%
Calculating       :  74.22%
Calculating       :  74.24%
Calculating       :  74.24%
Calculating       :  74.24%
Calculating       :  74.25%
Calculating       :  74.25%
Calculating       :  74.27%
Calculating       :  74.27%
Calculating       :  74.27%
Calculating       :  74.29%
Calculating       :  74.29%
Calculating       :  74.31%
Calculating       :  74.31%
Calculating       :  74.31%
Calculating       :  74.32%
Calculating       :  74.32%
Calculating       :  74.34%
Calculating       :  74.34%
Calculating       :  74.34%
Calculating       :  74.36%
Calculating       :  74.36%
Calculating       :  74.37%
Calculating       :  74.37%
Calculating       :  74.37%
Calculating       :  74.39%
Calculating       :  74.39%
Calculating       :  74.41%
Calculating       :  74.41%
Calculating       :  74.41%
Calculating       :  74.42%
Calculating       :  74.42%
Calculating       :  74.44%
Calculating       :  74.44%
Calculating       :  74.44%
Calculating       :  74.46%
Calculating       :  74.46%
Calculating       :  74.47%
Calculating       :  74.47%
Calculating       :  74.47%
Calculating       :  74.49%
Calculating       :  74.49%
Calculating       :  74.51%
Calculating       :  74.51%
Calculating       :  74.51%
Calculating       :  74.52%
Calculating       :  74.52%
Calculating       :  74.54%
Calculating       :  74.54%
Calculating       :  74.54%
Calculating       :  74.56%
Calculating       :  74.56%
Calculating       :  74.57%
Calculating       :  74.57%
Calculating       :  74.57%
Calculating       :  74.59%
Calculating       :  74.59%
Calculating       :  74.60%
Calculating       :  74.61%
Calculating       :  74.61%
Calculating       :  74.62%
Calculating       :  74.62%
Calculating       :  74.64%
Calculating       :  74.64%
Calculating       :  74.64%
Calculating       :  74.66%
Calculating       :  74.66%
Calculating       :  74.67%
Calculating       :  74.67%
Calculating       :  74.67%
Calculating       :  74.69%
Calculating       :  74.69%
Calculating       :  74.71%
Calculating       :  74.71%
Calculating       :  74.71%
Calculating       :  74.73%
Calculating       :  74.73%
Calculating       :  74.74%
Calculating       :  74.74%
Calculating       :  74.74%
Calculating       :  74.76%
Calculating       :  74.76%
Calculating       :  74.76%
Calculating       :  74.78%
Calculating       :  74.78%
Calculating       :  74.79%
Calculating       :  74.79%
Calculating       :  74.80%
Calculating       :  74.81%
Calculating       :  74.81%
Calculating       :  74.83%
Calculating       :  74.83%
Calculating       :  74.83%
Calculating       :  74.84%
Calculating       :  74.84%
Calculating       :  74.86%
Calculating       :  74.86%
Calculating       :  74.86%
Calculating       :  74.88%
Calculating       :  74.88%
Calculating       :  74.89%
Calculating       :  74.89%
Calculating       :  74.89%
Calculating       :  74.91%
Calculating       :  74.91%
Calculating       :  74.93%
Calculating       :  74.93%
Calculating       :  74.93%
Calculating       :  74.94%
Calculating       :  74.94%
Calculating       :  74.96%
Calculating       :  74.96%
Calculating       :  74.96%
Calculating       :  74.98%
Calculating       :  74.98%
Calculating       :  74.99%
Calculating       :  74.99%
Calculating       :  74.99%
Calculating       :  75.01%
Calculating       :  75.01%
Calculating       :  75.01%
Calculating       :  75.03%
Calculating       :  75.03%
Calculating       :  75.04%
Calculating       :  75.04%
Calculating       :  75.05%
Calculating       :  75.06%
Calculating       :  75.06%
Calculating       :  75.08%
Calculating       :  75.08%
Calculating       :  75.08%
Calculating       :  75.09%
Calculating       :  75.09%
Calculating       :  75.11%
Calculating       :  75.11%
Calculating       :  75.11%
Calculating       :  75.13%
Calculating       :  75.13%
Calculating       :  75.15%
Calculating       :  75.15%
Calculating       :  75.15%
Calculating       :  75.16%
Calculating       :  75.16%
Calculating       :  75.18%
Calculating       :  75.18%
Calculating       :  75.18%
Calculating       :  75.20%
Calculating       :  75.20%
Calculating       :  75.21%
Calculating       :  75.21%
Calculating       :  75.21%
Calculating       :  75.23%
Calculating       :  75.23%
Calculating       :  75.25%
Calculating       :  75.25%
Calculating       :  75.25%
Calculating       :  75.26%
Calculating       :  75.26%
Calculating       :  75.28%
Calculating       :  75.28%
Calculating       :  75.28%
Calculating       :  75.30%
Calculating       :  75.30%
Calculating       :  75.31%
Calculating       :  75.31%
Calculating       :  75.31%
Calculating       :  75.33%
Calculating       :  75.33%
Calculating       :  75.35%
Calculating       :  75.35%
Calculating       :  75.35%
Calculating       :  75.36%
Calculating       :  75.36%
Calculating       :  75.38%
Calculating       :  75.38%
Calculating       :  75.38%
Calculating       :  75.40%
Calculating       :  75.40%
Calculating       :  75.41%
Calculating       :  75.41%
Calculating       :  75.41%
Calculating       :  75.43%
Calculating       :  75.43%
Calculating       :  75.45%
Calculating       :  75.45%
Calculating       :  75.45%
Calculating       :  75.46%
Calculating       :  75.46%
Calculating       :  75.48%
Calculating       :  75.48%
Calculating       :  75.48%
Calculating       :  75.50%
Calculating       :  75.50%
Calculating       :  75.51%
Calculating       :  75.51%
Calculating       :  75.51%
Calculating       :  75.53%
Calculating       :  75.53%
Calculating       :  75.55%
Calculating       :  75.55%
Calculating       :  75.55%
Calculating       :  75.57%
Calculating       :  75.57%
Calculating       :  75.58%
Calculating       :  75.58%
Calculating       :  75.58%
Calculating       :  75.60%
Calculating       :  75.60%
Calculating       :  75.61%
Calculating       :  75.62%
Calculating       :  75.62%
Calculating       :  75.63%
Calculating       :  75.63%
Calculating       :  75.63%
Calculating       :  75.65%
Calculating       :  75.65%
Calculating       :  75.67%
Calculating       :  75.67%
Calculating       :  75.67%
Calculating       :  75.68%
Calculating       :  75.68%
Calculating       :  75.70%
Calculating       :  75.70%
Calculating       :  75.70%
Calculating       :  75.72%
Calculating       :  75.72%
Calculating       :  75.73%
Calculating       :  75.73%
Calculating       :  75.73%
Calculating       :  75.75%
Calculating       :  75.75%
Calculating       :  75.77%
Calculating       :  75.77%
Calculating       :  75.77%
Calculating       :  75.78%
Calculating       :  75.78%
Calculating       :  75.80%
Calculating       :  75.80%
Calculating       :  75.80%
Calculating       :  75.82%
Calculating       :  75.82%
Calculating       :  75.83%
Calculating       :  75.83%
Calculating       :  75.83%
Calculating       :  75.85%
Calculating       :  75.85%
Calculating       :  75.87%
Calculating       :  75.87%
Calculating       :  75.87%
Calculating       :  75.88%
Calculating       :  75.88%
Calculating       :  75.90%
Calculating       :  75.90%
Calculating       :  75.90%
Calculating       :  75.92%
Calculating       :  75.92%
Calculating       :  75.93%
Calculating       :  75.93%
Calculating       :  75.93%
Calculating       :  75.95%
Calculating       :  75.95%
Calculating       :  75.97%
Calculating       :  75.97%
Calculating       :  75.97%
Calculating       :  75.99%
Calculating       :  75.99%
Calculating       :  76.00%
Calculating       :  76.00%
Calculating       :  76.00%
Calculating       :  76.02%
Calculating       :  76.02%
Calculating       :  76.04%
Calculating       :  76.04%
Calculating       :  76.04%
Calculating       :  76.05%
Calculating       :  76.05%
Calculating       :  76.07%
Calculating       :  76.07%
Calculating       :  76.07%
Calculating       :  76.09%
Calculating       :  76.09%
Calculating       :  76.10%
Calculating       :  76.10%
Calculating       :  76.10%
Calculating       :  76.12%
Calculating       :  76.12%
Calculating       :  76.14%
Calculating       :  76.14%
Calculating       :  76.14%
Calculating       :  76.15%
Calculating       :  76.15%
Calculating       :  76.17%
Calculating       :  76.17%
Calculating       :  76.17%
Calculating       :  76.19%
Calculating       :  76.19%
Calculating       :  76.19%
Calculating       :  76.20%
Calculating       :  76.20%
Calculating       :  76.22%
Calculating       :  76.22%
Calculating       :  76.22%
Calculating       :  76.24%
Calculating       :  76.24%
Calculating       :  76.25%
Calculating       :  76.25%
Calculating       :  76.25%
Calculating       :  76.27%
Calculating       :  76.27%
Calculating       :  76.29%
Calculating       :  76.29%
Calculating       :  76.29%
Calculating       :  76.30%
Calculating       :  76.30%
Calculating       :  76.31%
Calculating       :  76.32%
Calculating       :  76.32%
Calculating       :  76.34%
Calculating       :  76.34%
Calculating       :  76.34%
Calculating       :  76.35%
Calculating       :  76.35%
Calculating       :  76.37%
Calculating       :  76.37%
Calculating       :  76.37%
Calculating       :  76.39%
Calculating       :  76.39%
Calculating       :  76.41%
Calculating       :  76.41%
Calculating       :  76.41%
Calculating       :  76.42%
Calculating       :  76.42%
Calculating       :  76.44%
Calculating       :  76.44%
Calculating       :  76.44%
Calculating       :  76.46%
Calculating       :  76.46%
Calculating       :  76.47%
Calculating       :  76.47%
Calculating       :  76.47%
Calculating       :  76.49%
Calculating       :  76.49%
Calculating       :  76.51%
Calculating       :  76.51%
Calculating       :  76.51%
Calculating       :  76.52%
Calculating       :  76.52%
Calculating       :  76.54%
Calculating       :  76.54%
Calculating       :  76.54%
Calculating       :  76.56%
Calculating       :  76.56%
Calculating       :  76.57%
Calculating       :  76.57%
Calculating       :  76.57%
Calculating       :  76.59%
Calculating       :  76.59%
Calculating       :  76.61%
Calculating       :  76.61%
Calculating       :  76.61%
Calculating       :  76.62%
Calculating       :  76.62%
Calculating       :  76.64%
Calculating       :  76.64%
Calculating       :  76.64%
Calculating       :  76.66%
Calculating       :  76.66%
Calculating       :  76.67%
Calculating       :  76.67%
Calculating       :  76.67%
Calculating       :  76.69%
Calculating       :  76.69%
Calculating       :  76.71%
Calculating       :  76.71%
Calculating       :  76.71%
Calculating       :  76.72%
Calculating       :  76.72%
Calculating       :  76.73%
Calculating       :  76.74%
Calculating       :  76.74%
Calculating       :  76.76%
Calculating       :  76.76%
Calculating       :  76.76%
Calculating       :  76.78%
Calculating       :  76.78%
Calculating       :  76.79%
Calculating       :  76.79%
Calculating       :  76.79%
Calculating       :  76.81%
Calculating       :  76.81%
Calculating       :  76.83%
Calculating       :  76.83%
Calculating       :  76.83%
Calculating       :  76.84%
Calculating       :  76.84%
Calculating       :  76.86%
Calculating       :  76.86%
Calculating       :  76.86%
Calculating       :  76.88%
Calculating       :  76.88%
Calculating       :  76.89%
Calculating       :  76.89%
Calculating       :  76.89%
Calculating       :  76.91%
Calculating       :  76.91%
Calculating       :  76.93%
Calculating       :  76.93%
Calculating       :  76.93%
Calculating       :  76.94%
Calculating       :  76.94%
Calculating       :  76.96%
Calculating       :  76.96%
Calculating       :  76.96%
Calculating       :  76.98%
Calculating       :  76.98%
Calculating       :  76.99%
Calculating       :  76.99%
Calculating       :  76.99%
Calculating       :  77.01%
Calculating       :  77.01%
Calculating       :  77.03%
Calculating       :  77.03%
Calculating       :  77.03%
Calculating       :  77.04%
Calculating       :  77.04%
Calculating       :  77.06%
Calculating       :  77.06%
Calculating       :  77.06%
Calculating       :  77.08%
Calculating       :  77.08%
Calculating       :  77.09%
Calculating       :  77.09%
Calculating       :  77.09%
Calculating       :  77.11%
Calculating       :  77.11%
Calculating       :  77.13%
Calculating       :  77.13%
Calculating       :  77.13%
Calculating       :  77.14%
Calculating       :  77.14%
Calculating       :  77.16%
Calculating       :  77.16%
Calculating       :  77.16%
Calculating       :  77.18%
Calculating       :  77.18%
Calculating       :  77.20%
Calculating       :  77.20%
Calculating       :  77.20%
Calculating       :  77.21%
Calculating       :  77.21%
Calculating       :  77.23%
Calculating       :  77.23%
Calculating       :  77.23%
Calculating       :  77.25%
Calculating       :  77.25%
Calculating       :  77.26%
Calculating       :  77.26%
Calculating       :  77.26%
Calculating       :  77.28%
Calculating       :  77.28%
Calculating       :  77.30%
Calculating       :  77.30%
Calculating       :  77.30%
Calculating       :  77.31%
Calculating       :  77.31%
Calculating       :  77.33%
Calculating       :  77.33%
Calculating       :  77.33%
Calculating       :  77.35%
Calculating       :  77.35%
Calculating       :  77.36%
Calculating       :  77.36%
Calculating       :  77.36%
Calculating       :  77.38%
Calculating       :  77.38%
Calculating       :  77.39%
Calculating       :  77.40%
Calculating       :  77.40%
Calculating       :  77.41%
Calculating       :  77.41%
Calculating       :  77.42%
Calculating       :  77.43%
Calculating       :  77.43%
Calculating       :  77.45%
Calculating       :  77.45%
Calculating       :  77.45%
Calculating       :  77.46%
Calculating       :  77.46%
Calculating       :  77.48%
Calculating       :  77.48%
Calculating       :  77.48%
Calculating       :  77.50%
Calculating       :  77.50%
Calculating       :  77.51%
Calculating       :  77.51%
Calculating       :  77.52%
Calculating       :  77.53%
Calculating       :  77.53%
Calculating       :  77.55%
Calculating       :  77.55%
Calculating       :  77.55%
Calculating       :  77.56%
Calculating       :  77.56%
Calculating       :  77.58%
Calculating       :  77.58%
Calculating       :  77.58%
Calculating       :  77.60%
Calculating       :  77.60%
Calculating       :  77.62%
Calculating       :  77.62%
Calculating       :  77.62%
Calculating       :  77.63%
Calculating       :  77.63%
Calculating       :  77.65%
Calculating       :  77.65%
Calculating       :  77.65%
Calculating       :  77.67%
Calculating       :  77.67%
Calculating       :  77.68%
Calculating       :  77.68%
Calculating       :  77.68%
Calculating       :  77.70%
Calculating       :  77.70%
Calculating       :  77.72%
Calculating       :  77.72%
Calculating       :  77.72%
Calculating       :  77.73%
Calculating       :  77.73%
Calculating       :  77.75%
Calculating       :  77.75%
Calculating       :  77.75%
Calculating       :  77.77%
Calculating       :  77.77%
Calculating       :  77.78%
Calculating       :  77.78%
Calculating       :  77.78%
Calculating       :  77.80%
Calculating       :  77.80%
Calculating       :  77.82%
Calculating       :  77.82%
Calculating       :  77.82%
Calculating       :  77.83%
Calculating       :  77.83%
Calculating       :  77.85%
Calculating       :  77.85%
Calculating       :  77.85%
Calculating       :  77.87%
Calculating       :  77.87%
Calculating       :  77.88%
Calculating       :  77.88%
Calculating       :  77.88%
Calculating       :  77.90%
Calculating       :  77.90%
Calculating       :  77.92%
Calculating       :  77.92%
Calculating       :  77.92%
Calculating       :  77.93%
Calculating       :  77.93%
Calculating       :  77.95%
Calculating       :  77.95%
Calculating       :  77.95%
Calculating       :  77.97%
Calculating       :  77.97%
Calculating       :  77.98%
Calculating       :  77.98%
Calculating       :  77.98%
Calculating       :  78.00%
Calculating       :  78.00%
Calculating       :  78.02%
Calculating       :  78.02%
Calculating       :  78.02%
Calculating       :  78.04%
Calculating       :  78.04%
Calculating       :  78.05%
Calculating       :  78.05%
Calculating       :  78.05%
Calculating       :  78.07%
Calculating       :  78.07%
Calculating       :  78.08%
Calculating       :  78.09%
Calculating       :  78.09%
Calculating       :  78.10%
Calculating       :  78.10%
Calculating       :  78.10%
Calculating       :  78.12%
Calculating       :  78.12%
Calculating       :  78.14%
Calculating       :  78.14%
Calculating       :  78.14%
Calculating       :  78.15%
Calculating       :  78.15%
Calculating       :  78.17%
Calculating       :  78.17%
Calculating       :  78.17%
Calculating       :  78.19%
Calculating       :  78.19%
Calculating       :  78.20%
Calculating       :  78.20%
Calculating       :  78.20%
Calculating       :  78.22%
Calculating       :  78.22%
Calculating       :  78.24%
Calculating       :  78.24%
Calculating       :  78.24%
Calculating       :  78.25%
Calculating       :  78.25%
Calculating       :  78.27%
Calculating       :  78.27%
Calculating       :  78.27%
Calculating       :  78.29%
Calculating       :  78.29%
Calculating       :  78.30%
Calculating       :  78.30%
Calculating       :  78.30%
Calculating       :  78.32%
Calculating       :  78.32%
Calculating       :  78.34%
Calculating       :  78.34%
Calculating       :  78.34%
Calculating       :  78.35%
Calculating       :  78.35%
Calculating       :  78.37%
Calculating       :  78.37%
Calculating       :  78.37%
Calculating       :  78.39%
Calculating       :  78.39%
Calculating       :  78.40%
Calculating       :  78.40%
Calculating       :  78.40%
Calculating       :  78.42%
Calculating       :  78.42%
Calculating       :  78.44%
Calculating       :  78.44%
Calculating       :  78.44%
Calculating       :  78.46%
Calculating       :  78.46%
Calculating       :  78.47%
Calculating       :  78.47%
Calculating       :  78.47%
Calculating       :  78.49%
Calculating       :  78.49%
Calculating       :  78.51%
Calculating       :  78.51%
Calculating       :  78.51%
Calculating       :  78.52%
Calculating       :  78.52%
Calculating       :  78.54%
Calculating       :  78.54%
Calculating       :  78.54%
Calculating       :  78.56%
Calculating       :  78.56%
Calculating       :  78.57%
Calculating       :  78.57%
Calculating       :  78.57%
Calculating       :  78.59%
Calculating       :  78.59%
Calculating       :  78.61%
Calculating       :  78.61%
Calculating       :  78.61%
Calculating       :  78.62%
Calculating       :  78.62%
Calculating       :  78.64%
Calculating       :  78.64%
Calculating       :  78.64%
Calculating       :  78.66%
Calculating       :  78.66%
Calculating       :  78.67%
Calculating       :  78.67%
Calculating       :  78.67%
Calculating       :  78.69%
Calculating       :  78.69%
Calculating       :  78.70%
Calculating       :  78.71%
Calculating       :  78.71%
Calculating       :  78.72%
Calculating       :  78.72%
Calculating       :  78.73%
Calculating       :  78.74%
Calculating       :  78.74%
Calculating       :  78.76%
Calculating       :  78.76%
Calculating       :  78.76%
Calculating       :  78.77%
Calculating       :  78.77%
Calculating       :  78.79%
Calculating       :  78.79%
Calculating       :  78.79%
Calculating       :  78.81%
Calculating       :  78.81%
Calculating       :  78.82%
Calculating       :  78.82%
Calculating       :  78.83%
Calculating       :  78.84%
Calculating       :  78.84%
Calculating       :  78.86%
Calculating       :  78.86%
Calculating       :  78.86%
Calculating       :  78.88%
Calculating       :  78.88%
Calculating       :  78.89%
Calculating       :  78.89%
Calculating       :  78.89%
Calculating       :  78.91%
Calculating       :  78.91%
Calculating       :  78.93%
Calculating       :  78.93%
Calculating       :  78.93%
Calculating       :  78.94%
Calculating       :  78.94%
Calculating       :  78.96%
Calculating       :  78.96%
Calculating       :  78.96%
Calculating       :  78.98%
Calculating       :  78.98%
Calculating       :  78.99%
Calculating       :  78.99%
Calculating       :  78.99%
Calculating       :  79.01%
Calculating       :  79.01%
Calculating       :  79.03%
Calculating       :  79.03%
Calculating       :  79.03%
Calculating       :  79.04%
Calculating       :  79.04%
Calculating       :  79.06%
Calculating       :  79.06%
Calculating       :  79.06%
Calculating       :  79.08%
Calculating       :  79.08%
Calculating       :  79.09%
Calculating       :  79.09%
Calculating       :  79.09%
Calculating       :  79.11%
Calculating       :  79.11%
Calculating       :  79.13%
Calculating       :  79.13%
Calculating       :  79.13%
Calculating       :  79.14%
Calculating       :  79.14%
Calculating       :  79.16%
Calculating       :  79.16%
Calculating       :  79.16%
Calculating       :  79.18%
Calculating       :  79.18%
Calculating       :  79.19%
Calculating       :  79.19%
Calculating       :  79.19%
Calculating       :  79.21%
Calculating       :  79.21%
Calculating       :  79.22%
Calculating       :  79.23%
Calculating       :  79.23%
Calculating       :  79.24%
Calculating       :  79.24%
Calculating       :  79.25%
Calculating       :  79.26%
Calculating       :  79.26%
Calculating       :  79.28%
Calculating       :  79.28%
Calculating       :  79.28%
Calculating       :  79.30%
Calculating       :  79.30%
Calculating       :  79.31%
Calculating       :  79.31%
Calculating       :  79.31%
Calculating       :  79.33%
Calculating       :  79.33%
Calculating       :  79.35%
Calculating       :  79.35%
Calculating       :  79.35%
Calculating       :  79.36%
Calculating       :  79.36%
Calculating       :  79.38%
Calculating       :  79.38%
Calculating       :  79.38%
Calculating       :  79.40%
Calculating       :  79.40%
Calculating       :  79.41%
Calculating       :  79.41%
Calculating       :  79.41%
Calculating       :  79.43%
Calculating       :  79.43%
Calculating       :  79.45%
Calculating       :  79.45%
Calculating       :  79.46%
Calculating       :  79.46%
Calculating       :  79.46%
Calculating       :  79.48%
Calculating       :  79.48%
Calculating       :  79.49%
Calculating       :  79.50%
Calculating       :  79.50%
Calculating       :  79.51%
Calculating       :  79.51%
Calculating       :  79.52%
Calculating       :  79.53%
Calculating       :  79.53%
Calculating       :  79.55%
Calculating       :  79.55%
Calculating       :  79.55%
Calculating       :  79.56%
Calculating       :  79.56%
Calculating       :  79.58%
Calculating       :  79.58%
Calculating       :  79.58%
Calculating       :  79.60%
Calculating       :  79.60%
Calculating       :  79.61%
Calculating       :  79.61%
Calculating       :  79.62%
Calculating       :  79.63%
Calculating       :  79.63%
Calculating       :  79.65%
Calculating       :  79.65%
Calculating       :  79.65%
Calculating       :  79.66%
Calculating       :  79.66%
Calculating       :  79.68%
Calculating       :  79.68%
Calculating       :  79.68%
Calculating       :  79.70%
Calculating       :  79.70%
Calculating       :  79.72%
Calculating       :  79.72%
Calculating       :  79.72%
Calculating       :  79.73%
Calculating       :  79.73%
Calculating       :  79.75%
Calculating       :  79.75%
Calculating       :  79.75%
Calculating       :  79.77%
Calculating       :  79.77%
Calculating       :  79.78%
Calculating       :  79.78%
Calculating       :  79.78%
Calculating       :  79.80%
Calculating       :  79.80%
Calculating       :  79.82%
Calculating       :  79.82%
Calculating       :  79.82%
Calculating       :  79.83%
Calculating       :  79.83%
Calculating       :  79.85%
Calculating       :  79.85%
Calculating       :  79.85%
Calculating       :  79.87%
Calculating       :  79.87%
Calculating       :  79.88%
Calculating       :  79.88%
Calculating       :  79.88%
Calculating       :  79.90%
Calculating       :  79.90%
Calculating       :  79.92%
Calculating       :  79.92%
Calculating       :  79.92%
Calculating       :  79.93%
Calculating       :  79.93%
Calculating       :  79.95%
Calculating       :  79.95%
Calculating       :  79.95%
Calculating       :  79.97%
Calculating       :  79.97%
Calculating       :  79.98%
Calculating       :  79.98%
Calculating       :  79.98%
Calculating       :  80.00%
Calculating       :  80.00%
Calculating       :  80.02%
Calculating       :  80.02%
Calculating       :  80.02%
Calculating       :  80.03%
Calculating       :  80.03%
Calculating       :  80.05%
Calculating       :  80.05%
Calculating       :  80.05%
Calculating       :  80.07%
Calculating       :  80.07%
Calculating       :  80.08%
Calculating       :  80.08%
Calculating       :  80.08%
Calculating       :  80.10%
Calculating       :  80.10%
Calculating       :  80.12%
Calculating       :  80.12%
Calculating       :  80.12%
Calculating       :  80.14%
Calculating       :  80.14%
Calculating       :  80.15%
Calculating       :  80.15%
Calculating       :  80.15%
Calculating       :  80.17%
Calculating       :  80.17%
Calculating       :  80.18%
Calculating       :  80.19%
Calculating       :  80.19%
Calculating       :  80.20%
Calculating       :  80.20%
Calculating       :  80.21%
Calculating       :  80.22%
Calculating       :  80.22%
Calculating       :  80.24%
Calculating       :  80.24%
Calculating       :  80.24%
Calculating       :  80.25%
Calculating       :  80.25%
Calculating       :  80.27%
Calculating       :  80.27%
Calculating       :  80.27%
Calculating       :  80.29%
Calculating       :  80.29%
Calculating       :  80.30%
Calculating       :  80.30%
Calculating       :  80.30%
Calculating       :  80.32%
Calculating       :  80.32%
Calculating       :  80.34%
Calculating       :  80.34%
Calculating       :  80.34%
Calculating       :  80.35%
Calculating       :  80.35%
Calculating       :  80.37%
Calculating       :  80.37%
Calculating       :  80.37%
Calculating       :  80.39%
Calculating       :  80.39%
Calculating       :  80.40%
Calculating       :  80.40%
Calculating       :  80.40%
Calculating       :  80.42%
Calculating       :  80.42%
Calculating       :  80.44%
Calculating       :  80.44%
Calculating       :  80.44%
Calculating       :  80.45%
Calculating       :  80.45%
Calculating       :  80.45%
Calculating       :  80.47%
Calculating       :  80.47%
Calculating       :  80.49%
Calculating       :  80.49%
Calculating       :  80.49%
Calculating       :  80.51%
Calculating       :  80.51%
Calculating       :  80.51%
Calculating       :  80.52%
Calculating       :  80.52%
Calculating       :  80.54%
Calculating       :  80.54%
Calculating       :  80.54%
Calculating       :  80.56%
Calculating       :  80.56%
Calculating       :  80.57%
Calculating       :  80.57%
Calculating       :  80.57%
Calculating       :  80.59%
Calculating       :  80.59%
Calculating       :  80.61%
Calculating       :  80.61%
Calculating       :  80.61%
Calculating       :  80.62%
Calculating       :  80.62%
Calculating       :  80.64%
Calculating       :  80.64%
Calculating       :  80.64%
Calculating       :  80.66%
Calculating       :  80.66%
Calculating       :  80.67%
Calculating       :  80.67%
Calculating       :  80.67%
Calculating       :  80.69%
Calculating       :  80.69%
Calculating       :  80.71%
Calculating       :  80.71%
Calculating       :  80.71%
Calculating       :  80.72%
Calculating       :  80.72%
Calculating       :  80.74%
Calculating       :  80.74%
Calculating       :  80.74%
Calculating       :  80.76%
Calculating       :  80.76%
Calculating       :  80.77%
Calculating       :  80.77%
Calculating       :  80.77%
Calculating       :  80.79%
Calculating       :  80.79%
Calculating       :  80.81%
Calculating       :  80.81%
Calculating       :  80.81%
Calculating       :  80.82%
Calculating       :  80.82%
Calculating       :  80.84%
Calculating       :  80.84%
Calculating       :  80.84%
Calculating       :  80.86%
Calculating       :  80.86%
Calculating       :  80.87%
Calculating       :  80.87%
Calculating       :  80.87%
Calculating       :  80.89%
Calculating       :  80.89%
Calculating       :  80.91%
Calculating       :  80.91%
Calculating       :  80.91%
Calculating       :  80.93%
Calculating       :  80.93%
Calculating       :  80.93%
Calculating       :  80.94%
Calculating       :  80.94%
Calculating       :  80.96%
Calculating       :  80.96%
Calculating       :  80.97%
Calculating       :  80.98%
Calculating       :  80.98%
Calculating       :  80.99%
Calculating       :  80.99%
Calculating       :  81.00%
Calculating       :  81.01%
Calculating       :  81.01%
Calculating       :  81.03%
Calculating       :  81.03%
Calculating       :  81.03%
Calculating       :  81.04%
Calculating       :  81.04%
Calculating       :  81.06%
Calculating       :  81.06%
Calculating       :  81.06%
Calculating       :  81.08%
Calculating       :  81.08%
Calculating       :  81.09%
Calculating       :  81.09%
Calculating       :  81.09%
Calculating       :  81.11%
Calculating       :  81.11%
Calculating       :  81.13%
Calculating       :  81.13%
Calculating       :  81.13%
Calculating       :  81.14%
Calculating       :  81.14%
Calculating       :  81.16%
Calculating       :  81.16%
Calculating       :  81.16%
Calculating       :  81.18%
Calculating       :  81.18%
Calculating       :  81.19%
Calculating       :  81.19%
Calculating       :  81.19%
Calculating       :  81.21%
Calculating       :  81.21%
Calculating       :  81.23%
Calculating       :  81.23%
Calculating       :  81.23%
Calculating       :  81.24%
Calculating       :  81.24%
Calculating       :  81.26%
Calculating       :  81.26%
Calculating       :  81.26%
Calculating       :  81.28%
Calculating       :  81.28%
Calculating       :  81.29%
Calculating       :  81.29%
Calculating       :  81.29%
Calculating       :  81.31%
Calculating       :  81.31%
Calculating       :  81.33%
Calculating       :  81.33%
Calculating       :  81.33%
Calculating       :  81.35%
Calculating       :  81.35%
Calculating       :  81.36%
Calculating       :  81.36%
Calculating       :  81.36%
Calculating       :  81.38%
Calculating       :  81.38%
Calculating       :  81.40%
Calculating       :  81.40%
Calculating       :  81.40%
Calculating       :  81.41%
Calculating       :  81.41%
Calculating       :  81.43%
Calculating       :  81.43%
Calculating       :  81.43%
Calculating       :  81.45%
Calculating       :  81.45%
Calculating       :  81.46%
Calculating       :  81.46%
Calculating       :  81.46%
Calculating       :  81.48%
Calculating       :  81.48%
Calculating       :  81.48%
Calculating       :  81.50%
Calculating       :  81.50%
Calculating       :  81.51%
Calculating       :  81.51%
Calculating       :  81.52%
Calculating       :  81.53%
Calculating       :  81.53%
Calculating       :  81.55%
Calculating       :  81.55%
Calculating       :  81.55%
Calculating       :  81.56%
Calculating       :  81.56%
Calculating       :  81.58%
Calculating       :  81.58%
Calculating       :  81.58%
Calculating       :  81.60%
Calculating       :  81.60%
Calculating       :  81.61%
Calculating       :  81.61%
Calculating       :  81.61%
Calculating       :  81.63%
Calculating       :  81.63%
Calculating       :  81.65%
Calculating       :  81.65%
Calculating       :  81.65%
Calculating       :  81.66%
Calculating       :  81.66%
Calculating       :  81.68%
Calculating       :  81.68%
Calculating       :  81.68%
Calculating       :  81.70%
Calculating       :  81.70%
Calculating       :  81.71%
Calculating       :  81.71%
Calculating       :  81.71%
Calculating       :  81.73%
Calculating       :  81.73%
Calculating       :  81.75%
Calculating       :  81.75%
Calculating       :  81.75%
Calculating       :  81.77%
Calculating       :  81.77%
Calculating       :  81.78%
Calculating       :  81.78%
Calculating       :  81.78%
Calculating       :  81.80%
Calculating       :  81.80%
Calculating       :  81.82%
Calculating       :  81.82%
Calculating       :  81.82%
Calculating       :  81.83%
Calculating       :  81.83%
Calculating       :  81.85%
Calculating       :  81.85%
Calculating       :  81.85%
Calculating       :  81.87%
Calculating       :  81.87%
Calculating       :  81.88%
Calculating       :  81.88%
Calculating       :  81.88%
Calculating       :  81.90%
Calculating       :  81.90%
Calculating       :  81.92%
Calculating       :  81.92%
Calculating       :  81.92%
Calculating       :  81.93%
Calculating       :  81.93%
Calculating       :  81.95%
Calculating       :  81.95%
Calculating       :  81.95%
Calculating       :  81.97%
Calculating       :  81.97%
Calculating       :  81.98%
Calculating       :  81.98%
Calculating       :  81.98%
Calculating       :  82.00%
Calculating       :  82.00%
Calculating       :  82.02%
Calculating       :  82.02%
Calculating       :  82.02%
Calculating       :  82.03%
Calculating       :  82.03%
Calculating       :  82.05%
Calculating       :  82.05%
Calculating       :  82.05%
Calculating       :  82.07%
Calculating       :  82.07%
Calculating       :  82.08%
Calculating       :  82.08%
Calculating       :  82.08%
Calculating       :  82.10%
Calculating       :  82.10%
Calculating       :  82.11%
Calculating       :  82.12%
Calculating       :  82.12%
Calculating       :  82.13%
Calculating       :  82.13%
Calculating       :  82.14%
Calculating       :  82.15%
Calculating       :  82.15%
Calculating       :  82.17%
Calculating       :  82.17%
Calculating       :  82.17%
Calculating       :  82.19%
Calculating       :  82.19%
Calculating       :  82.20%
Calculating       :  82.20%
Calculating       :  82.20%
Calculating       :  82.22%
Calculating       :  82.22%
Calculating       :  82.24%
Calculating       :  82.24%
Calculating       :  82.24%
Calculating       :  82.25%
Calculating       :  82.25%
Calculating       :  82.27%
Calculating       :  82.27%
Calculating       :  82.27%
Calculating       :  82.29%
Calculating       :  82.29%
Calculating       :  82.30%
Calculating       :  82.30%
Calculating       :  82.30%
Calculating       :  82.32%
Calculating       :  82.32%
Calculating       :  82.34%
Calculating       :  82.34%
Calculating       :  82.34%
Calculating       :  82.35%
Calculating       :  82.35%
Calculating       :  82.37%
Calculating       :  82.37%
Calculating       :  82.37%
Calculating       :  82.39%
Calculating       :  82.39%
Calculating       :  82.40%
Calculating       :  82.40%
Calculating       :  82.40%
Calculating       :  82.42%
Calculating       :  82.42%
Calculating       :  82.44%
Calculating       :  82.44%
Calculating       :  82.44%
Calculating       :  82.45%
Calculating       :  82.45%
Calculating       :  82.47%
Calculating       :  82.47%
Calculating       :  82.47%
Calculating       :  82.49%
Calculating       :  82.49%
Calculating       :  82.50%
Calculating       :  82.50%
Calculating       :  82.50%
Calculating       :  82.52%
Calculating       :  82.52%
Calculating       :  82.54%
Calculating       :  82.54%
Calculating       :  82.54%
Calculating       :  82.55%
Calculating       :  82.55%
Calculating       :  82.57%
Calculating       :  82.57%
Calculating       :  82.57%
Calculating       :  82.59%
Calculating       :  82.59%
Calculating       :  82.61%
Calculating       :  82.61%
Calculating       :  82.61%
Calculating       :  82.62%
Calculating       :  82.62%
Calculating       :  82.64%
Calculating       :  82.64%
Calculating       :  82.64%
Calculating       :  82.66%
Calculating       :  82.66%
Calculating       :  82.67%
Calculating       :  82.67%
Calculating       :  82.67%
Calculating       :  82.69%
Calculating       :  82.69%
Calculating       :  82.71%
Calculating       :  82.71%
Calculating       :  82.71%
Calculating       :  82.72%
Calculating       :  82.72%
Calculating       :  82.73%
Calculating       :  82.74%
Calculating       :  82.74%
Calculating       :  82.76%
Calculating       :  82.76%
Calculating       :  82.76%
Calculating       :  82.77%
Calculating       :  82.77%
Calculating       :  82.79%
Calculating       :  82.79%
Calculating       :  82.79%
Calculating       :  82.81%
Calculating       :  82.81%
Calculating       :  82.82%
Calculating       :  82.82%
Calculating       :  82.82%
Calculating       :  82.84%
Calculating       :  82.84%
Calculating       :  82.86%
Calculating       :  82.86%
Calculating       :  82.86%
Calculating       :  82.87%
Calculating       :  82.87%
Calculating       :  82.89%
Calculating       :  82.89%
Calculating       :  82.89%
Calculating       :  82.91%
Calculating       :  82.91%
Calculating       :  82.92%
Calculating       :  82.92%
Calculating       :  82.92%
Calculating       :  82.94%
Calculating       :  82.94%
Calculating       :  82.96%
Calculating       :  82.96%
Calculating       :  82.96%
Calculating       :  82.97%
Calculating       :  82.97%
Calculating       :  82.99%
Calculating       :  82.99%
Calculating       :  82.99%
Calculating       :  83.01%
Calculating       :  83.01%
Calculating       :  83.03%
Calculating       :  83.03%
Calculating       :  83.03%
Calculating       :  83.04%
Calculating       :  83.04%
Calculating       :  83.06%
Calculating       :  83.06%
Calculating       :  83.06%
Calculating       :  83.08%
Calculating       :  83.08%
Calculating       :  83.09%
Calculating       :  83.09%
Calculating       :  83.09%
Calculating       :  83.11%
Calculating       :  83.11%
Calculating       :  83.13%
Calculating       :  83.13%
Calculating       :  83.13%
Calculating       :  83.14%
Calculating       :  83.14%
Calculating       :  83.16%
Calculating       :  83.16%
Calculating       :  83.16%
Calculating       :  83.18%
Calculating       :  83.18%
Calculating       :  83.19%
Calculating       :  83.19%
Calculating       :  83.19%
Calculating       :  83.21%
Calculating       :  83.21%
Calculating       :  83.22%
Calculating       :  83.23%
Calculating       :  83.23%
Calculating       :  83.24%
Calculating       :  83.24%
Calculating       :  83.25%
Calculating       :  83.26%
Calculating       :  83.26%
Calculating       :  83.28%
Calculating       :  83.28%
Calculating       :  83.28%
Calculating       :  83.29%
Calculating       :  83.29%
Calculating       :  83.31%
Calculating       :  83.31%
Calculating       :  83.31%
Calculating       :  83.33%
Calculating       :  83.33%
Calculating       :  83.34%
Calculating       :  83.34%
Calculating       :  83.35%
Calculating       :  83.36%
Calculating       :  83.36%
Calculating       :  83.38%
Calculating       :  83.38%
Calculating       :  83.38%
Calculating       :  83.39%
Calculating       :  83.39%
Calculating       :  83.41%
Calculating       :  83.41%
Calculating       :  83.41%
Calculating       :  83.43%
Calculating       :  83.43%
Calculating       :  83.45%
Calculating       :  83.45%
Calculating       :  83.45%
Calculating       :  83.46%
Calculating       :  83.46%
Calculating       :  83.48%
Calculating       :  83.48%
Calculating       :  83.48%
Calculating       :  83.50%
Calculating       :  83.50%
Calculating       :  83.51%
Calculating       :  83.51%
Calculating       :  83.51%
Calculating       :  83.53%
Calculating       :  83.53%
Calculating       :  83.55%
Calculating       :  83.55%
Calculating       :  83.55%
Calculating       :  83.56%
Calculating       :  83.56%
Calculating       :  83.58%
Calculating       :  83.58%
Calculating       :  83.58%
Calculating       :  83.60%
Calculating       :  83.60%
Calculating       :  83.60%
Calculating       :  83.61%
Calculating       :  83.61%
Calculating       :  83.63%
Calculating       :  83.63%
Calculating       :  83.63%
Calculating       :  83.65%
Calculating       :  83.65%
Calculating       :  83.66%
Calculating       :  83.66%
Calculating       :  83.66%
Calculating       :  83.68%
Calculating       :  83.68%
Calculating       :  83.70%
Calculating       :  83.70%
Calculating       :  83.70%
Calculating       :  83.71%
Calculating       :  83.71%
Calculating       :  83.73%
Calculating       :  83.73%
Calculating       :  83.73%
Calculating       :  83.75%
Calculating       :  83.75%
Calculating       :  83.76%
Calculating       :  83.76%
Calculating       :  83.76%
Calculating       :  83.78%
Calculating       :  83.78%
Calculating       :  83.80%
Calculating       :  83.80%
Calculating       :  83.80%
Calculating       :  83.82%
Calculating       :  83.82%
Calculating       :  83.83%
Calculating       :  83.83%
Calculating       :  83.83%
Calculating       :  83.85%
Calculating       :  83.85%
Calculating       :  83.87%
Calculating       :  83.87%
Calculating       :  83.87%
Calculating       :  83.88%
Calculating       :  83.88%
Calculating       :  83.90%
Calculating       :  83.90%
Calculating       :  83.90%
Calculating       :  83.92%
Calculating       :  83.92%
Calculating       :  83.93%
Calculating       :  83.93%
Calculating       :  83.93%
Calculating       :  83.95%
Calculating       :  83.95%
Calculating       :  83.97%
Calculating       :  83.97%
Calculating       :  83.97%
Calculating       :  83.98%
Calculating       :  83.98%
Calculating       :  84.00%
Calculating       :  84.00%
Calculating       :  84.00%
Calculating       :  84.02%
Calculating       :  84.02%
Calculating       :  84.03%
Calculating       :  84.03%
Calculating       :  84.03%
Calculating       :  84.05%
Calculating       :  84.05%
Calculating       :  84.05%
Calculating       :  84.07%
Calculating       :  84.07%
Calculating       :  84.08%
Calculating       :  84.08%
Calculating       :  84.09%
Calculating       :  84.10%
Calculating       :  84.10%
Calculating       :  84.12%
Calculating       :  84.12%
Calculating       :  84.12%
Calculating       :  84.13%
Calculating       :  84.13%
Calculating       :  84.15%
Calculating       :  84.15%
Calculating       :  84.15%
Calculating       :  84.17%
Calculating       :  84.17%
Calculating       :  84.18%
Calculating       :  84.18%
Calculating       :  84.18%
Calculating       :  84.20%
Calculating       :  84.20%
Calculating       :  84.22%
Calculating       :  84.22%
Calculating       :  84.22%
Calculating       :  84.24%
Calculating       :  84.24%
Calculating       :  84.25%
Calculating       :  84.25%
Calculating       :  84.25%
Calculating       :  84.27%
Calculating       :  84.27%
Calculating       :  84.29%
Calculating       :  84.29%
Calculating       :  84.29%
Calculating       :  84.30%
Calculating       :  84.30%
Calculating       :  84.32%
Calculating       :  84.32%
Calculating       :  84.32%
Calculating       :  84.34%
Calculating       :  84.34%
Calculating       :  84.35%
Calculating       :  84.35%
Calculating       :  84.35%
Calculating       :  84.37%
Calculating       :  84.37%
Calculating       :  84.39%
Calculating       :  84.39%
Calculating       :  84.39%
Calculating       :  84.40%
Calculating       :  84.40%
Calculating       :  84.42%
Calculating       :  84.42%
Calculating       :  84.42%
Calculating       :  84.44%
Calculating       :  84.44%
Calculating       :  84.45%
Calculating       :  84.45%
Calculating       :  84.45%
Calculating       :  84.47%
Calculating       :  84.47%
Calculating       :  84.48%
Calculating       :  84.49%
Calculating       :  84.49%
Calculating       :  84.50%
Calculating       :  84.50%
Calculating       :  84.51%
Calculating       :  84.52%
Calculating       :  84.52%
Calculating       :  84.54%
Calculating       :  84.54%
Calculating       :  84.54%
Calculating       :  84.55%
Calculating       :  84.55%
Calculating       :  84.57%
Calculating       :  84.57%
Calculating       :  84.58%
Calculating       :  84.59%
Calculating       :  84.59%
Calculating       :  84.60%
Calculating       :  84.60%
Calculating       :  84.61%
Calculating       :  84.62%
Calculating       :  84.62%
Calculating       :  84.64%
Calculating       :  84.64%
Calculating       :  84.64%
Calculating       :  84.66%
Calculating       :  84.66%
Calculating       :  84.67%
Calculating       :  84.67%
Calculating       :  84.67%
Calculating       :  84.69%
Calculating       :  84.69%
Calculating       :  84.71%
Calculating       :  84.71%
Calculating       :  84.71%
Calculating       :  84.72%
Calculating       :  84.72%
Calculating       :  84.74%
Calculating       :  84.74%
Calculating       :  84.74%
Calculating       :  84.76%
Calculating       :  84.76%
Calculating       :  84.77%
Calculating       :  84.77%
Calculating       :  84.77%
Calculating       :  84.79%
Calculating       :  84.79%
Calculating       :  84.81%
Calculating       :  84.81%
Calculating       :  84.81%
Calculating       :  84.82%
Calculating       :  84.82%
Calculating       :  84.84%
Calculating       :  84.84%
Calculating       :  84.84%
Calculating       :  84.86%
Calculating       :  84.86%
Calculating       :  84.87%
Calculating       :  84.87%
Calculating       :  84.87%
Calculating       :  84.89%
Calculating       :  84.89%
Calculating       :  84.91%
Calculating       :  84.91%
Calculating       :  84.91%
Calculating       :  84.92%
Calculating       :  84.92%
Calculating       :  84.94%
Calculating       :  84.94%
Calculating       :  84.94%
Calculating       :  84.96%
Calculating       :  84.96%
Calculating       :  84.97%
Calculating       :  84.97%
Calculating       :  84.97%
Calculating       :  84.99%
Calculating       :  84.99%
Calculating       :  85.01%
Calculating       :  85.01%
Calculating       :  85.01%
Calculating       :  85.02%
Calculating       :  85.02%
Calculating       :  85.04%
Calculating       :  85.04%
Calculating       :  85.04%
Calculating       :  85.06%
Calculating       :  85.06%
Calculating       :  85.08%
Calculating       :  85.08%
Calculating       :  85.08%
Calculating       :  85.09%
Calculating       :  85.09%
Calculating       :  85.11%
Calculating       :  85.11%
Calculating       :  85.11%
Calculating       :  85.13%
Calculating       :  85.13%
Calculating       :  85.14%
Calculating       :  85.14%
Calculating       :  85.14%
Calculating       :  85.16%
Calculating       :  85.16%
Calculating       :  85.18%
Calculating       :  85.18%
Calculating       :  85.18%
Calculating       :  85.19%
Calculating       :  85.19%
Calculating       :  85.21%
Calculating       :  85.21%
Calculating       :  85.21%
Calculating       :  85.23%
Calculating       :  85.23%
Calculating       :  85.24%
Calculating       :  85.24%
Calculating       :  85.24%
Calculating       :  85.26%
Calculating       :  85.26%
Calculating       :  85.28%
Calculating       :  85.28%
Calculating       :  85.28%
Calculating       :  85.29%
Calculating       :  85.29%
Calculating       :  85.31%
Calculating       :  85.31%
Calculating       :  85.31%
Calculating       :  85.33%
Calculating       :  85.33%
Calculating       :  85.34%
Calculating       :  85.34%
Calculating       :  85.34%
Calculating       :  85.36%
Calculating       :  85.36%
Calculating       :  85.38%
Calculating       :  85.38%
Calculating       :  85.38%
Calculating       :  85.39%
Calculating       :  85.39%
Calculating       :  85.41%
Calculating       :  85.41%
Calculating       :  85.41%
Calculating       :  85.43%
Calculating       :  85.43%
Calculating       :  85.44%
Calculating       :  85.44%
Calculating       :  85.44%
Calculating       :  85.46%
Calculating       :  85.46%
Calculating       :  85.48%
Calculating       :  85.48%
Calculating       :  85.48%
Calculating       :  85.50%
Calculating       :  85.50%
Calculating       :  85.50%
Calculating       :  85.51%
Calculating       :  85.51%
Calculating       :  85.53%
Calculating       :  85.53%
Calculating       :  85.53%
Calculating       :  85.55%
Calculating       :  85.55%
Calculating       :  85.56%
Calculating       :  85.56%
Calculating       :  85.56%
Calculating       :  85.58%
Calculating       :  85.58%
Calculating       :  85.60%
Calculating       :  85.60%
Calculating       :  85.60%
Calculating       :  85.61%
Calculating       :  85.61%
Calculating       :  85.63%
Calculating       :  85.63%
Calculating       :  85.63%
Calculating       :  85.65%
Calculating       :  85.65%
Calculating       :  85.66%
Calculating       :  85.66%
Calculating       :  85.66%
Calculating       :  85.68%
Calculating       :  85.68%
Calculating       :  85.70%
Calculating       :  85.70%
Calculating       :  85.70%
Calculating       :  85.71%
Calculating       :  85.71%
Calculating       :  85.73%
Calculating       :  85.73%
Calculating       :  85.73%
Calculating       :  85.75%
Calculating       :  85.75%
Calculating       :  85.76%
Calculating       :  85.76%
Calculating       :  85.76%
Calculating       :  85.78%
Calculating       :  85.78%
Calculating       :  85.80%
Calculating       :  85.80%
Calculating       :  85.80%
Calculating       :  85.81%
Calculating       :  85.81%
Calculating       :  85.83%
Calculating       :  85.83%
Calculating       :  85.83%
Calculating       :  85.85%
Calculating       :  85.85%
Calculating       :  85.86%
Calculating       :  85.86%
Calculating       :  85.86%
Calculating       :  85.88%
Calculating       :  85.88%
Calculating       :  85.89%
Calculating       :  85.90%
Calculating       :  85.90%
Calculating       :  85.92%
Calculating       :  85.92%
Calculating       :  85.92%
Calculating       :  85.93%
Calculating       :  85.93%
Calculating       :  85.95%
Calculating       :  85.95%
Calculating       :  85.96%
Calculating       :  85.97%
Calculating       :  85.97%
Calculating       :  85.98%
Calculating       :  85.98%
Calculating       :  85.99%
Calculating       :  86.00%
Calculating       :  86.00%
Calculating       :  86.02%
Calculating       :  86.02%
Calculating       :  86.02%
Calculating       :  86.03%
Calculating       :  86.03%
Calculating       :  86.05%
Calculating       :  86.05%
Calculating       :  86.05%
Calculating       :  86.07%
Calculating       :  86.07%
Calculating       :  86.08%
Calculating       :  86.08%
Calculating       :  86.08%
Calculating       :  86.10%
Calculating       :  86.10%
Calculating       :  86.12%
Calculating       :  86.12%
Calculating       :  86.12%
Calculating       :  86.13%
Calculating       :  86.13%
Calculating       :  86.15%
Calculating       :  86.15%
Calculating       :  86.15%
Calculating       :  86.17%
Calculating       :  86.17%
Calculating       :  86.18%
Calculating       :  86.18%
Calculating       :  86.18%
Calculating       :  86.20%
Calculating       :  86.20%
Calculating       :  86.22%
Calculating       :  86.22%
Calculating       :  86.22%
Calculating       :  86.23%
Calculating       :  86.23%
Calculating       :  86.25%
Calculating       :  86.25%
Calculating       :  86.25%
Calculating       :  86.27%
Calculating       :  86.27%
Calculating       :  86.28%
Calculating       :  86.28%
Calculating       :  86.28%
Calculating       :  86.30%
Calculating       :  86.30%
Calculating       :  86.32%
Calculating       :  86.32%
Calculating       :  86.32%
Calculating       :  86.34%
Calculating       :  86.34%
Calculating       :  86.35%
Calculating       :  86.35%
Calculating       :  86.35%
Calculating       :  86.37%
Calculating       :  86.37%
Calculating       :  86.39%
Calculating       :  86.39%
Calculating       :  86.39%
Calculating       :  86.40%
Calculating       :  86.40%
Calculating       :  86.42%
Calculating       :  86.42%
Calculating       :  86.42%
Calculating       :  86.44%
Calculating       :  86.44%
Calculating       :  86.45%
Calculating       :  86.45%
Calculating       :  86.45%
Calculating       :  86.47%
Calculating       :  86.47%
Calculating       :  86.49%
Calculating       :  86.49%
Calculating       :  86.49%
Calculating       :  86.50%
Calculating       :  86.50%
Calculating       :  86.52%
Calculating       :  86.52%
Calculating       :  86.52%
Calculating       :  86.54%
Calculating       :  86.54%
Calculating       :  86.55%
Calculating       :  86.55%
Calculating       :  86.55%
Calculating       :  86.57%
Calculating       :  86.57%
Calculating       :  86.58%
Calculating       :  86.59%
Calculating       :  86.59%
Calculating       :  86.60%
Calculating       :  86.60%
Calculating       :  86.61%
Calculating       :  86.62%
Calculating       :  86.62%
Calculating       :  86.64%
Calculating       :  86.64%
Calculating       :  86.64%
Calculating       :  86.65%
Calculating       :  86.65%
Calculating       :  86.67%
Calculating       :  86.67%
Calculating       :  86.67%
Calculating       :  86.69%
Calculating       :  86.69%
Calculating       :  86.70%
Calculating       :  86.70%
Calculating       :  86.71%
Calculating       :  86.72%
Calculating       :  86.72%
Calculating       :  86.74%
Calculating       :  86.74%
Calculating       :  86.74%
Calculating       :  86.76%
Calculating       :  86.76%
Calculating       :  86.77%
Calculating       :  86.77%
Calculating       :  86.78%
Calculating       :  86.79%
Calculating       :  86.79%
Calculating       :  86.81%
Calculating       :  86.81%
Calculating       :  86.81%
Calculating       :  86.82%
Calculating       :  86.82%
Calculating       :  86.84%
Calculating       :  86.84%
Calculating       :  86.84%
Calculating       :  86.86%
Calculating       :  86.86%
Calculating       :  86.87%
Calculating       :  86.87%
Calculating       :  86.87%
Calculating       :  86.89%
Calculating       :  86.89%
Calculating       :  86.91%
Calculating       :  86.91%
Calculating       :  86.91%
Calculating       :  86.92%
Calculating       :  86.92%
Calculating       :  86.94%
Calculating       :  86.94%
Calculating       :  86.94%
Calculating       :  86.96%
Calculating       :  86.96%
Calculating       :  86.97%
Calculating       :  86.97%
Calculating       :  86.97%
Calculating       :  86.99%
Calculating       :  86.99%
Calculating       :  87.01%
Calculating       :  87.01%
Calculating       :  87.01%
Calculating       :  87.02%
Calculating       :  87.02%
Calculating       :  87.04%
Calculating       :  87.04%
Calculating       :  87.04%
Calculating       :  87.06%
Calculating       :  87.06%
Calculating       :  87.07%
Calculating       :  87.07%
Calculating       :  87.07%
Calculating       :  87.09%
Calculating       :  87.09%
Calculating       :  87.11%
Calculating       :  87.11%
Calculating       :  87.11%
Calculating       :  87.12%
Calculating       :  87.12%
Calculating       :  87.14%
Calculating       :  87.14%
Calculating       :  87.14%
Calculating       :  87.16%
Calculating       :  87.16%
Calculating       :  87.17%
Calculating       :  87.18%
Calculating       :  87.18%
Calculating       :  87.19%
Calculating       :  87.19%
Calculating       :  87.20%
Calculating       :  87.21%
Calculating       :  87.21%
Calculating       :  87.23%
Calculating       :  87.23%
Calculating       :  87.24%
Calculating       :  87.24%
Calculating       :  87.24%
Calculating       :  87.26%
Calculating       :  87.26%
Calculating       :  87.26%
Calculating       :  87.28%
Calculating       :  87.28%
Calculating       :  87.29%
Calculating       :  87.29%
Calculating       :  87.29%
Calculating       :  87.31%
Calculating       :  87.31%
Calculating       :  87.33%
Calculating       :  87.33%
Calculating       :  87.33%
Calculating       :  87.34%
Calculating       :  87.34%
Calculating       :  87.36%
Calculating       :  87.36%
Calculating       :  87.36%
Calculating       :  87.38%
Calculating       :  87.38%
Calculating       :  87.39%
Calculating       :  87.39%
Calculating       :  87.39%
Calculating       :  87.41%
Calculating       :  87.41%
Calculating       :  87.43%
Calculating       :  87.43%
Calculating       :  87.43%
Calculating       :  87.44%
Calculating       :  87.44%
Calculating       :  87.46%
Calculating       :  87.46%
Calculating       :  87.46%
Calculating       :  87.48%
Calculating       :  87.48%
Calculating       :  87.49%
Calculating       :  87.49%
Calculating       :  87.49%
Calculating       :  87.51%
Calculating       :  87.51%
Calculating       :  87.53%
Calculating       :  87.53%
Calculating       :  87.53%
Calculating       :  87.55%
Calculating       :  87.55%
Calculating       :  87.56%
Calculating       :  87.56%
Calculating       :  87.56%
Calculating       :  87.58%
Calculating       :  87.58%
Calculating       :  87.60%
Calculating       :  87.60%
Calculating       :  87.60%
Calculating       :  87.61%
Calculating       :  87.61%
Calculating       :  87.63%
Calculating       :  87.63%
Calculating       :  87.63%
Calculating       :  87.65%
Calculating       :  87.65%
Calculating       :  87.66%
Calculating       :  87.66%
Calculating       :  87.66%
Calculating       :  87.68%
Calculating       :  87.68%
Calculating       :  87.70%
Calculating       :  87.70%
Calculating       :  87.70%
Calculating       :  87.71%
Calculating       :  87.71%
Calculating       :  87.73%
Calculating       :  87.73%
Calculating       :  87.73%
Calculating       :  87.75%
Calculating       :  87.75%
Calculating       :  87.76%
Calculating       :  87.76%
Calculating       :  87.76%
Calculating       :  87.78%
Calculating       :  87.78%
Calculating       :  87.80%
Calculating       :  87.80%
Calculating       :  87.80%
Calculating       :  87.81%
Calculating       :  87.81%
Calculating       :  87.83%
Calculating       :  87.83%
Calculating       :  87.83%
Calculating       :  87.85%
Calculating       :  87.85%
Calculating       :  87.86%
Calculating       :  87.86%
Calculating       :  87.86%
Calculating       :  87.88%
Calculating       :  87.88%
Calculating       :  87.89%
Calculating       :  87.90%
Calculating       :  87.90%
Calculating       :  87.91%
Calculating       :  87.91%
Calculating       :  87.91%
Calculating       :  87.93%
Calculating       :  87.93%
Calculating       :  87.95%
Calculating       :  87.95%
Calculating       :  87.95%
Calculating       :  87.97%
Calculating       :  87.97%
Calculating       :  87.98%
Calculating       :  87.98%
Calculating       :  87.98%
Calculating       :  88.00%
Calculating       :  88.00%
Calculating       :  88.02%
Calculating       :  88.02%
Calculating       :  88.02%
Calculating       :  88.03%
Calculating       :  88.03%
Calculating       :  88.05%
Calculating       :  88.05%
Calculating       :  88.05%
Calculating       :  88.07%
Calculating       :  88.07%
Calculating       :  88.08%
Calculating       :  88.08%
Calculating       :  88.08%
Calculating       :  88.10%
Calculating       :  88.10%
Calculating       :  88.12%
Calculating       :  88.12%
Calculating       :  88.12%
Calculating       :  88.13%
Calculating       :  88.13%
Calculating       :  88.14%
Calculating       :  88.15%
Calculating       :  88.15%
Calculating       :  88.17%
Calculating       :  88.17%
Calculating       :  88.17%
Calculating       :  88.18%
Calculating       :  88.18%
Calculating       :  88.20%
Calculating       :  88.20%
Calculating       :  88.20%
Calculating       :  88.22%
Calculating       :  88.22%
Calculating       :  88.23%
Calculating       :  88.23%
Calculating       :  88.23%
Calculating       :  88.25%
Calculating       :  88.25%
Calculating       :  88.27%
Calculating       :  88.27%
Calculating       :  88.27%
Calculating       :  88.28%
Calculating       :  88.28%
Calculating       :  88.30%
Calculating       :  88.30%
Calculating       :  88.30%
Calculating       :  88.32%
Calculating       :  88.32%
Calculating       :  88.33%
Calculating       :  88.33%
Calculating       :  88.33%
Calculating       :  88.35%
Calculating       :  88.35%
Calculating       :  88.35%
Calculating       :  88.37%
Calculating       :  88.37%
Calculating       :  88.39%
Calculating       :  88.39%
Calculating       :  88.39%
Calculating       :  88.40%
Calculating       :  88.40%
Calculating       :  88.42%
Calculating       :  88.42%
Calculating       :  88.42%
Calculating       :  88.44%
Calculating       :  88.44%
Calculating       :  88.45%
Calculating       :  88.45%
Calculating       :  88.45%
Calculating       :  88.47%
Calculating       :  88.47%
Calculating       :  88.48%
Calculating       :  88.49%
Calculating       :  88.49%
Calculating       :  88.50%
Calculating       :  88.50%
Calculating       :  88.50%
Calculating       :  88.52%
Calculating       :  88.52%
Calculating       :  88.54%
Calculating       :  88.54%
Calculating       :  88.54%
Calculating       :  88.55%
Calculating       :  88.55%
Calculating       :  88.57%
Calculating       :  88.57%
Calculating       :  88.57%
Calculating       :  88.59%
Calculating       :  88.59%
Calculating       :  88.60%
Calculating       :  88.60%
Calculating       :  88.60%
Calculating       :  88.62%
Calculating       :  88.62%
Calculating       :  88.64%
Calculating       :  88.64%
Calculating       :  88.64%
Calculating       :  88.65%
Calculating       :  88.65%
Calculating       :  88.67%
Calculating       :  88.67%
Calculating       :  88.67%
Calculating       :  88.69%
Calculating       :  88.69%
Calculating       :  88.70%
Calculating       :  88.70%
Calculating       :  88.70%
Calculating       :  88.72%
Calculating       :  88.72%
Calculating       :  88.74%
Calculating       :  88.74%
Calculating       :  88.74%
Calculating       :  88.75%
Calculating       :  88.75%
Calculating       :  88.77%
Calculating       :  88.77%
Calculating       :  88.77%
Calculating       :  88.79%
Calculating       :  88.79%
Calculating       :  88.81%
Calculating       :  88.81%
Calculating       :  88.81%
Calculating       :  88.82%
Calculating       :  88.82%
Calculating       :  88.84%
Calculating       :  88.84%
Calculating       :  88.84%
Calculating       :  88.86%
Calculating       :  88.86%
Calculating       :  88.86%
Calculating       :  88.87%
Calculating       :  88.87%
Calculating       :  88.89%
Calculating       :  88.89%
Calculating       :  88.89%
Calculating       :  88.91%
Calculating       :  88.91%
Calculating       :  88.92%
Calculating       :  88.92%
Calculating       :  88.92%
Calculating       :  88.94%
Calculating       :  88.94%
Calculating       :  88.96%
Calculating       :  88.96%
Calculating       :  88.96%
Calculating       :  88.97%
Calculating       :  88.97%
Calculating       :  88.99%
Calculating       :  88.99%
Calculating       :  88.99%
Calculating       :  89.01%
Calculating       :  89.01%
Calculating       :  89.02%
Calculating       :  89.02%
Calculating       :  89.02%
Calculating       :  89.04%
Calculating       :  89.04%
Calculating       :  89.06%
Calculating       :  89.06%
Calculating       :  89.06%
Calculating       :  89.07%
Calculating       :  89.07%
Calculating       :  89.09%
Calculating       :  89.09%
Calculating       :  89.09%
Calculating       :  89.11%
Calculating       :  89.11%
Calculating       :  89.12%
Calculating       :  89.12%
Calculating       :  89.12%
Calculating       :  89.14%
Calculating       :  89.14%
Calculating       :  89.16%
Calculating       :  89.16%
Calculating       :  89.16%
Calculating       :  89.17%
Calculating       :  89.17%
Calculating       :  89.19%
Calculating       :  89.19%
Calculating       :  89.19%
Calculating       :  89.21%
Calculating       :  89.21%
Calculating       :  89.22%
Calculating       :  89.23%
Calculating       :  89.23%
Calculating       :  89.24%
Calculating       :  89.24%
Calculating       :  89.25%
Calculating       :  89.26%
Calculating       :  89.26%
Calculating       :  89.28%
Calculating       :  89.28%
Calculating       :  89.28%
Calculating       :  89.29%
Calculating       :  89.29%
Calculating       :  89.31%
Calculating       :  89.31%
Calculating       :  89.31%
Calculating       :  89.33%
Calculating       :  89.33%
Calculating       :  89.34%
Calculating       :  89.34%
Calculating       :  89.34%
Calculating       :  89.36%
Calculating       :  89.36%
Calculating       :  89.38%
Calculating       :  89.38%
Calculating       :  89.38%
Calculating       :  89.39%
Calculating       :  89.39%
Calculating       :  89.41%
Calculating       :  89.41%
Calculating       :  89.41%
Calculating       :  89.43%
Calculating       :  89.43%
Calculating       :  89.44%
Calculating       :  89.44%
Calculating       :  89.44%
Calculating       :  89.46%
Calculating       :  89.46%
Calculating       :  89.48%
Calculating       :  89.48%
Calculating       :  89.48%
Calculating       :  89.49%
Calculating       :  89.49%
Calculating       :  89.51%
Calculating       :  89.51%
Calculating       :  89.51%
Calculating       :  89.53%
Calculating       :  89.53%
Calculating       :  89.54%
Calculating       :  89.54%
Calculating       :  89.54%
Calculating       :  89.56%
Calculating       :  89.56%
Calculating       :  89.58%
Calculating       :  89.58%
Calculating       :  89.58%
Calculating       :  89.59%
Calculating       :  89.59%
Calculating       :  89.61%
Calculating       :  89.61%
Calculating       :  89.61%
Calculating       :  89.63%
Calculating       :  89.63%
Calculating       :  89.65%
Calculating       :  89.65%
Calculating       :  89.65%
Calculating       :  89.66%
Calculating       :  89.66%
Calculating       :  89.68%
Calculating       :  89.68%
Calculating       :  89.68%
Calculating       :  89.70%
Calculating       :  89.70%
Calculating       :  89.71%
Calculating       :  89.71%
Calculating       :  89.71%
Calculating       :  89.73%
Calculating       :  89.73%
Calculating       :  89.75%
Calculating       :  89.75%
Calculating       :  89.75%
Calculating       :  89.76%
Calculating       :  89.76%
Calculating       :  89.78%
Calculating       :  89.78%
Calculating       :  89.78%
Calculating       :  89.80%
Calculating       :  89.80%
Calculating       :  89.81%
Calculating       :  89.81%
Calculating       :  89.81%
Calculating       :  89.83%
Calculating       :  89.83%
Calculating       :  89.84%
Calculating       :  89.85%
Calculating       :  89.85%
Calculating       :  89.86%
Calculating       :  89.86%
Calculating       :  89.87%
Calculating       :  89.88%
Calculating       :  89.88%
Calculating       :  89.90%
Calculating       :  89.90%
Calculating       :  89.90%
Calculating       :  89.91%
Calculating       :  89.91%
Calculating       :  89.93%
Calculating       :  89.93%
Calculating       :  89.93%
Calculating       :  89.95%
Calculating       :  89.95%
Calculating       :  89.96%
Calculating       :  89.96%
Calculating       :  89.97%
Calculating       :  89.98%
Calculating       :  89.98%
Calculating       :  90.00%
Calculating       :  90.00%
Calculating       :  90.00%
Calculating       :  90.01%
Calculating       :  90.01%
Calculating       :  90.03%
Calculating       :  90.03%
Calculating       :  90.03%
Calculating       :  90.05%
Calculating       :  90.05%
Calculating       :  90.07%
Calculating       :  90.07%
Calculating       :  90.07%
Calculating       :  90.08%
Calculating       :  90.08%
Calculating       :  90.10%
Calculating       :  90.10%
Calculating       :  90.10%
Calculating       :  90.12%
Calculating       :  90.12%
Calculating       :  90.13%
Calculating       :  90.13%
Calculating       :  90.13%
Calculating       :  90.15%
Calculating       :  90.15%
Calculating       :  90.17%
Calculating       :  90.17%
Calculating       :  90.17%
Calculating       :  90.18%
Calculating       :  90.18%
Calculating       :  90.20%
Calculating       :  90.20%
Calculating       :  90.20%
Calculating       :  90.22%
Calculating       :  90.22%
Calculating       :  90.23%
Calculating       :  90.23%
Calculating       :  90.23%
Calculating       :  90.25%
Calculating       :  90.25%
Calculating       :  90.27%
Calculating       :  90.27%
Calculating       :  90.27%
Calculating       :  90.28%
Calculating       :  90.28%
Calculating       :  90.30%
Calculating       :  90.30%
Calculating       :  90.30%
Calculating       :  90.32%
Calculating       :  90.32%
Calculating       :  90.33%
Calculating       :  90.33%
Calculating       :  90.33%
Calculating       :  90.35%
Calculating       :  90.35%
Calculating       :  90.37%
Calculating       :  90.37%
Calculating       :  90.37%
Calculating       :  90.38%
Calculating       :  90.38%
Calculating       :  90.40%
Calculating       :  90.40%
Calculating       :  90.40%
Calculating       :  90.42%
Calculating       :  90.42%
Calculating       :  90.43%
Calculating       :  90.43%
Calculating       :  90.43%
Calculating       :  90.45%
Calculating       :  90.45%
Calculating       :  90.47%
Calculating       :  90.47%
Calculating       :  90.47%
Calculating       :  90.49%
Calculating       :  90.49%
Calculating       :  90.50%
Calculating       :  90.50%
Calculating       :  90.50%
Calculating       :  90.52%
Calculating       :  90.52%
Calculating       :  90.54%
Calculating       :  90.54%
Calculating       :  90.54%
Calculating       :  90.55%
Calculating       :  90.55%
Calculating       :  90.57%
Calculating       :  90.57%
Calculating       :  90.57%
Calculating       :  90.59%
Calculating       :  90.59%
Calculating       :  90.60%
Calculating       :  90.60%
Calculating       :  90.60%
Calculating       :  90.62%
Calculating       :  90.62%
Calculating       :  90.64%
Calculating       :  90.64%
Calculating       :  90.64%
Calculating       :  90.65%
Calculating       :  90.65%
Calculating       :  90.67%
Calculating       :  90.67%
Calculating       :  90.67%
Calculating       :  90.69%
Calculating       :  90.69%
Calculating       :  90.70%
Calculating       :  90.70%
Calculating       :  90.70%
Calculating       :  90.72%
Calculating       :  90.72%
Calculating       :  90.72%
Calculating       :  90.74%
Calculating       :  90.74%
Calculating       :  90.75%
Calculating       :  90.75%
Calculating       :  90.76%
Calculating       :  90.77%
Calculating       :  90.77%
Calculating       :  90.79%
Calculating       :  90.79%
Calculating       :  90.79%
Calculating       :  90.80%
Calculating       :  90.80%
Calculating       :  90.82%
Calculating       :  90.82%
Calculating       :  90.82%
Calculating       :  90.84%
Calculating       :  90.84%
Calculating       :  90.86%
Calculating       :  90.86%
Calculating       :  90.86%
Calculating       :  90.87%
Calculating       :  90.87%
Calculating       :  90.89%
Calculating       :  90.89%
Calculating       :  90.89%
Calculating       :  90.91%
Calculating       :  90.91%
Calculating       :  90.92%
Calculating       :  90.92%
Calculating       :  90.92%
Calculating       :  90.94%
Calculating       :  90.94%
Calculating       :  90.96%
Calculating       :  90.96%
Calculating       :  90.96%
Calculating       :  90.97%
Calculating       :  90.97%
Calculating       :  90.99%
Calculating       :  90.99%
Calculating       :  90.99%
Calculating       :  91.01%
Calculating       :  91.01%
Calculating       :  91.02%
Calculating       :  91.02%
Calculating       :  91.02%
Calculating       :  91.04%
Calculating       :  91.04%
Calculating       :  91.06%
Calculating       :  91.06%
Calculating       :  91.06%
Calculating       :  91.07%
Calculating       :  91.07%
Calculating       :  91.09%
Calculating       :  91.09%
Calculating       :  91.09%
Calculating       :  91.11%
Calculating       :  91.11%
Calculating       :  91.12%
Calculating       :  91.12%
Calculating       :  91.12%
Calculating       :  91.14%
Calculating       :  91.14%
Calculating       :  91.16%
Calculating       :  91.16%
Calculating       :  91.16%
Calculating       :  91.17%
Calculating       :  91.17%
Calculating       :  91.19%
Calculating       :  91.19%
Calculating       :  91.19%
Calculating       :  91.21%
Calculating       :  91.21%
Calculating       :  91.22%
Calculating       :  91.22%
Calculating       :  91.22%
Calculating       :  91.24%
Calculating       :  91.24%
Calculating       :  91.26%
Calculating       :  91.26%
Calculating       :  91.26%
Calculating       :  91.28%
Calculating       :  91.28%
Calculating       :  91.29%
Calculating       :  91.29%
Calculating       :  91.29%
Calculating       :  91.31%
Calculating       :  91.31%
Calculating       :  91.33%
Calculating       :  91.33%
Calculating       :  91.33%
Calculating       :  91.34%
Calculating       :  91.34%
Calculating       :  91.36%
Calculating       :  91.36%
Calculating       :  91.36%
Calculating       :  91.38%
Calculating       :  91.38%
Calculating       :  91.39%
Calculating       :  91.39%
Calculating       :  91.39%
Calculating       :  91.41%
Calculating       :  91.41%
Calculating       :  91.43%
Calculating       :  91.43%
Calculating       :  91.43%
Calculating       :  91.44%
Calculating       :  91.44%
Calculating       :  91.46%
Calculating       :  91.46%
Calculating       :  91.46%
Calculating       :  91.48%
Calculating       :  91.48%
Calculating       :  91.49%
Calculating       :  91.49%
Calculating       :  91.49%
Calculating       :  91.51%
Calculating       :  91.51%
Calculating       :  91.51%
Calculating       :  91.53%
Calculating       :  91.53%
Calculating       :  91.54%
Calculating       :  91.54%
Calculating       :  91.55%
Calculating       :  91.56%
Calculating       :  91.56%
Calculating       :  91.58%
Calculating       :  91.58%
Calculating       :  91.58%
Calculating       :  91.59%
Calculating       :  91.59%
Calculating       :  91.61%
Calculating       :  91.61%
Calculating       :  91.61%
Calculating       :  91.63%
Calculating       :  91.63%
Calculating       :  91.64%
Calculating       :  91.64%
Calculating       :  91.64%
Calculating       :  91.66%
Calculating       :  91.66%
Calculating       :  91.68%
Calculating       :  91.68%
Calculating       :  91.68%
Calculating       :  91.70%
Calculating       :  91.70%
Calculating       :  91.71%
Calculating       :  91.71%
Calculating       :  91.71%
Calculating       :  91.73%
Calculating       :  91.73%
Calculating       :  91.75%
Calculating       :  91.75%
Calculating       :  91.75%
Calculating       :  91.76%
Calculating       :  91.76%
Calculating       :  91.78%
Calculating       :  91.78%
Calculating       :  91.78%
Calculating       :  91.80%
Calculating       :  91.80%
Calculating       :  91.81%
Calculating       :  91.81%
Calculating       :  91.81%
Calculating       :  91.83%
Calculating       :  91.83%
Calculating       :  91.85%
Calculating       :  91.85%
Calculating       :  91.85%
Calculating       :  91.86%
Calculating       :  91.86%
Calculating       :  91.88%
Calculating       :  91.88%
Calculating       :  91.88%
Calculating       :  91.90%
Calculating       :  91.90%
Calculating       :  91.91%
Calculating       :  91.91%
Calculating       :  91.91%
Calculating       :  91.93%
Calculating       :  91.93%
Calculating       :  91.94%
Calculating       :  91.95%
Calculating       :  91.95%
Calculating       :  91.96%
Calculating       :  91.96%
Calculating       :  91.98%
Calculating       :  91.98%
Calculating       :  91.98%
Calculating       :  92.00%
Calculating       :  92.00%
Calculating       :  92.00%
Calculating       :  92.01%
Calculating       :  92.01%
Calculating       :  92.03%
Calculating       :  92.03%
Calculating       :  92.03%
Calculating       :  92.05%
Calculating       :  92.05%
Calculating       :  92.06%
Calculating       :  92.06%
Calculating       :  92.07%
Calculating       :  92.08%
Calculating       :  92.08%
Calculating       :  92.10%
Calculating       :  92.10%
Calculating       :  92.10%
Calculating       :  92.12%
Calculating       :  92.12%
Calculating       :  92.13%
Calculating       :  92.13%
Calculating       :  92.13%
Calculating       :  92.15%
Calculating       :  92.15%
Calculating       :  92.17%
Calculating       :  92.17%
Calculating       :  92.17%
Calculating       :  92.18%
Calculating       :  92.18%
Calculating       :  92.20%
Calculating       :  92.20%
Calculating       :  92.20%
Calculating       :  92.22%
Calculating       :  92.22%
Calculating       :  92.23%
Calculating       :  92.23%
Calculating       :  92.23%
Calculating       :  92.25%
Calculating       :  92.25%
Calculating       :  92.26%
Calculating       :  92.27%
Calculating       :  92.27%
Calculating       :  92.28%
Calculating       :  92.28%
Calculating       :  92.30%
Calculating       :  92.30%
Calculating       :  92.30%
Calculating       :  92.32%
Calculating       :  92.32%
Calculating       :  92.33%
Calculating       :  92.33%
Calculating       :  92.33%
Calculating       :  92.35%
Calculating       :  92.35%
Calculating       :  92.36%
Calculating       :  92.37%
Calculating       :  92.37%
Calculating       :  92.38%
Calculating       :  92.38%
Calculating       :  92.39%
Calculating       :  92.40%
Calculating       :  92.40%
Calculating       :  92.42%
Calculating       :  92.42%
Calculating       :  92.42%
Calculating       :  92.43%
Calculating       :  92.43%
Calculating       :  92.45%
Calculating       :  92.45%
Calculating       :  92.45%
Calculating       :  92.47%
Calculating       :  92.47%
Calculating       :  92.48%
Calculating       :  92.48%
Calculating       :  92.48%
Calculating       :  92.50%
Calculating       :  92.50%
Calculating       :  92.52%
Calculating       :  92.52%
Calculating       :  92.52%
Calculating       :  92.54%
Calculating       :  92.54%
Calculating       :  92.55%
Calculating       :  92.55%
Calculating       :  92.55%
Calculating       :  92.57%
Calculating       :  92.57%
Calculating       :  92.59%
Calculating       :  92.59%
Calculating       :  92.59%
Calculating       :  92.60%
Calculating       :  92.60%
Calculating       :  92.62%
Calculating       :  92.62%
Calculating       :  92.62%
Calculating       :  92.64%
Calculating       :  92.64%
Calculating       :  92.65%
Calculating       :  92.65%
Calculating       :  92.65%
Calculating       :  92.67%
Calculating       :  92.67%
Calculating       :  92.69%
Calculating       :  92.69%
Calculating       :  92.69%
Calculating       :  92.70%
Calculating       :  92.70%
Calculating       :  92.72%
Calculating       :  92.72%
Calculating       :  92.72%
Calculating       :  92.74%
Calculating       :  92.74%
Calculating       :  92.75%
Calculating       :  92.75%
Calculating       :  92.75%
Calculating       :  92.77%
Calculating       :  92.77%
Calculating       :  92.79%
Calculating       :  92.79%
Calculating       :  92.79%
Calculating       :  92.80%
Calculating       :  92.80%
Calculating       :  92.81%
Calculating       :  92.82%
Calculating       :  92.82%
Calculating       :  92.84%
Calculating       :  92.84%
Calculating       :  92.84%
Calculating       :  92.85%
Calculating       :  92.85%
Calculating       :  92.87%
Calculating       :  92.87%
Calculating       :  92.87%
Calculating       :  92.89%
Calculating       :  92.89%
Calculating       :  92.90%
Calculating       :  92.90%
Calculating       :  92.91%
Calculating       :  92.92%
Calculating       :  92.92%
Calculating       :  92.94%
Calculating       :  92.94%
Calculating       :  92.94%
Calculating       :  92.96%
Calculating       :  92.96%
Calculating       :  92.97%
Calculating       :  92.97%
Calculating       :  92.97%
Calculating       :  92.99%
Calculating       :  92.99%
Calculating       :  93.01%
Calculating       :  93.01%
Calculating       :  93.01%
Calculating       :  93.02%
Calculating       :  93.02%
Calculating       :  93.04%
Calculating       :  93.04%
Calculating       :  93.04%
Calculating       :  93.06%
Calculating       :  93.06%
Calculating       :  93.07%
Calculating       :  93.07%
Calculating       :  93.07%
Calculating       :  93.09%
Calculating       :  93.09%
Calculating       :  93.11%
Calculating       :  93.11%
Calculating       :  93.11%
Calculating       :  93.12%
Calculating       :  93.12%
Calculating       :  93.14%
Calculating       :  93.14%
Calculating       :  93.14%
Calculating       :  93.16%
Calculating       :  93.16%
Calculating       :  93.17%
Calculating       :  93.17%
Calculating       :  93.17%
Calculating       :  93.19%
Calculating       :  93.19%
Calculating       :  93.21%
Calculating       :  93.21%
Calculating       :  93.21%
Calculating       :  93.22%
Calculating       :  93.22%
Calculating       :  93.24%
Calculating       :  93.24%
Calculating       :  93.24%
Calculating       :  93.26%
Calculating       :  93.26%
Calculating       :  93.27%
Calculating       :  93.27%
Calculating       :  93.27%
Calculating       :  93.29%
Calculating       :  93.29%
Calculating       :  93.31%
Calculating       :  93.31%
Calculating       :  93.31%
Calculating       :  93.32%
Calculating       :  93.32%
Calculating       :  93.34%
Calculating       :  93.34%
Calculating       :  93.34%
Calculating       :  93.36%
Calculating       :  93.36%
Calculating       :  93.38%
Calculating       :  93.38%
Calculating       :  93.38%
Calculating       :  93.39%
Calculating       :  93.39%
Calculating       :  93.41%
Calculating       :  93.41%
Calculating       :  93.41%
Calculating       :  93.43%
Calculating       :  93.43%
Calculating       :  93.44%
Calculating       :  93.44%
Calculating       :  93.44%
Calculating       :  93.46%
Calculating       :  93.46%
Calculating       :  93.48%
Calculating       :  93.48%
Calculating       :  93.48%
Calculating       :  93.49%
Calculating       :  93.49%
Calculating       :  93.50%
Calculating       :  93.51%
Calculating       :  93.51%
Calculating       :  93.53%
Calculating       :  93.53%
Calculating       :  93.54%
Calculating       :  93.54%
Calculating       :  93.54%
Calculating       :  93.56%
Calculating       :  93.56%
Calculating       :  93.57%
Calculating       :  93.58%
Calculating       :  93.58%
Calculating       :  93.59%
Calculating       :  93.59%
Calculating       :  93.60%
Calculating       :  93.61%
Calculating       :  93.61%
Calculating       :  93.63%
Calculating       :  93.63%
Calculating       :  93.63%
Calculating       :  93.64%
Calculating       :  93.64%
Calculating       :  93.66%
Calculating       :  93.66%
Calculating       :  93.66%
Calculating       :  93.68%
Calculating       :  93.68%
Calculating       :  93.69%
Calculating       :  93.69%
Calculating       :  93.69%
Calculating       :  93.71%
Calculating       :  93.71%
Calculating       :  93.73%
Calculating       :  93.73%
Calculating       :  93.73%
Calculating       :  93.74%
Calculating       :  93.74%
Calculating       :  93.76%
Calculating       :  93.76%
Calculating       :  93.76%
Calculating       :  93.78%
Calculating       :  93.78%
Calculating       :  93.80%
Calculating       :  93.80%
Calculating       :  93.80%
Calculating       :  93.81%
Calculating       :  93.81%
Calculating       :  93.81%
Calculating       :  93.83%
Calculating       :  93.83%
Calculating       :  93.85%
Calculating       :  93.85%
Calculating       :  93.85%
Calculating       :  93.86%
Calculating       :  93.86%
Calculating       :  93.88%
Calculating       :  93.88%
Calculating       :  93.88%
Calculating       :  93.90%
Calculating       :  93.90%
Calculating       :  93.91%
Calculating       :  93.91%
Calculating       :  93.91%
Calculating       :  93.93%
Calculating       :  93.93%
Calculating       :  93.95%
Calculating       :  93.95%
Calculating       :  93.95%
Calculating       :  93.96%
Calculating       :  93.96%
Calculating       :  93.98%
Calculating       :  93.98%
Calculating       :  93.98%
Calculating       :  94.00%
Calculating       :  94.00%
Calculating       :  94.01%
Calculating       :  94.01%
Calculating       :  94.01%
Calculating       :  94.03%
Calculating       :  94.03%
Calculating       :  94.05%
Calculating       :  94.05%
Calculating       :  94.05%
Calculating       :  94.06%
Calculating       :  94.06%
Calculating       :  94.08%
Calculating       :  94.08%
Calculating       :  94.08%
Calculating       :  94.10%
Calculating       :  94.10%
Calculating       :  94.11%
Calculating       :  94.11%
Calculating       :  94.11%
Calculating       :  94.13%
Calculating       :  94.13%
Calculating       :  94.15%
Calculating       :  94.15%
Calculating       :  94.15%
Calculating       :  94.16%
Calculating       :  94.16%
Calculating       :  94.18%
Calculating       :  94.18%
Calculating       :  94.18%
Calculating       :  94.20%
Calculating       :  94.20%
Calculating       :  94.22%
Calculating       :  94.22%
Calculating       :  94.22%
Calculating       :  94.23%
Calculating       :  94.23%
Calculating       :  94.25%
Calculating       :  94.25%
Calculating       :  94.25%
Calculating       :  94.27%
Calculating       :  94.27%
Calculating       :  94.28%
Calculating       :  94.28%
Calculating       :  94.28%
Calculating       :  94.30%
Calculating       :  94.30%
Calculating       :  94.32%
Calculating       :  94.32%
Calculating       :  94.32%
Calculating       :  94.33%
Calculating       :  94.33%
Calculating       :  94.35%
Calculating       :  94.35%
Calculating       :  94.35%
Calculating       :  94.37%
Calculating       :  94.37%
Calculating       :  94.38%
Calculating       :  94.38%
Calculating       :  94.38%
Calculating       :  94.40%
Calculating       :  94.40%
Calculating       :  94.41%
Calculating       :  94.42%
Calculating       :  94.42%
Calculating       :  94.43%
Calculating       :  94.43%
Calculating       :  94.43%
Calculating       :  94.45%
Calculating       :  94.45%
Calculating       :  94.47%
Calculating       :  94.47%
Calculating       :  94.47%
Calculating       :  94.48%
Calculating       :  94.48%
Calculating       :  94.50%
Calculating       :  94.50%
Calculating       :  94.50%
Calculating       :  94.52%
Calculating       :  94.52%
Calculating       :  94.53%
Calculating       :  94.53%
Calculating       :  94.53%
Calculating       :  94.55%
Calculating       :  94.55%
Calculating       :  94.57%
Calculating       :  94.57%
Calculating       :  94.57%
Calculating       :  94.59%
Calculating       :  94.59%
Calculating       :  94.60%
Calculating       :  94.60%
Calculating       :  94.60%
Calculating       :  94.62%
Calculating       :  94.62%
Calculating       :  94.64%
Calculating       :  94.64%
Calculating       :  94.64%
Calculating       :  94.65%
Calculating       :  94.65%
Calculating       :  94.67%
Calculating       :  94.67%
Calculating       :  94.67%
Calculating       :  94.69%
Calculating       :  94.69%
Calculating       :  94.70%
Calculating       :  94.70%
Calculating       :  94.70%
Calculating       :  94.72%
Calculating       :  94.72%
Calculating       :  94.73%
Calculating       :  94.74%
Calculating       :  94.74%
Calculating       :  94.75%
Calculating       :  94.75%
Calculating       :  94.76%
Calculating       :  94.77%
Calculating       :  94.77%
Calculating       :  94.79%
Calculating       :  94.79%
Calculating       :  94.79%
Calculating       :  94.80%
Calculating       :  94.80%
Calculating       :  94.82%
Calculating       :  94.82%
Calculating       :  94.83%
Calculating       :  94.84%
Calculating       :  94.84%
Calculating       :  94.85%
Calculating       :  94.85%
Calculating       :  94.86%
Calculating       :  94.87%
Calculating       :  94.87%
Calculating       :  94.89%
Calculating       :  94.89%
Calculating       :  94.89%
Calculating       :  94.90%
Calculating       :  94.90%
Calculating       :  94.92%
Calculating       :  94.92%
Calculating       :  94.92%
Calculating       :  94.94%
Calculating       :  94.94%
Calculating       :  94.95%
Calculating       :  94.95%
Calculating       :  94.96%
Calculating       :  94.97%
Calculating       :  94.97%
Calculating       :  94.99%
Calculating       :  94.99%
Calculating       :  94.99%
Calculating       :  95.01%
Calculating       :  95.01%
Calculating       :  95.02%
Calculating       :  95.02%
Calculating       :  95.02%
Calculating       :  95.04%
Calculating       :  95.04%
Calculating       :  95.06%
Calculating       :  95.06%
Calculating       :  95.06%
Calculating       :  95.07%
Calculating       :  95.07%
Calculating       :  95.09%
Calculating       :  95.09%
Calculating       :  95.09%
Calculating       :  95.11%
Calculating       :  95.11%
Calculating       :  95.12%
Calculating       :  95.12%
Calculating       :  95.12%
Calculating       :  95.14%
Calculating       :  95.14%
Calculating       :  95.16%
Calculating       :  95.16%
Calculating       :  95.16%
Calculating       :  95.17%
Calculating       :  95.17%
Calculating       :  95.19%
Calculating       :  95.19%
Calculating       :  95.19%
Calculating       :  95.21%
Calculating       :  95.21%
Calculating       :  95.22%
Calculating       :  95.22%
Calculating       :  95.22%
Calculating       :  95.24%
Calculating       :  95.24%
Calculating       :  95.26%
Calculating       :  95.26%
Calculating       :  95.26%
Calculating       :  95.27%
Calculating       :  95.27%
Calculating       :  95.29%
Calculating       :  95.29%
Calculating       :  95.29%
Calculating       :  95.31%
Calculating       :  95.31%
Calculating       :  95.32%
Calculating       :  95.32%
Calculating       :  95.32%
Calculating       :  95.34%
Calculating       :  95.34%
Calculating       :  95.36%
Calculating       :  95.36%
Calculating       :  95.36%
Calculating       :  95.37%
Calculating       :  95.37%
Calculating       :  95.39%
Calculating       :  95.39%
Calculating       :  95.39%
Calculating       :  95.41%
Calculating       :  95.41%
Calculating       :  95.43%
Calculating       :  95.43%
Calculating       :  95.43%
Calculating       :  95.44%
Calculating       :  95.44%
Calculating       :  95.46%
Calculating       :  95.46%
Calculating       :  95.46%
Calculating       :  95.48%
Calculating       :  95.48%
Calculating       :  95.49%
Calculating       :  95.49%
Calculating       :  95.49%
Calculating       :  95.51%
Calculating       :  95.51%
Calculating       :  95.53%
Calculating       :  95.53%
Calculating       :  95.53%
Calculating       :  95.54%
Calculating       :  95.54%
Calculating       :  95.56%
Calculating       :  95.56%
Calculating       :  95.56%
Calculating       :  95.58%
Calculating       :  95.58%
Calculating       :  95.59%
Calculating       :  95.59%
Calculating       :  95.59%
Calculating       :  95.61%
Calculating       :  95.61%
Calculating       :  95.63%
Calculating       :  95.63%
Calculating       :  95.63%
Calculating       :  95.64%
Calculating       :  95.64%
Calculating       :  95.66%
Calculating       :  95.66%
Calculating       :  95.66%
Calculating       :  95.68%
Calculating       :  95.68%
Calculating       :  95.69%
Calculating       :  95.69%
Calculating       :  95.69%
Calculating       :  95.71%
Calculating       :  95.71%
Calculating       :  95.73%
Calculating       :  95.73%
Calculating       :  95.73%
Calculating       :  95.74%
Calculating       :  95.74%
Calculating       :  95.76%
Calculating       :  95.76%
Calculating       :  95.76%
Calculating       :  95.78%
Calculating       :  95.78%
Calculating       :  95.79%
Calculating       :  95.79%
Calculating       :  95.79%
Calculating       :  95.81%
Calculating       :  95.81%
Calculating       :  95.83%
Calculating       :  95.83%
Calculating       :  95.83%
Calculating       :  95.85%
Calculating       :  95.85%
Calculating       :  95.86%
Calculating       :  95.86%
Calculating       :  95.86%
Calculating       :  95.88%
Calculating       :  95.88%
Calculating       :  95.89%
Calculating       :  95.90%
Calculating       :  95.90%
Calculating       :  95.91%
Calculating       :  95.91%
Calculating       :  95.93%
Calculating       :  95.93%
Calculating       :  95.93%
Calculating       :  95.95%
Calculating       :  95.95%
Calculating       :  95.96%
Calculating       :  95.96%
Calculating       :  95.96%
Calculating       :  95.98%
Calculating       :  95.98%
Calculating       :  96.00%
Calculating       :  96.00%
Calculating       :  96.00%
Calculating       :  96.01%
Calculating       :  96.01%
Calculating       :  96.03%
Calculating       :  96.03%
Calculating       :  96.03%
Calculating       :  96.05%
Calculating       :  96.05%
Calculating       :  96.06%
Calculating       :  96.06%
Calculating       :  96.06%
Calculating       :  96.08%
Calculating       :  96.08%
Calculating       :  96.10%
Calculating       :  96.10%
Calculating       :  96.10%
Calculating       :  96.11%
Calculating       :  96.11%
Calculating       :  96.13%
Calculating       :  96.13%
Calculating       :  96.13%
Calculating       :  96.15%
Calculating       :  96.15%
Calculating       :  96.16%
Calculating       :  96.16%
Calculating       :  96.16%
Calculating       :  96.18%
Calculating       :  96.18%
Calculating       :  96.20%
Calculating       :  96.20%
Calculating       :  96.20%
Calculating       :  96.21%
Calculating       :  96.21%
Calculating       :  96.23%
Calculating       :  96.23%
Calculating       :  96.23%
Calculating       :  96.25%
Calculating       :  96.25%
Calculating       :  96.25%
Calculating       :  96.27%
Calculating       :  96.27%
Calculating       :  96.28%
Calculating       :  96.28%
Calculating       :  96.28%
Calculating       :  96.30%
Calculating       :  96.30%
Calculating       :  96.31%
Calculating       :  96.32%
Calculating       :  96.32%
Calculating       :  96.33%
Calculating       :  96.33%
Calculating       :  96.33%
Calculating       :  96.35%
Calculating       :  96.35%
Calculating       :  96.36%
Calculating       :  96.37%
Calculating       :  96.37%
Calculating       :  96.38%
Calculating       :  96.38%
Calculating       :  96.38%
Calculating       :  96.40%
Calculating       :  96.40%
Calculating       :  96.42%
Calculating       :  96.42%
Calculating       :  96.42%
Calculating       :  96.43%
Calculating       :  96.43%
Calculating       :  96.45%
Calculating       :  96.45%
Calculating       :  96.45%
Calculating       :  96.47%
Calculating       :  96.47%
Calculating       :  96.48%
Calculating       :  96.48%
Calculating       :  96.48%
Calculating       :  96.50%
Calculating       :  96.50%
Calculating       :  96.52%
Calculating       :  96.52%
Calculating       :  96.52%
Calculating       :  96.53%
Calculating       :  96.53%
Calculating       :  96.55%
Calculating       :  96.55%
Calculating       :  96.55%
Calculating       :  96.57%
Calculating       :  96.57%
Calculating       :  96.58%
Calculating       :  96.58%
Calculating       :  96.58%
Calculating       :  96.60%
Calculating       :  96.60%
Calculating       :  96.62%
Calculating       :  96.62%
Calculating       :  96.62%
Calculating       :  96.63%
Calculating       :  96.63%
Calculating       :  96.65%
Calculating       :  96.65%
Calculating       :  96.65%
Calculating       :  96.67%
Calculating       :  96.67%
Calculating       :  96.69%
Calculating       :  96.69%
Calculating       :  96.69%
Calculating       :  96.70%
Calculating       :  96.70%
Calculating       :  96.72%
Calculating       :  96.72%
Calculating       :  96.72%
Calculating       :  96.74%
Calculating       :  96.74%
Calculating       :  96.75%
Calculating       :  96.75%
Calculating       :  96.75%
Calculating       :  96.77%
Calculating       :  96.77%
Calculating       :  96.79%
Calculating       :  96.79%
Calculating       :  96.79%
Calculating       :  96.80%
Calculating       :  96.80%
Calculating       :  96.81%
Calculating       :  96.82%
Calculating       :  96.82%
Calculating       :  96.84%
Calculating       :  96.84%
Calculating       :  96.84%
Calculating       :  96.85%
Calculating       :  96.85%
Calculating       :  96.87%
Calculating       :  96.87%
Calculating       :  96.87%
Calculating       :  96.89%
Calculating       :  96.89%
Calculating       :  96.90%
Calculating       :  96.90%
Calculating       :  96.91%
Calculating       :  96.92%
Calculating       :  96.92%
Calculating       :  96.94%
Calculating       :  96.94%
Calculating       :  96.94%
Calculating       :  96.95%
Calculating       :  96.95%
Calculating       :  96.97%
Calculating       :  96.97%
Calculating       :  96.97%
Calculating       :  96.99%
Calculating       :  96.99%
Calculating       :  97.00%
Calculating       :  97.00%
Calculating       :  97.00%
Calculating       :  97.02%
Calculating       :  97.02%
Calculating       :  97.04%
Calculating       :  97.04%
Calculating       :  97.04%
Calculating       :  97.05%
Calculating       :  97.05%
Calculating       :  97.07%
Calculating       :  97.07%
Calculating       :  97.07%
Calculating       :  97.09%
Calculating       :  97.09%
Calculating       :  97.11%
Calculating       :  97.11%
Calculating       :  97.11%
Calculating       :  97.12%
Calculating       :  97.12%
Calculating       :  97.14%
Calculating       :  97.14%
Calculating       :  97.14%
Calculating       :  97.16%
Calculating       :  97.16%
Calculating       :  97.17%
Calculating       :  97.17%
Calculating       :  97.17%
Calculating       :  97.19%
Calculating       :  97.19%
Calculating       :  97.21%
Calculating       :  97.21%
Calculating       :  97.21%
Calculating       :  97.22%
Calculating       :  97.22%
Calculating       :  97.24%
Calculating       :  97.24%
Calculating       :  97.24%
Calculating       :  97.26%
Calculating       :  97.26%
Calculating       :  97.27%
Calculating       :  97.27%
Calculating       :  97.27%
Calculating       :  97.29%
Calculating       :  97.29%
Calculating       :  97.31%
Calculating       :  97.31%
Calculating       :  97.31%
Calculating       :  97.32%
Calculating       :  97.32%
Calculating       :  97.33%
Calculating       :  97.34%
Calculating       :  97.34%
Calculating       :  97.36%
Calculating       :  97.36%
Calculating       :  97.36%
Calculating       :  97.37%
Calculating       :  97.37%
Calculating       :  97.39%
Calculating       :  97.39%
Calculating       :  97.40%
Calculating       :  97.41%
Calculating       :  97.41%
Calculating       :  97.42%
Calculating       :  97.42%
Calculating       :  97.43%
Calculating       :  97.44%
Calculating       :  97.44%
Calculating       :  97.46%
Calculating       :  97.46%
Calculating       :  97.46%
Calculating       :  97.47%
Calculating       :  97.47%
Calculating       :  97.49%
Calculating       :  97.49%
Calculating       :  97.49%
Calculating       :  97.51%
Calculating       :  97.51%
Calculating       :  97.53%
Calculating       :  97.53%
Calculating       :  97.53%
Calculating       :  97.54%
Calculating       :  97.54%
Calculating       :  97.56%
Calculating       :  97.56%
Calculating       :  97.56%
Calculating       :  97.58%
Calculating       :  97.58%
Calculating       :  97.59%
Calculating       :  97.59%
Calculating       :  97.59%
Calculating       :  97.61%
Calculating       :  97.61%
Calculating       :  97.63%
Calculating       :  97.63%
Calculating       :  97.63%
Calculating       :  97.64%
Calculating       :  97.64%
Calculating       :  97.66%
Calculating       :  97.66%
Calculating       :  97.66%
Calculating       :  97.68%
Calculating       :  97.68%
Calculating       :  97.69%
Calculating       :  97.69%
Calculating       :  97.69%
Calculating       :  97.71%
Calculating       :  97.71%
Calculating       :  97.73%
Calculating       :  97.73%
Calculating       :  97.73%
Calculating       :  97.74%
Calculating       :  97.74%
Calculating       :  97.76%
Calculating       :  97.76%
Calculating       :  97.76%
Calculating       :  97.78%
Calculating       :  97.78%
Calculating       :  97.79%
Calculating       :  97.79%
Calculating       :  97.79%
Calculating       :  97.81%
Calculating       :  97.81%
Calculating       :  97.83%
Calculating       :  97.83%
Calculating       :  97.83%
Calculating       :  97.84%
Calculating       :  97.84%
Calculating       :  97.86%
Calculating       :  97.86%
Calculating       :  97.86%
Calculating       :  97.88%
Calculating       :  97.88%
Calculating       :  97.90%
Calculating       :  97.90%
Calculating       :  97.90%
Calculating       :  97.91%
Calculating       :  97.91%
Calculating       :  97.93%
Calculating       :  97.93%
Calculating       :  97.93%
Calculating       :  97.95%
Calculating       :  97.95%
Calculating       :  97.96%
Calculating       :  97.96%
Calculating       :  97.96%
Calculating       :  97.98%
Calculating       :  97.98%
Calculating       :  98.00%
Calculating       :  98.00%
Calculating       :  98.00%
Calculating       :  98.01%
Calculating       :  98.01%
Calculating       :  98.03%
Calculating       :  98.03%
Calculating       :  98.03%
Calculating       :  98.05%
Calculating       :  98.05%
Calculating       :  98.06%
Calculating       :  98.06%
Calculating       :  98.06%
Calculating       :  98.08%
Calculating       :  98.08%
Calculating       :  98.09%
Calculating       :  98.10%
Calculating       :  98.10%
Calculating       :  98.11%
Calculating       :  98.11%
Calculating       :  98.11%
Calculating       :  98.13%
Calculating       :  98.13%
Calculating       :  98.15%
Calculating       :  98.15%
Calculating       :  98.15%
Calculating       :  98.16%
Calculating       :  98.16%
Calculating       :  98.18%
Calculating       :  98.18%
Calculating       :  98.18%
Calculating       :  98.20%
Calculating       :  98.20%
Calculating       :  98.21%
Calculating       :  98.21%
Calculating       :  98.21%
Calculating       :  98.23%
Calculating       :  98.23%
Calculating       :  98.25%
Calculating       :  98.25%
Calculating       :  98.25%
Calculating       :  98.26%
Calculating       :  98.26%
Calculating       :  98.28%
Calculating       :  98.28%
Calculating       :  98.28%
Calculating       :  98.30%
Calculating       :  98.30%
Calculating       :  98.32%
Calculating       :  98.32%
Calculating       :  98.32%
Calculating       :  98.33%
Calculating       :  98.33%
Calculating       :  98.35%
Calculating       :  98.35%
Calculating       :  98.35%
Calculating       :  98.37%
Calculating       :  98.37%
Calculating       :  98.38%
Calculating       :  98.38%
Calculating       :  98.38%
Calculating       :  98.40%
Calculating       :  98.40%
Calculating       :  98.42%
Calculating       :  98.42%
Calculating       :  98.42%
Calculating       :  98.43%
Calculating       :  98.43%
Calculating       :  98.45%
Calculating       :  98.45%
Calculating       :  98.45%
Calculating       :  98.47%
Calculating       :  98.47%
Calculating       :  98.48%
Calculating       :  98.48%
Calculating       :  98.48%
Calculating       :  98.50%
Calculating       :  98.50%
Calculating       :  98.52%
Calculating       :  98.52%
Calculating       :  98.52%
Calculating       :  98.53%
Calculating       :  98.53%
Calculating       :  98.55%
Calculating       :  98.55%
Calculating       :  98.55%
Calculating       :  98.57%
Calculating       :  98.57%
Calculating       :  98.58%
Calculating       :  98.58%
Calculating       :  98.58%
Calculating       :  98.60%
Calculating       :  98.60%
Calculating       :  98.62%
Calculating       :  98.62%
Calculating       :  98.62%
Calculating       :  98.63%
Calculating       :  98.63%
Calculating       :  98.65%
Calculating       :  98.65%
Calculating       :  98.65%
Calculating       :  98.67%
Calculating       :  98.67%
Calculating       :  98.68%
Calculating       :  98.68%
Calculating       :  98.68%
Calculating       :  98.70%
Calculating       :  98.70%
Calculating       :  98.71%
Calculating       :  98.72%
Calculating       :  98.72%
Calculating       :  98.74%
Calculating       :  98.74%
Calculating       :  98.74%
Calculating       :  98.75%
Calculating       :  98.75%
Calculating       :  98.77%
Calculating       :  98.77%
Calculating       :  98.77%
Calculating       :  98.79%
Calculating       :  98.79%
Calculating       :  98.80%
Calculating       :  98.80%
Calculating       :  98.80%
Calculating       :  98.82%
Calculating       :  98.82%
Calculating       :  98.84%
Calculating       :  98.84%
Calculating       :  98.84%
Calculating       :  98.85%
Calculating       :  98.85%
Calculating       :  98.87%
Calculating       :  98.87%
Calculating       :  98.87%
Calculating       :  98.89%
Calculating       :  98.89%
Calculating       :  98.90%
Calculating       :  98.90%
Calculating       :  98.90%
Calculating       :  98.92%
Calculating       :  98.92%
Calculating       :  98.94%
Calculating       :  98.94%
Calculating       :  98.94%
Calculating       :  98.95%
Calculating       :  98.95%
Calculating       :  98.97%
Calculating       :  98.97%
Calculating       :  98.97%
Calculating       :  98.99%
Calculating       :  98.99%
Calculating       :  99.00%
Calculating       :  99.00%
Calculating       :  99.00%
Calculating       :  99.02%
Calculating       :  99.02%
Calculating       :  99.04%
Calculating       :  99.04%
Calculating       :  99.04%
Calculating       :  99.05%
Calculating       :  99.05%
Calculating       :  99.07%
Calculating       :  99.07%
Calculating       :  99.07%
Calculating       :  99.09%
Calculating       :  99.09%
Calculating       :  99.10%
Calculating       :  99.10%
Calculating       :  99.10%
Calculating       :  99.12%
Calculating       :  99.12%
Calculating       :  99.14%
Calculating       :  99.14%
Calculating       :  99.14%
Calculating       :  99.16%
Calculating       :  99.16%
Calculating       :  99.17%
Calculating       :  99.17%
Calculating       :  99.17%
Calculating       :  99.19%
Calculating       :  99.19%
Calculating       :  99.21%
Calculating       :  99.21%
Calculating       :  99.21%
Calculating       :  99.22%
Calculating       :  99.22%
Calculating       :  99.24%
Calculating       :  99.24%
Calculating       :  99.24%
Calculating       :  99.26%
Calculating       :  99.26%
Calculating       :  99.27%
Calculating       :  99.27%
Calculating       :  99.27%
Calculating       :  99.29%
Calculating       :  99.29%
Calculating       :  99.31%
Calculating       :  99.31%
Calculating       :  99.31%
Calculating       :  99.32%
Calculating       :  99.32%
Calculating       :  99.34%
Calculating       :  99.34%
Calculating       :  99.34%
Calculating       :  99.36%
Calculating       :  99.36%
Calculating       :  99.37%
Calculating       :  99.37%
Calculating       :  99.37%
Calculating       :  99.39%
Calculating       :  99.39%
Calculating       :  99.41%
Calculating       :  99.41%
Calculating       :  99.41%
Calculating       :  99.42%
Calculating       :  99.42%
Calculating       :  99.44%
Calculating       :  99.44%
Calculating       :  99.44%
Calculating       :  99.46%
Calculating       :  99.46%
Writing           :  99.46%
Writing           :  99.46%
Writing           :  99.46%
Writing           :  99.46%
Writing           :  99.47%
Writing           :  99.49%
Writing           :  99.52%
Writing           :  99.55%
Writing           :  99.57%
Writing           :  99.60%
Writing           :  99.63%
Writing           :  99.65%
Writing           :  99.68%
Writing           :  99.70%
Writing           :  99.71%
Writing           :  99.74%
Writing           :  99.77%
Writing           :  99.79%
Writing           :  99.82%
Writing           :  99.85%
Writing           :  99.87%
Writing           :  99.89%
Writing           :  99.91%
Writing           :  99.94%
Writing           :  99.97%
Writing           :  99.99%
Writing           :  99.99%
Finalizing        :  99.99%
Finished          : 100.00%
Processing time   : 2847.096 s
