Scanning input file(s)...
Input data        : 90 GiB (32768 slices from 1 file)
Recovery data     : 4609.69 MiB (1639 * 2880 KiB slices)
Input pass(es)    : 1, processing 1639 * 2880 KiB chunks per pass
Read buffer size  : 2880 KiB * max 8 buffers
Hash method       : Scalar+PCLMUL (input), AVX2 (recovery)

Intel(R) Core(TM) i5-10600KF CPU @ 4.10GHz
  Multiply method : Shuffle (AVX2) with 8256 B loop tiling, 12 threads
  Input batching  : 12 chunks, 2 batches
  Memory Usage    : 4677.29 MiB (1639 * 2880.06 KiB chunks + 67.5 MiB transfer buffer)

Calculating       :   0.08%
Calculating       :   0.08%
Calculating       :   0.08%
Calculating       :   0.08%
Calculating       :   0.09%
Calculating       :   0.12%
Calculating       :   0.16%
Calculating       :   0.16%
Calculating       :   0.19%
Calculating       :   0.20%
Calculating       :   0.23%
Calculating       :   0.27%
Calculating       :   0.27%
Calculating       :   0.30%
Calculating       :   0.30%
Calculating       :   0.34%
Calculating       :   0.37%
Calculating       :   0.37%
Calculating       :   0.41%
Calculating       :   0.41%
Calculating       :   0.45%
Calculating       :   0.48%
Calculating       :   0.48%
Calculating       :   0.52%
Calculating       :   0.52%
Calculating       :   0.56%
Calculating       :   0.56%
Calculating       :   0.59%
Calculating       :   0.63%
Calculating       :   0.63%
Calculating       :   0.67%
Calculating       :   0.67%
Calculating       :   0.70%
Calculating       :   0.71%
Calculating       :   0.74%
Calculating       :   0.78%
Calculating       :   0.78%
Calculating       :   0.81%
Calculating       :   0.82%
Calculating       :   0.85%
Calculating       :   0.88%
Calculating       :   0.88%
Calculating       :   0.92%
Calculating       :   0.92%
Calculating       :   0.96%
Calculating       :   0.96%
Calculating       :   0.99%
Calculating       :   1.03%
Calculating       :   1.03%
Calculating       :   1.07%
Calculating       :   1.07%
Calculating       :   1.10%
Calculating       :   1.12%
Calculating       :   1.14%
Calculating       :   1.18%
Calculating       :   1.18%
Calculating       :   1.21%
Calculating       :   1.22%
Calculating       :   1.25%
Calculating       :   1.29%
Calculating       :   1.29%
Calculating       :   1.32%
Calculating       :   1.33%
Calculating       :   1.36%
Calculating       :   1.40%
Calculating       :   1.40%
Calculating       :   1.43%
Calculating       :   1.43%
Calculating       :   1.47%
Calculating       :   1.49%
Calculating       :   1.50%
Calculating       :   1.54%
Calculating       :   1.54%
Calculating       :   1.58%
Calculating       :   1.58%
Calculating       :   1.61%
Calculating       :   1.64%
Calculating       :   1.65%
Calculating       :   1.69%
Calculating       :   1.69%
Calculating       :   1.72%
Calculating       :   1.75%
Calculating       :   1.76%
Calculating       :   1.80%
Calculating       :   1.80%
Calculating       :   1.83%
Calculating       :   1.84%
Calculating       :   1.87%
Calculating       :   1.91%
Calculating       :   1.91%
Calculating       :   1.94%
Calculating       :   1.94%
Calculating       :   1.98%
Calculating       :   2.01%
Calculating       :   2.01%
Calculating       :   2.05%
Calculating       :   2.05%
Calculating       :   2.09%
Calculating       :   2.11%
Calculating       :   2.12%
Calculating       :   2.16%
Calculating       :   2.16%
Calculating       :   2.20%
Calculating       :   2.22%
Calculating       :   2.23%
Calculating       :   2.27%
Calculating       :   2.27%
Calculating       :   2.31%
Calculating       :   2.31%
Calculating       :   2.34%
Calculating       :   2.38%
Calculating       :   2.38%
Calculating       :   2.42%
Calculating       :   2.42%
Calculating       :   2.45%
Calculating       :   2.46%
Calculating       :   2.49%
Calculating       :   2.52%
Calculating       :   2.52%
Calculating       :   2.56%
Calculating       :   2.56%
Calculating       :   2.60%
Calculating       :   2.62%
Calculating       :   2.63%
Calculating       :   2.67%
Calculating       :   2.67%
Calculating       :   2.71%
Calculating       :   2.73%
Calculating       :   2.74%
Calculating       :   2.78%
Calculating       :   2.78%
Calculating       :   2.82%
Calculating       :   2.82%
Calculating       :   2.85%
Calculating       :   2.88%
Calculating       :   2.89%
Calculating       :   2.93%
Calculating       :   2.93%
Calculating       :   2.96%
Calculating       :   2.97%
Calculating       :   3.00%
Calculating       :   3.03%
Calculating       :   3.03%
Calculating       :   3.07%
Calculating       :   3.07%
Calculating       :   3.11%
Calculating       :   3.14%
Calculating       :   3.14%
Calculating       :   3.18%
Calculating       :   3.18%
Calculating       :   3.22%
Calculating       :   3.24%
Calculating       :   3.25%
Calculating       :   3.29%
Calculating       :   3.29%
Calculating       :   3.33%
Calculating       :   3.33%
Calculating       :   3.36%
Calculating       :   3.40%
Calculating       :   3.40%
Calculating       :   3.44%
Calculating       :   3.44%
Calculating       :   3.47%
Calculating       :   3.50%
Calculating       :   3.51%
Calculating       :   3.55%
Calculating       :   3.55%
Calculating       :   3.58%
Calculating       :   3.59%
Calculating       :   3.62%
Calculating       :   3.65%
Calculating       :   3.65%
Calculating       :   3.69%
Calculating       :   3.69%
Calculating       :   3.73%
Calculating       :   3.75%
Calculating       :   3.76%
Calculating       :   3.80%
Calculating       :   3.80%
Calculating       :   3.84%
Calculating       :   3.84%
Calculating       :   3.87%
Calculating       :   3.91%
Calculating       :   3.91%
Calculating       :   3.95%
Calculating       :   3.95%
Calculating       :   3.98%
Calculating       :   4.01%
Calculating       :   4.02%
Calculating       :   4.06%
Calculating       :   4.06%
Calculating       :   4.09%
Calculating       :   4.09%
Calculating       :   4.13%
Calculating       :   4.16%
Calculating       :   4.16%
Calculating       :   4.20%
Calculating       :   4.20%
Calculating       :   4.24%
Calculating       :   4.27%
Calculating       :   4.27%
Calculating       :   4.31%
Calculating       :   4.31%
Calculating       :   4.35%
Calculating       :   4.35%
Calculating       :   4.38%
Calculating       :   4.42%
Calculating       :   4.42%
Calculating       :   4.46%
Calculating       :   4.46%
Calculating       :   4.49%
Calculating       :   4.52%
Calculating       :   4.53%
Calculating       :   4.57%
Calculating       :   4.57%
Calculating       :   4.60%
Calculating       :   4.62%
Calculating       :   4.64%
Calculating       :   4.67%
Calculating       :   4.67%
Calculating       :   4.71%
Calculating       :   4.71%
Calculating       :   4.75%
Calculating       :   4.78%
Calculating       :   4.78%
Calculating       :   4.82%
Calculating       :   4.82%
Calculating       :   4.86%
Calculating       :   4.89%
Calculating       :   4.89%
Calculating       :   4.93%
Calculating       :   4.93%
Calculating       :   4.97%
Calculating       :   4.97%
Calculating       :   5.00%
Calculating       :   5.04%
Calculating       :   5.04%
Calculating       :   5.08%
Calculating       :   5.08%
Calculating       :   5.11%
Calculating       :   5.13%
Calculating       :   5.15%
Calculating       :   5.19%
Calculating       :   5.19%
Calculating       :   5.22%
Calculating       :   5.23%
Calculating       :   5.26%
Calculating       :   5.29%
Calculating       :   5.29%
Calculating       :   5.33%
Calculating       :   5.33%
Calculating       :   5.37%
Calculating       :   5.39%
Calculating       :   5.40%
Calculating       :   5.44%
Calculating       :   5.44%
Calculating       :   5.48%
Calculating       :   5.48%
Calculating       :   5.51%
Calculating       :   5.55%
Calculating       :   5.55%
Calculating       :   5.59%
Calculating       :   5.59%
Calculating       :   5.62%
Calculating       :   5.65%
Calculating       :   5.66%
Calculating       :   5.70%
Calculating       :   5.70%
Calculating       :   5.73%
Calculating       :   5.74%
Calculating       :   5.77%
Calculating       :   5.80%
Calculating       :   5.80%
Calculating       :   5.84%
Calculating       :   5.84%
Calculating       :   5.88%
Calculating       :   5.91%
Calculating       :   5.91%
Calculating       :   5.95%
Calculating       :   5.95%
Calculating       :   5.99%
Calculating       :   6.02%
Calculating       :   6.02%
Calculating       :   6.06%
Calculating       :   6.06%
Calculating       :   6.10%
Calculating       :   6.12%
Calculating       :   6.13%
Calculating       :   6.17%
Calculating       :   6.17%
Calculating       :   6.21%
Calculating       :   6.21%
Calculating       :   6.24%
Calculating       :   6.28%
Calculating       :   6.28%
Calculating       :   6.31%
Calculating       :   6.32%
Calculating       :   6.35%
Calculating       :   6.39%
Calculating       :   6.39%
Calculating       :   6.42%
Calculating       :   6.42%
Calculating       :   6.46%
Calculating       :   6.47%
Calculating       :   6.50%
Calculating       :   6.53%
Calculating       :   6.53%
Calculating       :   6.57%
Calculating       :   6.57%
Calculating       :   6.61%
Calculating       :   6.63%
Calculating       :   6.64%
Calculating       :   6.68%
Calculating       :   6.68%
Calculating       :   6.72%
Calculating       :   6.74%
Calculating       :   6.75%
Calculating       :   6.79%
Calculating       :   6.79%
Calculating       :   6.82%
Calculating       :   6.83%
Calculating       :   6.86%
Calculating       :   6.90%
Calculating       :   6.90%
Calculating       :   6.93%
Calculating       :   6.94%
Calculating       :   6.97%
Calculating       :   7.01%
Calculating       :   7.01%
Calculating       :   7.04%
Calculating       :   7.04%
Calculating       :   7.08%
Calculating       :   7.11%
Calculating       :   7.12%
Calculating       :   7.15%
Calculating       :   7.15%
Calculating       :   7.19%
Calculating       :   7.19%
Calculating       :   7.23%
Calculating       :   7.23%
Calculating       :   7.26%
Calculating       :   7.30%
Calculating       :   7.30%
Calculating       :   7.34%
Calculating       :   7.34%
Calculating       :   7.37%
Calculating       :   7.41%
Calculating       :   7.41%
Calculating       :   7.44%
Calculating       :   7.44%
Calculating       :   7.48%
Calculating       :   7.49%
Calculating       :   7.52%
Calculating       :   7.55%
Calculating       :   7.55%
Calculating       :   7.59%
Calculating       :   7.59%
Calculating       :   7.63%
Calculating       :   7.66%
Calculating       :   7.66%
Calculating       :   7.70%
Calculating       :   7.70%
Calculating       :   7.74%
Calculating       :   7.74%
Calculating       :   7.77%
Calculating       :   7.81%
Calculating       :   7.81%
Calculating       :   7.85%
Calculating       :   7.85%
Calculating       :   7.88%
Calculating       :   7.90%
Calculating       :   7.92%
Calculating       :   7.95%
Calculating       :   7.95%
Calculating       :   7.99%
Calculating       :   7.99%
Calculating       :   8.03%
Calculating       :   8.06%
Calculating       :   8.06%
Calculating       :   8.10%
Calculating       :   8.10%
Calculating       :   8.14%
Calculating       :   8.15%
Calculating       :   8.17%
Calculating       :   8.21%
Calculating       :   8.21%
Calculating       :   8.25%
Calculating       :   8.25%
Calculating       :   8.28%
Calculating       :   8.31%
Calculating       :   8.32%
Calculating       :   8.36%
Calculating       :   8.36%
Calculating       :   8.39%
Calculating       :   8.42%
Calculating       :   8.43%
Calculating       :   8.46%
Calculating       :   8.46%
Calculating       :   8.50%
Calculating       :   8.53%
Calculating       :   8.54%
Calculating       :   8.56%
Calculating       :   8.57%
Calculating       :   8.61%
Calculating       :   8.63%
Calculating       :   8.65%
Calculating       :   8.68%
Calculating       :   8.68%
Calculating       :   8.72%
Calculating       :   8.72%
Calculating       :   8.76%
Calculating       :   8.78%
Calculating       :   8.79%
Calculating       :   8.83%
Calculating       :   8.83%
Calculating       :   8.87%
Calculating       :   8.87%
Calculating       :   8.90%
Calculating       :   8.94%
Calculating       :   8.94%
Calculating       :   8.98%
Calculating       :   8.98%
Calculating       :   9.01%
Calculating       :   9.05%
Calculating       :   9.05%
Calculating       :   9.08%
Calculating       :   9.08%
Calculating       :   9.12%
Calculating       :   9.14%
Calculating       :   9.16%
Calculating       :   9.19%
Calculating       :   9.19%
Calculating       :   9.23%
Calculating       :   9.23%
Calculating       :   9.27%
Calculating       :   9.30%
Calculating       :   9.30%
Calculating       :   9.34%
Calculating       :   9.34%
Calculating       :   9.38%
Calculating       :   9.41%
Calculating       :   9.41%
Calculating       :   9.45%
Calculating       :   9.45%
Calculating       :   9.49%
Calculating       :   9.49%
Calculating       :   9.52%
Calculating       :   9.56%
Calculating       :   9.56%
Calculating       :   9.59%
Calculating       :   9.59%
Calculating       :   9.63%
Calculating       :   9.66%
Calculating       :   9.67%
Calculating       :   9.70%
Calculating       :   9.70%
Calculating       :   9.74%
Calculating       :   9.77%
Calculating       :   9.78%
Calculating       :   9.81%
Calculating       :   9.81%
Calculating       :   9.85%
Calculating       :   9.85%
Calculating       :   9.89%
Calculating       :   9.92%
Calculating       :   9.92%
Calculating       :   9.96%
Calculating       :   9.96%
Calculating       :  10.00%
Calculating       :  10.03%
Calculating       :  10.03%
Calculating       :  10.07%
Calculating       :  10.07%
Calculating       :  10.10%
Calculating       :  10.14%
Calculating       :  10.14%
Calculating       :  10.18%
Calculating       :  10.18%
Calculating       :  10.21%
Calculating       :  10.22%
Calculating       :  10.25%
Calculating       :  10.29%
Calculating       :  10.29%
Calculating       :  10.32%
Calculating       :  10.32%
Calculating       :  10.36%
Calculating       :  10.39%
Calculating       :  10.40%
Calculating       :  10.43%
Calculating       :  10.43%
Calculating       :  10.47%
Calculating       :  10.49%
Calculating       :  10.51%
Calculating       :  10.54%
Calculating       :  10.54%
Calculating       :  10.58%
Calculating       :  10.58%
Calculating       :  10.61%
Calculating       :  10.65%
Calculating       :  10.65%
Calculating       :  10.69%
Calculating       :  10.69%
Calculating       :  10.72%
Calculating       :  10.76%
Calculating       :  10.76%
Calculating       :  10.80%
Calculating       :  10.80%
Calculating       :  10.83%
Calculating       :  10.86%
Calculating       :  10.87%
Calculating       :  10.91%
Calculating       :  10.91%
Calculating       :  10.94%
Calculating       :  10.95%
Calculating       :  10.98%
Calculating       :  11.02%
Calculating       :  11.02%
Calculating       :  11.05%
Calculating       :  11.05%
Calculating       :  11.09%
Calculating       :  11.12%
Calculating       :  11.13%
Calculating       :  11.16%
Calculating       :  11.16%
Calculating       :  11.20%
Calculating       :  11.22%
Calculating       :  11.23%
Calculating       :  11.27%
Calculating       :  11.27%
Calculating       :  11.31%
Calculating       :  11.31%
Calculating       :  11.34%
Calculating       :  11.38%
Calculating       :  11.38%
Calculating       :  11.42%
Calculating       :  11.42%
Calculating       :  11.45%
Calculating       :  11.47%
Calculating       :  11.49%
Calculating       :  11.53%
Calculating       :  11.53%
Calculating       :  11.56%
Calculating       :  11.56%
Calculating       :  11.60%
Calculating       :  11.64%
Calculating       :  11.64%
Calculating       :  11.67%
Calculating       :  11.67%
Calculating       :  11.71%
Calculating       :  11.73%
Calculating       :  11.74%
Calculating       :  11.78%
Calculating       :  11.78%
Calculating       :  11.82%
Calculating       :  11.82%
Calculating       :  11.85%
Calculating       :  11.89%
Calculating       :  11.89%
Calculating       :  11.93%
Calculating       :  11.93%
Calculating       :  11.96%
Calculating       :  11.98%
Calculating       :  12.00%
Calculating       :  12.04%
Calculating       :  12.04%
Calculating       :  12.07%
Calculating       :  12.07%
Calculating       :  12.11%
Calculating       :  12.15%
Calculating       :  12.15%
Calculating       :  12.18%
Calculating       :  12.18%
Calculating       :  12.22%
Calculating       :  12.25%
Calculating       :  12.25%
Calculating       :  12.29%
Calculating       :  12.29%
Calculating       :  12.33%
Calculating       :  12.35%
Calculating       :  12.36%
Calculating       :  12.40%
Calculating       :  12.40%
Calculating       :  12.44%
Calculating       :  12.44%
Calculating       :  12.47%
Calculating       :  12.51%
Calculating       :  12.51%
Calculating       :  12.55%
Calculating       :  12.55%
Calculating       :  12.58%
Calculating       :  12.62%
Calculating       :  12.62%
Calculating       :  12.66%
Calculating       :  12.66%
Calculating       :  12.69%
Calculating       :  12.69%
Calculating       :  12.73%
Calculating       :  12.77%
Calculating       :  12.77%
Calculating       :  12.80%
Calculating       :  12.80%
Calculating       :  12.84%
Calculating       :  12.86%
Calculating       :  12.87%
Calculating       :  12.91%
Calculating       :  12.91%
Calculating       :  12.95%
Calculating       :  12.95%
Calculating       :  12.98%
Calculating       :  13.02%
Calculating       :  13.02%
Calculating       :  13.06%
Calculating       :  13.06%
Calculating       :  13.09%
Calculating       :  13.10%
Calculating       :  13.13%
Calculating       :  13.17%
Calculating       :  13.17%
Calculating       :  13.20%
Calculating       :  13.20%
Calculating       :  13.24%
Calculating       :  13.28%
Calculating       :  13.28%
Calculating       :  13.31%
Calculating       :  13.31%
Calculating       :  13.35%
Calculating       :  13.37%
Calculating       :  13.38%
Calculating       :  13.42%
Calculating       :  13.42%
Calculating       :  13.46%
Calculating       :  13.46%
Calculating       :  13.49%
Calculating       :  13.53%
Calculating       :  13.53%
Calculating       :  13.57%
Calculating       :  13.57%
Calculating       :  13.60%
Calculating       :  13.63%
Calculating       :  13.64%
Calculating       :  13.68%
Calculating       :  13.68%
Calculating       :  13.71%
Calculating       :  13.74%
Calculating       :  13.75%
Calculating       :  13.79%
Calculating       :  13.79%
Calculating       :  13.82%
Calculating       :  13.82%
Calculating       :  13.86%
Calculating       :  13.89%
Calculating       :  13.89%
Calculating       :  13.93%
Calculating       :  13.93%
Calculating       :  13.97%
Calculating       :  14.00%
Calculating       :  14.00%
Calculating       :  14.04%
Calculating       :  14.04%
Calculating       :  14.08%
Calculating       :  14.08%
Calculating       :  14.11%
Calculating       :  14.15%
Calculating       :  14.15%
Calculating       :  14.19%
Calculating       :  14.19%
Calculating       :  14.22%
Calculating       :  14.26%
Calculating       :  14.26%
Calculating       :  14.30%
Calculating       :  14.30%
Calculating       :  14.33%
Calculating       :  14.35%
Calculating       :  14.37%
Calculating       :  14.41%
Calculating       :  14.41%
Calculating       :  14.44%
Calculating       :  14.47%
Calculating       :  14.48%
Calculating       :  14.51%
Calculating       :  14.51%
Calculating       :  14.55%
Calculating       :  14.58%
Calculating       :  14.59%
Calculating       :  14.62%
Calculating       :  14.62%
Calculating       :  14.66%
Calculating       :  14.67%
Calculating       :  14.70%
Calculating       :  14.73%
Calculating       :  14.73%
Calculating       :  14.77%
Calculating       :  14.78%
Calculating       :  14.81%
Calculating       :  14.84%
Calculating       :  14.84%
Calculating       :  14.88%
Calculating       :  14.88%
Calculating       :  14.92%
Calculating       :  14.95%
Calculating       :  14.95%
Calculating       :  14.99%
Calculating       :  14.99%
Calculating       :  15.02%
Calculating       :  15.06%
Calculating       :  15.06%
Calculating       :  15.10%
Calculating       :  15.10%
Calculating       :  15.13%
Calculating       :  15.17%
Calculating       :  15.17%
Calculating       :  15.21%
Calculating       :  15.21%
Calculating       :  15.24%
Calculating       :  15.25%
Calculating       :  15.28%
Calculating       :  15.31%
Calculating       :  15.32%
Calculating       :  15.35%
Calculating       :  15.35%
Calculating       :  15.39%
Calculating       :  15.40%
Calculating       :  15.43%
Calculating       :  15.46%
Calculating       :  15.46%
Calculating       :  15.50%
Calculating       :  15.50%
Calculating       :  15.53%
Calculating       :  15.54%
Calculating       :  15.57%
Calculating       :  15.61%
Calculating       :  15.61%
Calculating       :  15.64%
Calculating       :  15.64%
Calculating       :  15.68%
Calculating       :  15.71%
Calculating       :  15.72%
Calculating       :  15.75%
Calculating       :  15.75%
Calculating       :  15.79%
Calculating       :  15.80%
Calculating       :  15.83%
Calculating       :  15.86%
Calculating       :  15.86%
Calculating       :  15.90%
Calculating       :  15.90%
Calculating       :  15.94%
Calculating       :  15.94%
Calculating       :  15.97%
Calculating       :  16.01%
Calculating       :  16.01%
Calculating       :  16.04%
Calculating       :  16.04%
Calculating       :  16.08%
Calculating       :  16.12%
Calculating       :  16.12%
Calculating       :  16.15%
Calculating       :  16.15%
Calculating       :  16.19%
Calculating       :  16.22%
Calculating       :  16.23%
Calculating       :  16.26%
Calculating       :  16.26%
Calculating       :  16.30%
Calculating       :  16.30%
Calculating       :  16.34%
Calculating       :  16.37%
Calculating       :  16.37%
Calculating       :  16.41%
Calculating       :  16.41%
Calculating       :  16.45%
Calculating       :  16.45%
Calculating       :  16.48%
Calculating       :  16.52%
Calculating       :  16.52%
Calculating       :  16.56%
Calculating       :  16.56%
Calculating       :  16.59%
Calculating       :  16.62%
Calculating       :  16.63%
Calculating       :  16.66%
Calculating       :  16.66%
Calculating       :  16.70%
Calculating       :  16.70%
Calculating       :  16.74%
Calculating       :  16.77%
Calculating       :  16.77%
Calculating       :  16.81%
Calculating       :  16.81%
Calculating       :  16.85%
Calculating       :  16.85%
Calculating       :  16.88%
Calculating       :  16.92%
Calculating       :  16.92%
Calculating       :  16.96%
Calculating       :  16.96%
Calculating       :  16.99%
Calculating       :  17.00%
Calculating       :  17.03%
Calculating       :  17.07%
Calculating       :  17.07%
Calculating       :  17.10%
Calculating       :  17.10%
Calculating       :  17.14%
Calculating       :  17.17%
Calculating       :  17.17%
Calculating       :  17.21%
Calculating       :  17.21%
Calculating       :  17.25%
Calculating       :  17.25%
Calculating       :  17.28%
Calculating       :  17.31%
Calculating       :  17.32%
Calculating       :  17.36%
Calculating       :  17.36%
Calculating       :  17.39%
Calculating       :  17.40%
Calculating       :  17.43%
Calculating       :  17.47%
Calculating       :  17.47%
Calculating       :  17.50%
Calculating       :  17.50%
Calculating       :  17.54%
Calculating       :  17.56%
Calculating       :  17.58%
Calculating       :  17.61%
Calculating       :  17.61%
Calculating       :  17.65%
Calculating       :  17.65%
Calculating       :  17.68%
Calculating       :  17.71%
Calculating       :  17.72%
Calculating       :  17.76%
Calculating       :  17.76%
Calculating       :  17.79%
Calculating       :  17.79%
Calculating       :  17.83%
Calculating       :  17.87%
Calculating       :  17.87%
Calculating       :  17.90%
Calculating       :  17.90%
Calculating       :  17.94%
Calculating       :  17.95%
Calculating       :  17.98%
Calculating       :  18.01%
Calculating       :  18.01%
Calculating       :  18.05%
Calculating       :  18.05%
Calculating       :  18.09%
Calculating       :  18.10%
Calculating       :  18.12%
Calculating       :  18.16%
Calculating       :  18.16%
Calculating       :  18.20%
Calculating       :  18.20%
Calculating       :  18.23%
Calculating       :  18.24%
Calculating       :  18.27%
Calculating       :  18.30%
Calculating       :  18.30%
Calculating       :  18.34%
Calculating       :  18.34%
Calculating       :  18.38%
Calculating       :  18.41%
Calculating       :  18.41%
Calculating       :  18.45%
Calculating       :  18.45%
Calculating       :  18.49%
Calculating       :  18.49%
Calculating       :  18.52%
Calculating       :  18.56%
Calculating       :  18.56%
Calculating       :  18.60%
Calculating       :  18.60%
Calculating       :  18.63%
Calculating       :  18.66%
Calculating       :  18.67%
Calculating       :  18.71%
Calculating       :  18.71%
Calculating       :  18.74%
Calculating       :  18.74%
Calculating       :  18.78%
Calculating       :  18.81%
Calculating       :  18.81%
Calculating       :  18.85%
Calculating       :  18.85%
Calculating       :  18.89%
Calculating       :  18.91%
Calculating       :  18.92%
Calculating       :  18.96%
Calculating       :  18.96%
Calculating       :  19.00%
Calculating       :  19.00%
Calculating       :  19.03%
Calculating       :  19.07%
Calculating       :  19.07%
Calculating       :  19.11%
Calculating       :  19.11%
Calculating       :  19.14%
Calculating       :  19.18%
Calculating       :  19.18%
Calculating       :  19.22%
Calculating       :  19.22%
Calculating       :  19.25%
Calculating       :  19.28%
Calculating       :  19.29%
Calculating       :  19.32%
Calculating       :  19.32%
Calculating       :  19.36%
Calculating       :  19.37%
Calculating       :  19.40%
Calculating       :  19.43%
Calculating       :  19.43%
Calculating       :  19.47%
Calculating       :  19.47%
Calculating       :  19.51%
Calculating       :  19.53%
Calculating       :  19.54%
Calculating       :  19.58%
Calculating       :  19.58%
Calculating       :  19.62%
Calculating       :  19.62%
Calculating       :  19.65%
Calculating       :  19.68%
Calculating       :  19.69%
Calculating       :  19.73%
Calculating       :  19.73%
Calculating       :  19.76%
Calculating       :  19.77%
Calculating       :  19.80%
Calculating       :  19.83%
Calculating       :  19.83%
Calculating       :  19.87%
Calculating       :  19.87%
Calculating       :  19.91%
Calculating       :  19.94%
Calculating       :  19.94%
Calculating       :  19.98%
Calculating       :  19.98%
Calculating       :  20.02%
Calculating       :  20.02%
Calculating       :  20.05%
Calculating       :  20.09%
Calculating       :  20.09%
Calculating       :  20.13%
Calculating       :  20.13%
Calculating       :  20.16%
Calculating       :  20.18%
Calculating       :  20.20%
Calculating       :  20.24%
Calculating       :  20.24%
Calculating       :  20.27%
Calculating       :  20.27%
Calculating       :  20.31%
Calculating       :  20.34%
Calculating       :  20.35%
Calculating       :  20.38%
Calculating       :  20.38%
Calculating       :  20.42%
Calculating       :  20.42%
Calculating       :  20.45%
Calculating       :  20.49%
Calculating       :  20.49%
Calculating       :  20.53%
Calculating       :  20.53%
Calculating       :  20.56%
Calculating       :  20.57%
Calculating       :  20.60%
Calculating       :  20.63%
Calculating       :  20.64%
Calculating       :  20.67%
Calculating       :  20.67%
Calculating       :  20.71%
Calculating       :  20.72%
Calculating       :  20.75%
Calculating       :  20.78%
Calculating       :  20.78%
Calculating       :  20.82%
Calculating       :  20.82%
Calculating       :  20.86%
Calculating       :  20.89%
Calculating       :  20.89%
Calculating       :  20.93%
Calculating       :  20.93%
Calculating       :  20.96%
Calculating       :  20.98%
Calculating       :  21.00%
Calculating       :  21.04%
Calculating       :  21.04%
Calculating       :  21.07%
Calculating       :  21.07%
Calculating       :  21.11%
Calculating       :  21.13%
Calculating       :  21.15%
Calculating       :  21.18%
Calculating       :  21.18%
Calculating       :  21.22%
Calculating       :  21.22%
Calculating       :  21.26%
Calculating       :  21.29%
Calculating       :  21.29%
Calculating       :  21.33%
Calculating       :  21.33%
Calculating       :  21.37%
Calculating       :  21.37%
Calculating       :  21.40%
Calculating       :  21.44%
Calculating       :  21.44%
Calculating       :  21.47%
Calculating       :  21.47%
Calculating       :  21.51%
Calculating       :  21.53%
Calculating       :  21.55%
Calculating       :  21.58%
Calculating       :  21.58%
Calculating       :  21.62%
Calculating       :  21.62%
Calculating       :  21.66%
Calculating       :  21.69%
Calculating       :  21.69%
Calculating       :  21.73%
Calculating       :  21.73%
Calculating       :  21.77%
Calculating       :  21.79%
Calculating       :  21.80%
Calculating       :  21.84%
Calculating       :  21.84%
Calculating       :  21.88%
Calculating       :  21.88%
Calculating       :  21.91%
Calculating       :  21.95%
Calculating       :  21.95%
Calculating       :  21.99%
Calculating       :  21.99%
Calculating       :  22.02%
Calculating       :  22.05%
Calculating       :  22.06%
Calculating       :  22.09%
Calculating       :  22.09%
Calculating       :  22.13%
Calculating       :  22.14%
Calculating       :  22.17%
Calculating       :  22.20%
Calculating       :  22.20%
Calculating       :  22.24%
Calculating       :  22.24%
Calculating       :  22.28%
Calculating       :  22.30%
Calculating       :  22.31%
Calculating       :  22.35%
Calculating       :  22.35%
Calculating       :  22.39%
Calculating       :  22.39%
Calculating       :  22.42%
Calculating       :  22.45%
Calculating       :  22.46%
Calculating       :  22.50%
Calculating       :  22.50%
Calculating       :  22.53%
Calculating       :  22.55%
Calculating       :  22.57%
Calculating       :  22.60%
Calculating       :  22.60%
Calculating       :  22.64%
Calculating       :  22.64%
Calculating       :  22.68%
Calculating       :  22.70%
Calculating       :  22.71%
Calculating       :  22.75%
Calculating       :  22.75%
Calculating       :  22.79%
Calculating       :  22.79%
Calculating       :  22.82%
Calculating       :  22.86%
Calculating       :  22.86%
Calculating       :  22.90%
Calculating       :  22.90%
Calculating       :  22.93%
Calculating       :  22.94%
Calculating       :  22.97%
Calculating       :  23.01%
Calculating       :  23.01%
Calculating       :  23.04%
Calculating       :  23.04%
Calculating       :  23.08%
Calculating       :  23.11%
Calculating       :  23.11%
Calculating       :  23.15%
Calculating       :  23.15%
Calculating       :  23.19%
Calculating       :  23.21%
Calculating       :  23.22%
Calculating       :  23.26%
Calculating       :  23.26%
Calculating       :  23.30%
Calculating       :  23.30%
Calculating       :  23.33%
Calculating       :  23.37%
Calculating       :  23.37%
Calculating       :  23.41%
Calculating       :  23.41%
Calculating       :  23.44%
Calculating       :  23.45%
Calculating       :  23.48%
Calculating       :  23.52%
Calculating       :  23.52%
Calculating       :  23.55%
Calculating       :  23.55%
Calculating       :  23.59%
Calculating       :  23.62%
Calculating       :  23.62%
Calculating       :  23.66%
Calculating       :  23.66%
Calculating       :  23.70%
Calculating       :  23.70%
Calculating       :  23.73%
Calculating       :  23.77%
Calculating       :  23.77%
Calculating       :  23.81%
Calculating       :  23.81%
Calculating       :  23.84%
Calculating       :  23.87%
Calculating       :  23.88%
Calculating       :  23.92%
Calculating       :  23.92%
Calculating       :  23.95%
Calculating       :  23.97%
Calculating       :  23.99%
Calculating       :  24.03%
Calculating       :  24.03%
Calculating       :  24.06%
Calculating       :  24.06%
Calculating       :  24.10%
Calculating       :  24.13%
Calculating       :  24.14%
Calculating       :  24.17%
Calculating       :  24.17%
Calculating       :  24.21%
Calculating       :  24.24%
Calculating       :  24.24%
Calculating       :  24.28%
Calculating       :  24.28%
Calculating       :  24.32%
Calculating       :  24.34%
Calculating       :  24.35%
Calculating       :  24.39%
Calculating       :  24.39%
Calculating       :  24.43%
Calculating       :  24.43%
Calculating       :  24.46%
Calculating       :  24.47%
Calculating       :  24.50%
Calculating       :  24.54%
Calculating       :  24.54%
Calculating       :  24.57%
Calculating       :  24.57%
Calculating       :  24.61%
Calculating       :  24.64%
Calculating       :  24.65%
Calculating       :  24.68%
Calculating       :  24.68%
Calculating       :  24.72%
Calculating       :  24.72%
Calculating       :  24.75%
Calculating       :  24.79%
Calculating       :  24.79%
Calculating       :  24.83%
Calculating       :  24.83%
Calculating       :  24.86%
Calculating       :  24.90%
Calculating       :  24.90%
Calculating       :  24.94%
Calculating       :  24.94%
Calculating       :  24.97%
Calculating       :  24.99%
Calculating       :  25.01%
Calculating       :  25.05%
Calculating       :  25.05%
Calculating       :  25.08%
Calculating       :  25.09%
Calculating       :  25.12%
Calculating       :  25.16%
Calculating       :  25.16%
Calculating       :  25.19%
Calculating       :  25.19%
Calculating       :  25.23%
Calculating       :  25.26%
Calculating       :  25.26%
Calculating       :  25.30%
Calculating       :  25.30%
Calculating       :  25.34%
Calculating       :  25.36%
Calculating       :  25.37%
Calculating       :  25.41%
Calculating       :  25.41%
Calculating       :  25.45%
Calculating       :  25.45%
Calculating       :  25.48%
Calculating       :  25.52%
Calculating       :  25.52%
Calculating       :  25.56%
Calculating       :  25.56%
Calculating       :  25.59%
Calculating       :  25.60%
Calculating       :  25.63%
Calculating       :  25.67%
Calculating       :  25.67%
Calculating       :  25.70%
Calculating       :  25.70%
Calculating       :  25.74%
Calculating       :  25.74%
Calculating       :  25.78%
Calculating       :  25.81%
Calculating       :  25.81%
Calculating       :  25.85%
Calculating       :  25.85%
Calculating       :  25.88%
Calculating       :  25.89%
Calculating       :  25.92%
Calculating       :  25.96%
Calculating       :  25.96%
Calculating       :  25.99%
Calculating       :  25.99%
Calculating       :  26.03%
Calculating       :  26.04%
Calculating       :  26.07%
Calculating       :  26.10%
Calculating       :  26.10%
Calculating       :  26.14%
Calculating       :  26.14%
Calculating       :  26.18%
Calculating       :  26.21%
Calculating       :  26.21%
Calculating       :  26.25%
Calculating       :  26.25%
Calculating       :  26.29%
Calculating       :  26.29%
Calculating       :  26.32%
Calculating       :  26.36%
Calculating       :  26.36%
Calculating       :  26.39%
Calculating       :  26.39%
Calculating       :  26.43%
Calculating       :  26.46%
Calculating       :  26.47%
Calculating       :  26.50%
Calculating       :  26.50%
Calculating       :  26.54%
Calculating       :  26.57%
Calculating       :  26.58%
Calculating       :  26.61%
Calculating       :  26.61%
Calculating       :  26.65%
Calculating       :  26.65%
Calculating       :  26.69%
Calculating       :  26.72%
Calculating       :  26.72%
Calculating       :  26.76%
Calculating       :  26.76%
Calculating       :  26.80%
Calculating       :  26.83%
Calculating       :  26.83%
Calculating       :  26.87%
Calculating       :  26.87%
Calculating       :  26.90%
Calculating       :  26.91%
Calculating       :  26.94%
Calculating       :  26.98%
Calculating       :  26.98%
Calculating       :  27.01%
Calculating       :  27.01%
Calculating       :  27.05%
Calculating       :  27.06%
Calculating       :  27.09%
Calculating       :  27.12%
Calculating       :  27.12%
Calculating       :  27.16%
Calculating       :  27.16%
Calculating       :  27.20%
Calculating       :  27.22%
Calculating       :  27.23%
Calculating       :  27.27%
Calculating       :  27.27%
Calculating       :  27.31%
Calculating       :  27.31%
Calculating       :  27.34%
Calculating       :  27.37%
Calculating       :  27.38%
Calculating       :  27.42%
Calculating       :  27.42%
Calculating       :  27.45%
Calculating       :  27.45%
Calculating       :  27.49%
Calculating       :  27.52%
Calculating       :  27.52%
Calculating       :  27.56%
Calculating       :  27.56%
Calculating       :  27.60%
Calculating       :  27.63%
Calculating       :  27.63%
Calculating       :  27.67%
Calculating       :  27.67%
Calculating       :  27.71%
Calculating       :  27.71%
Calculating       :  27.74%
Calculating       :  27.77%
Calculating       :  27.78%
Calculating       :  27.82%
Calculating       :  27.82%
Calculating       :  27.85%
Calculating       :  27.86%
Calculating       :  27.89%
Calculating       :  27.93%
Calculating       :  27.93%
Calculating       :  27.96%
Calculating       :  27.96%
Calculating       :  28.00%
Calculating       :  28.00%
Calculating       :  28.03%
Calculating       :  28.07%
Calculating       :  28.07%
Calculating       :  28.11%
Calculating       :  28.11%
Calculating       :  28.14%
Calculating       :  28.18%
Calculating       :  28.18%
Calculating       :  28.22%
Calculating       :  28.22%
Calculating       :  28.25%
Calculating       :  28.28%
Calculating       :  28.29%
Calculating       :  28.33%
Calculating       :  28.33%
Calculating       :  28.36%
Calculating       :  28.37%
Calculating       :  28.40%
Calculating       :  28.44%
Calculating       :  28.44%
Calculating       :  28.47%
Calculating       :  28.47%
Calculating       :  28.51%
Calculating       :  28.53%
Calculating       :  28.54%
Calculating       :  28.58%
Calculating       :  28.58%
Calculating       :  28.62%
Calculating       :  28.62%
Calculating       :  28.65%
Calculating       :  28.69%
Calculating       :  28.69%
Calculating       :  28.73%
Calculating       :  28.73%
Calculating       :  28.76%
Calculating       :  28.77%
Calculating       :  28.80%
Calculating       :  28.84%
Calculating       :  28.84%
Calculating       :  28.87%
Calculating       :  28.87%
Calculating       :  28.91%
Calculating       :  28.94%
Calculating       :  28.95%
Calculating       :  28.98%
Calculating       :  28.98%
Calculating       :  29.02%
Calculating       :  29.02%
Calculating       :  29.05%
Calculating       :  29.09%
Calculating       :  29.09%
Calculating       :  29.13%
Calculating       :  29.13%
Calculating       :  29.16%
Calculating       :  29.16%
Calculating       :  29.20%
Calculating       :  29.23%
Calculating       :  29.24%
Calculating       :  29.27%
Calculating       :  29.27%
Calculating       :  29.31%
Calculating       :  29.33%
Calculating       :  29.35%
Calculating       :  29.38%
Calculating       :  29.38%
Calculating       :  29.42%
Calculating       :  29.42%
Calculating       :  29.46%
Calculating       :  29.48%
Calculating       :  29.49%
Calculating       :  29.53%
Calculating       :  29.53%
Calculating       :  29.57%
Calculating       :  29.59%
Calculating       :  29.60%
Calculating       :  29.64%
Calculating       :  29.64%
Calculating       :  29.67%
Calculating       :  29.67%
Calculating       :  29.71%
Calculating       :  29.75%
Calculating       :  29.75%
Calculating       :  29.78%
Calculating       :  29.78%
Calculating       :  29.82%
Calculating       :  29.84%
Calculating       :  29.86%
Calculating       :  29.89%
Calculating       :  29.89%
Calculating       :  29.93%
Calculating       :  29.94%
Calculating       :  29.97%
Calculating       :  30.00%
Calculating       :  30.00%
Calculating       :  30.04%
Calculating       :  30.04%
Calculating       :  30.08%
Calculating       :  30.08%
Calculating       :  30.11%
Calculating       :  30.15%
Calculating       :  30.15%
Calculating       :  30.18%
Calculating       :  30.18%
Calculating       :  30.22%
Calculating       :  30.25%
Calculating       :  30.26%
Calculating       :  30.29%
Calculating       :  30.29%
Calculating       :  30.33%
Calculating       :  30.33%
Calculating       :  30.37%
Calculating       :  30.40%
Calculating       :  30.40%
Calculating       :  30.44%
Calculating       :  30.44%
Calculating       :  30.48%
Calculating       :  30.49%
Calculating       :  30.51%
Calculating       :  30.55%
Calculating       :  30.55%
Calculating       :  30.59%
Calculating       :  30.59%
Calculating       :  30.62%
Calculating       :  30.63%
Calculating       :  30.66%
Calculating       :  30.69%
Calculating       :  30.69%
Calculating       :  30.73%
Calculating       :  30.73%
Calculating       :  30.77%
Calculating       :  30.77%
Calculating       :  30.80%
Calculating       :  30.84%
Calculating       :  30.84%
Calculating       :  30.88%
Calculating       :  30.88%
Calculating       :  30.91%
Calculating       :  30.95%
Calculating       :  30.95%
Calculating       :  30.99%
Calculating       :  30.99%
Calculating       :  31.02%
Calculating       :  31.05%
Calculating       :  31.06%
Calculating       :  31.10%
Calculating       :  31.10%
Calculating       :  31.13%
Calculating       :  31.16%
Calculating       :  31.17%
Calculating       :  31.21%
Calculating       :  31.21%
Calculating       :  31.24%
Calculating       :  31.24%
Calculating       :  31.28%
Calculating       :  31.31%
Calculating       :  31.31%
Calculating       :  31.35%
Calculating       :  31.35%
Calculating       :  31.39%
Calculating       :  31.41%
Calculating       :  31.42%
Calculating       :  31.46%
Calculating       :  31.46%
Calculating       :  31.50%
Calculating       :  31.50%
Calculating       :  31.53%
Calculating       :  31.57%
Calculating       :  31.57%
Calculating       :  31.61%
Calculating       :  31.61%
Calculating       :  31.64%
Calculating       :  31.67%
Calculating       :  31.68%
Calculating       :  31.72%
Calculating       :  31.72%
Calculating       :  31.75%
Calculating       :  31.75%
Calculating       :  31.79%
Calculating       :  31.79%
Calculating       :  31.82%
Calculating       :  31.86%
Calculating       :  31.86%
Calculating       :  31.90%
Calculating       :  31.90%
Calculating       :  31.93%
Calculating       :  31.96%
Calculating       :  31.97%
Calculating       :  32.01%
Calculating       :  32.01%
Calculating       :  32.04%
Calculating       :  32.05%
Calculating       :  32.08%
Calculating       :  32.12%
Calculating       :  32.12%
Calculating       :  32.15%
Calculating       :  32.15%
Calculating       :  32.19%
Calculating       :  32.22%
Calculating       :  32.23%
Calculating       :  32.26%
Calculating       :  32.26%
Calculating       :  32.30%
Calculating       :  32.32%
Calculating       :  32.33%
Calculating       :  32.37%
Calculating       :  32.37%
Calculating       :  32.41%
Calculating       :  32.41%
Calculating       :  32.44%
Calculating       :  32.47%
Calculating       :  32.48%
Calculating       :  32.52%
Calculating       :  32.52%
Calculating       :  32.55%
Calculating       :  32.57%
Calculating       :  32.59%
Calculating       :  32.63%
Calculating       :  32.63%
Calculating       :  32.66%
Calculating       :  32.66%
Calculating       :  32.70%
Calculating       :  32.74%
Calculating       :  32.74%
Calculating       :  32.77%
Calculating       :  32.77%
Calculating       :  32.81%
Calculating       :  32.83%
Calculating       :  32.84%
Calculating       :  32.88%
Calculating       :  32.88%
Calculating       :  32.92%
Calculating       :  32.92%
Calculating       :  32.95%
Calculating       :  32.99%
Calculating       :  32.99%
Calculating       :  33.03%
Calculating       :  33.03%
Calculating       :  33.06%
Calculating       :  33.07%
Calculating       :  33.10%
Calculating       :  33.14%
Calculating       :  33.14%
Calculating       :  33.17%
Calculating       :  33.17%
Calculating       :  33.21%
Calculating       :  33.23%
Calculating       :  33.25%
Calculating       :  33.28%
Calculating       :  33.28%
Calculating       :  33.32%
Calculating       :  33.32%
Calculating       :  33.36%
Calculating       :  33.39%
Calculating       :  33.39%
Calculating       :  33.43%
Calculating       :  33.43%
Calculating       :  33.46%
Calculating       :  33.47%
Calculating       :  33.50%
Calculating       :  33.54%
Calculating       :  33.54%
Calculating       :  33.57%
Calculating       :  33.57%
Calculating       :  33.61%
Calculating       :  33.64%
Calculating       :  33.65%
Calculating       :  33.68%
Calculating       :  33.68%
Calculating       :  33.72%
Calculating       :  33.72%
Calculating       :  33.76%
Calculating       :  33.78%
Calculating       :  33.79%
Calculating       :  33.83%
Calculating       :  33.83%
Calculating       :  33.87%
Calculating       :  33.87%
Calculating       :  33.90%
Calculating       :  33.91%
Calculating       :  33.94%
Calculating       :  33.97%
Calculating       :  33.97%
Calculating       :  34.01%
Calculating       :  34.01%
Calculating       :  34.05%
Calculating       :  34.07%
Calculating       :  34.08%
Calculating       :  34.12%
Calculating       :  34.12%
Calculating       :  34.16%
Calculating       :  34.16%
Calculating       :  34.19%
Calculating       :  34.23%
Calculating       :  34.23%
Calculating       :  34.27%
Calculating       :  34.27%
Calculating       :  34.30%
Calculating       :  34.33%
Calculating       :  34.34%
Calculating       :  34.38%
Calculating       :  34.38%
Calculating       :  34.41%
Calculating       :  34.41%
Calculating       :  34.45%
Calculating       :  34.47%
Calculating       :  34.48%
Calculating       :  34.52%
Calculating       :  34.52%
Calculating       :  34.56%
Calculating       :  34.56%
Calculating       :  34.59%
Calculating       :  34.63%
Calculating       :  34.63%
Calculating       :  34.67%
Calculating       :  34.67%
Calculating       :  34.70%
Calculating       :  34.73%
Calculating       :  34.74%
Calculating       :  34.78%
Calculating       :  34.78%
Calculating       :  34.81%
Calculating       :  34.83%
Calculating       :  34.85%
Calculating       :  34.89%
Calculating       :  34.89%
Calculating       :  34.92%
Calculating       :  34.92%
Calculating       :  34.96%
Calculating       :  34.99%
Calculating       :  35.00%
Calculating       :  35.03%
Calculating       :  35.03%
Calculating       :  35.07%
Calculating       :  35.07%
Calculating       :  35.10%
Calculating       :  35.14%
Calculating       :  35.14%
Calculating       :  35.18%
Calculating       :  35.18%
Calculating       :  35.21%
Calculating       :  35.23%
Calculating       :  35.25%
Calculating       :  35.29%
Calculating       :  35.29%
Calculating       :  35.32%
Calculating       :  35.32%
Calculating       :  35.36%
Calculating       :  35.39%
Calculating       :  35.40%
Calculating       :  35.43%
Calculating       :  35.43%
Calculating       :  35.47%
Calculating       :  35.47%
Calculating       :  35.51%
Calculating       :  35.54%
Calculating       :  35.54%
Calculating       :  35.58%
Calculating       :  35.58%
Calculating       :  35.61%
Calculating       :  35.62%
Calculating       :  35.65%
Calculating       :  35.69%
Calculating       :  35.69%
Calculating       :  35.72%
Calculating       :  35.72%
Calculating       :  35.76%
Calculating       :  35.79%
Calculating       :  35.80%
Calculating       :  35.83%
Calculating       :  35.83%
Calculating       :  35.87%
Calculating       :  35.88%
Calculating       :  35.91%
Calculating       :  35.94%
Calculating       :  35.94%
Calculating       :  35.98%
Calculating       :  35.98%
Calculating       :  36.02%
Calculating       :  36.05%
Calculating       :  36.05%
Calculating       :  36.09%
Calculating       :  36.09%
Calculating       :  36.12%
Calculating       :  36.13%
Calculating       :  36.16%
Calculating       :  36.20%
Calculating       :  36.20%
Calculating       :  36.23%
Calculating       :  36.23%
Calculating       :  36.27%
Calculating       :  36.30%
Calculating       :  36.31%
Calculating       :  36.34%
Calculating       :  36.34%
Calculating       :  36.38%
Calculating       :  36.40%
Calculating       :  36.42%
Calculating       :  36.45%
Calculating       :  36.45%
Calculating       :  36.49%
Calculating       :  36.49%
Calculating       :  36.53%
Calculating       :  36.56%
Calculating       :  36.56%
Calculating       :  36.60%
Calculating       :  36.60%
Calculating       :  36.64%
Calculating       :  36.66%
Calculating       :  36.67%
Calculating       :  36.71%
Calculating       :  36.71%
Calculating       :  36.74%
Calculating       :  36.74%
Calculating       :  36.78%
Calculating       :  36.82%
Calculating       :  36.82%
Calculating       :  36.85%
Calculating       :  36.85%
Calculating       :  36.89%
Calculating       :  36.92%
Calculating       :  36.93%
Calculating       :  36.96%
Calculating       :  36.96%
Calculating       :  37.00%
Calculating       :  37.00%
Calculating       :  37.04%
Calculating       :  37.07%
Calculating       :  37.07%
Calculating       :  37.11%
Calculating       :  37.11%
Calculating       :  37.15%
Calculating       :  37.15%
Calculating       :  37.18%
Calculating       :  37.22%
Calculating       :  37.22%
Calculating       :  37.25%
Calculating       :  37.25%
Calculating       :  37.29%
Calculating       :  37.33%
Calculating       :  37.33%
Calculating       :  37.36%
Calculating       :  37.36%
Calculating       :  37.40%
Calculating       :  37.41%
Calculating       :  37.44%
Calculating       :  37.47%
Calculating       :  37.47%
Calculating       :  37.51%
Calculating       :  37.51%
Calculating       :  37.55%
Calculating       :  37.56%
Calculating       :  37.58%
Calculating       :  37.62%
Calculating       :  37.62%
Calculating       :  37.66%
Calculating       :  37.66%
Calculating       :  37.69%
Calculating       :  37.73%
Calculating       :  37.73%
Calculating       :  37.76%
Calculating       :  37.76%
Calculating       :  37.80%
Calculating       :  37.83%
Calculating       :  37.84%
Calculating       :  37.87%
Calculating       :  37.87%
Calculating       :  37.91%
Calculating       :  37.93%
Calculating       :  37.95%
Calculating       :  37.98%
Calculating       :  37.98%
Calculating       :  38.02%
Calculating       :  38.02%
Calculating       :  38.06%
Calculating       :  38.09%
Calculating       :  38.09%
Calculating       :  38.13%
Calculating       :  38.13%
Calculating       :  38.17%
Calculating       :  38.18%
Calculating       :  38.20%
Calculating       :  38.24%
Calculating       :  38.24%
Calculating       :  38.27%
Calculating       :  38.28%
Calculating       :  38.31%
Calculating       :  38.35%
Calculating       :  38.35%
Calculating       :  38.38%
Calculating       :  38.38%
Calculating       :  38.42%
Calculating       :  38.45%
Calculating       :  38.46%
Calculating       :  38.49%
Calculating       :  38.49%
Calculating       :  38.53%
Calculating       :  38.53%
Calculating       :  38.57%
Calculating       :  38.60%
Calculating       :  38.60%
Calculating       :  38.64%
Calculating       :  38.64%
Calculating       :  38.68%
Calculating       :  38.70%
Calculating       :  38.71%
Calculating       :  38.75%
Calculating       :  38.75%
Calculating       :  38.79%
Calculating       :  38.79%
Calculating       :  38.82%
Calculating       :  38.85%
Calculating       :  38.86%
Calculating       :  38.89%
Calculating       :  38.89%
Calculating       :  38.93%
Calculating       :  38.95%
Calculating       :  38.97%
Calculating       :  39.00%
Calculating       :  39.00%
Calculating       :  39.04%
Calculating       :  39.04%
Calculating       :  39.08%
Calculating       :  39.11%
Calculating       :  39.11%
Calculating       :  39.15%
Calculating       :  39.15%
Calculating       :  39.19%
Calculating       :  39.19%
Calculating       :  39.22%
Calculating       :  39.26%
Calculating       :  39.26%
Calculating       :  39.30%
Calculating       :  39.30%
Calculating       :  39.33%
Calculating       :  39.36%
Calculating       :  39.37%
Calculating       :  39.40%
Calculating       :  39.40%
Calculating       :  39.44%
Calculating       :  39.46%
Calculating       :  39.48%
Calculating       :  39.51%
Calculating       :  39.51%
Calculating       :  39.55%
Calculating       :  39.56%
Calculating       :  39.59%
Calculating       :  39.62%
Calculating       :  39.62%
Calculating       :  39.66%
Calculating       :  39.66%
Calculating       :  39.70%
Calculating       :  39.70%
Calculating       :  39.73%
Calculating       :  39.77%
Calculating       :  39.77%
Calculating       :  39.81%
Calculating       :  39.81%
Calculating       :  39.84%
Calculating       :  39.85%
Calculating       :  39.88%
Calculating       :  39.91%
Calculating       :  39.91%
Calculating       :  39.95%
Calculating       :  39.95%
Calculating       :  39.99%
Calculating       :  40.01%
Calculating       :  40.02%
Calculating       :  40.06%
Calculating       :  40.06%
Calculating       :  40.10%
Calculating       :  40.10%
Calculating       :  40.13%
Calculating       :  40.17%
Calculating       :  40.17%
Calculating       :  40.21%
Calculating       :  40.21%
Calculating       :  40.24%
Calculating       :  40.25%
Calculating       :  40.28%
Calculating       :  40.32%
Calculating       :  40.32%
Calculating       :  40.35%
Calculating       :  40.35%
Calculating       :  40.39%
Calculating       :  40.42%
Calculating       :  40.43%
Calculating       :  40.46%
Calculating       :  40.46%
Calculating       :  40.50%
Calculating       :  40.50%
Calculating       :  40.53%
Calculating       :  40.57%
Calculating       :  40.57%
Calculating       :  40.61%
Calculating       :  40.61%
Calculating       :  40.64%
Calculating       :  40.66%
Calculating       :  40.68%
Calculating       :  40.72%
Calculating       :  40.72%
Calculating       :  40.75%
Calculating       :  40.75%
Calculating       :  40.79%
Calculating       :  40.79%
Calculating       :  40.83%
Calculating       :  40.85%
Calculating       :  40.86%
Calculating       :  40.90%
Calculating       :  40.90%
Calculating       :  40.94%
Calculating       :  40.94%
Calculating       :  40.97%
Calculating       :  41.01%
Calculating       :  41.01%
Calculating       :  41.04%
Calculating       :  41.04%
Calculating       :  41.08%
Calculating       :  41.10%
Calculating       :  41.12%
Calculating       :  41.15%
Calculating       :  41.15%
Calculating       :  41.19%
Calculating       :  41.20%
Calculating       :  41.23%
Calculating       :  41.26%
Calculating       :  41.26%
Calculating       :  41.30%
Calculating       :  41.30%
Calculating       :  41.34%
Calculating       :  41.36%
Calculating       :  41.37%
Calculating       :  41.41%
Calculating       :  41.41%
Calculating       :  41.45%
Calculating       :  41.45%
Calculating       :  41.48%
Calculating       :  41.51%
Calculating       :  41.52%
Calculating       :  41.55%
Calculating       :  41.55%
Calculating       :  41.59%
Calculating       :  41.62%
Calculating       :  41.63%
Calculating       :  41.66%
Calculating       :  41.66%
Calculating       :  41.70%
Calculating       :  41.70%
Calculating       :  41.74%
Calculating       :  41.77%
Calculating       :  41.77%
Calculating       :  41.81%
Calculating       :  41.81%
Calculating       :  41.85%
Calculating       :  41.85%
Calculating       :  41.88%
Calculating       :  41.92%
Calculating       :  41.92%
Calculating       :  41.96%
Calculating       :  41.96%
Calculating       :  41.99%
Calculating       :  42.03%
Calculating       :  42.03%
Calculating       :  42.06%
Calculating       :  42.06%
Calculating       :  42.10%
Calculating       :  42.13%
Calculating       :  42.14%
Calculating       :  42.17%
Calculating       :  42.17%
Calculating       :  42.21%
Calculating       :  42.22%
Calculating       :  42.25%
Calculating       :  42.28%
Calculating       :  42.28%
Calculating       :  42.32%
Calculating       :  42.32%
Calculating       :  42.36%
Calculating       :  42.39%
Calculating       :  42.39%
Calculating       :  42.43%
Calculating       :  42.43%
Calculating       :  42.47%
Calculating       :  42.47%
Calculating       :  42.50%
Calculating       :  42.53%
Calculating       :  42.54%
Calculating       :  42.58%
Calculating       :  42.58%
Calculating       :  42.61%
Calculating       :  42.61%
Calculating       :  42.65%
Calculating       :  42.68%
Calculating       :  42.68%
Calculating       :  42.72%
Calculating       :  42.72%
Calculating       :  42.76%
Calculating       :  42.78%
Calculating       :  42.79%
Calculating       :  42.83%
Calculating       :  42.83%
Calculating       :  42.87%
Calculating       :  42.87%
Calculating       :  42.90%
Calculating       :  42.90%
Calculating       :  42.94%
Calculating       :  42.96%
Calculating       :  42.98%
Calculating       :  43.01%
Calculating       :  43.01%
Calculating       :  43.05%
Calculating       :  43.05%
Calculating       :  43.09%
Calculating       :  43.09%
Calculating       :  43.12%
Calculating       :  43.13%
Calculating       :  43.16%
Calculating       :  43.19%
Calculating       :  43.19%
Calculating       :  43.23%
Calculating       :  43.23%
Calculating       :  43.27%
Calculating       :  43.29%
Calculating       :  43.30%
Calculating       :  43.34%
Calculating       :  43.34%
Calculating       :  43.38%
Calculating       :  43.40%
Calculating       :  43.41%
Calculating       :  43.45%
Calculating       :  43.45%
Calculating       :  43.49%
Calculating       :  43.49%
Calculating       :  43.52%
Calculating       :  43.55%
Calculating       :  43.56%
Calculating       :  43.60%
Calculating       :  43.60%
Calculating       :  43.63%
Calculating       :  43.63%
Calculating       :  43.67%
Calculating       :  43.70%
Calculating       :  43.70%
Calculating       :  43.74%
Calculating       :  43.74%
Calculating       :  43.78%
Calculating       :  43.78%
Calculating       :  43.81%
Calculating       :  43.85%
Calculating       :  43.85%
Calculating       :  43.89%
Calculating       :  43.89%
Calculating       :  43.92%
Calculating       :  43.96%
Calculating       :  43.96%
Calculating       :  44.00%
Calculating       :  44.00%
Calculating       :  44.03%
Calculating       :  44.04%
Calculating       :  44.07%
Calculating       :  44.10%
Calculating       :  44.11%
Calculating       :  44.14%
Calculating       :  44.14%
Calculating       :  44.18%
Calculating       :  44.20%
Calculating       :  44.22%
Calculating       :  44.25%
Calculating       :  44.25%
Calculating       :  44.29%
Calculating       :  44.29%
Calculating       :  44.32%
Calculating       :  44.35%
Calculating       :  44.36%
Calculating       :  44.40%
Calculating       :  44.40%
Calculating       :  44.43%
Calculating       :  44.43%
Calculating       :  44.47%
Calculating       :  44.50%
Calculating       :  44.51%
Calculating       :  44.54%
Calculating       :  44.54%
Calculating       :  44.58%
Calculating       :  44.58%
Calculating       :  44.62%
Calculating       :  44.64%
Calculating       :  44.65%
Calculating       :  44.69%
Calculating       :  44.69%
Calculating       :  44.73%
Calculating       :  44.73%
Calculating       :  44.76%
Calculating       :  44.80%
Calculating       :  44.80%
Calculating       :  44.83%
Calculating       :  44.83%
Calculating       :  44.87%
Calculating       :  44.90%
Calculating       :  44.91%
Calculating       :  44.94%
Calculating       :  44.94%
Calculating       :  44.98%
Calculating       :  44.98%
Calculating       :  45.02%
Calculating       :  45.04%
Calculating       :  45.05%
Calculating       :  45.09%
Calculating       :  45.09%
Calculating       :  45.13%
Calculating       :  45.15%
Calculating       :  45.16%
Calculating       :  45.20%
Calculating       :  45.20%
Calculating       :  45.24%
Calculating       :  45.24%
Calculating       :  45.27%
Calculating       :  45.31%
Calculating       :  45.31%
Calculating       :  45.34%
Calculating       :  45.34%
Calculating       :  45.38%
Calculating       :  45.40%
Calculating       :  45.42%
Calculating       :  45.45%
Calculating       :  45.45%
Calculating       :  45.49%
Calculating       :  45.49%
Calculating       :  45.53%
Calculating       :  45.56%
Calculating       :  45.56%
Calculating       :  45.60%
Calculating       :  45.60%
Calculating       :  45.64%
Calculating       :  45.64%
Calculating       :  45.67%
Calculating       :  45.71%
Calculating       :  45.71%
Calculating       :  45.75%
Calculating       :  45.75%
Calculating       :  45.78%
Calculating       :  45.81%
Calculating       :  45.82%
Calculating       :  45.85%
Calculating       :  45.85%
Calculating       :  45.89%
Calculating       :  45.90%
Calculating       :  45.93%
Calculating       :  45.96%
Calculating       :  45.96%
Calculating       :  46.00%
Calculating       :  46.00%
Calculating       :  46.04%
Calculating       :  46.04%
Calculating       :  46.07%
Calculating       :  46.11%
Calculating       :  46.11%
Calculating       :  46.15%
Calculating       :  46.15%
Calculating       :  46.18%
Calculating       :  46.21%
Calculating       :  46.22%
Calculating       :  46.26%
Calculating       :  46.26%
Calculating       :  46.29%
Calculating       :  46.29%
Calculating       :  46.33%
Calculating       :  46.36%
Calculating       :  46.37%
Calculating       :  46.40%
Calculating       :  46.40%
Calculating       :  46.44%
Calculating       :  46.46%
Calculating       :  46.47%
Calculating       :  46.51%
Calculating       :  46.51%
Calculating       :  46.55%
Calculating       :  46.55%
Calculating       :  46.58%
Calculating       :  46.62%
Calculating       :  46.62%
Calculating       :  46.66%
Calculating       :  46.66%
Calculating       :  46.69%
Calculating       :  46.73%
Calculating       :  46.73%
Calculating       :  46.77%
Calculating       :  46.77%
Calculating       :  46.80%
Calculating       :  46.80%
Calculating       :  46.84%
Calculating       :  46.87%
Calculating       :  46.88%
Calculating       :  46.91%
Calculating       :  46.91%
Calculating       :  46.95%
Calculating       :  46.97%
Calculating       :  46.98%
Calculating       :  47.02%
Calculating       :  47.02%
Calculating       :  47.06%
Calculating       :  47.06%
Calculating       :  47.09%
Calculating       :  47.12%
Calculating       :  47.13%
Calculating       :  47.17%
Calculating       :  47.17%
Calculating       :  47.20%
Calculating       :  47.22%
Calculating       :  47.24%
Calculating       :  47.28%
Calculating       :  47.28%
Calculating       :  47.31%
Calculating       :  47.31%
Calculating       :  47.35%
Calculating       :  47.38%
Calculating       :  47.39%
Calculating       :  47.42%
Calculating       :  47.42%
Calculating       :  47.46%
Calculating       :  47.46%
Calculating       :  47.49%
Calculating       :  47.53%
Calculating       :  47.53%
Calculating       :  47.57%
Calculating       :  47.57%
Calculating       :  47.60%
Calculating       :  47.63%
Calculating       :  47.64%
Calculating       :  47.68%
Calculating       :  47.68%
Calculating       :  47.71%
Calculating       :  47.72%
Calculating       :  47.75%
Calculating       :  47.78%
Calculating       :  47.79%
Calculating       :  47.82%
Calculating       :  47.82%
Calculating       :  47.86%
Calculating       :  47.87%
Calculating       :  47.90%
Calculating       :  47.93%
Calculating       :  47.93%
Calculating       :  47.97%
Calculating       :  47.97%
Calculating       :  48.01%
Calculating       :  48.04%
Calculating       :  48.04%
Calculating       :  48.08%
Calculating       :  48.08%
Calculating       :  48.11%
Calculating       :  48.14%
Calculating       :  48.15%
Calculating       :  48.19%
Calculating       :  48.19%
Calculating       :  48.22%
Calculating       :  48.25%
Calculating       :  48.26%
Calculating       :  48.30%
Calculating       :  48.30%
Calculating       :  48.33%
Calculating       :  48.36%
Calculating       :  48.37%
Calculating       :  48.41%
Calculating       :  48.41%
Calculating       :  48.44%
Calculating       :  48.44%
Calculating       :  48.48%
Calculating       :  48.52%
Calculating       :  48.52%
Calculating       :  48.55%
Calculating       :  48.55%
Calculating       :  48.59%
Calculating       :  48.62%
Calculating       :  48.62%
Calculating       :  48.66%
Calculating       :  48.66%
Calculating       :  48.70%
Calculating       :  48.72%
Calculating       :  48.73%
Calculating       :  48.77%
Calculating       :  48.77%
Calculating       :  48.81%
Calculating       :  48.83%
Calculating       :  48.84%
Calculating       :  48.88%
Calculating       :  48.88%
Calculating       :  48.92%
Calculating       :  48.92%
Calculating       :  48.95%
Calculating       :  48.98%
Calculating       :  48.99%
Calculating       :  49.03%
Calculating       :  49.03%
Calculating       :  49.06%
Calculating       :  49.06%
Calculating       :  49.10%
Calculating       :  49.13%
Calculating       :  49.13%
Calculating       :  49.17%
Calculating       :  49.17%
Calculating       :  49.21%
Calculating       :  49.21%
Calculating       :  49.24%
Calculating       :  49.27%
Calculating       :  49.28%
Calculating       :  49.32%
Calculating       :  49.32%
Calculating       :  49.35%
Calculating       :  49.35%
Calculating       :  49.39%
Calculating       :  49.41%
Calculating       :  49.43%
Calculating       :  49.46%
Calculating       :  49.46%
Calculating       :  49.50%
Calculating       :  49.50%
Calculating       :  49.54%
Calculating       :  49.56%
Calculating       :  49.57%
Calculating       :  49.61%
Calculating       :  49.61%
Calculating       :  49.65%
Calculating       :  49.65%
Calculating       :  49.68%
Calculating       :  49.72%
Calculating       :  49.72%
Calculating       :  49.75%
Calculating       :  49.75%
Calculating       :  49.79%
Calculating       :  49.79%
Calculating       :  49.83%
Calculating       :  49.86%
Calculating       :  49.86%
Calculating       :  49.90%
Calculating       :  49.90%
Calculating       :  49.94%
Calculating       :  49.94%
Calculating       :  49.97%
Calculating       :  50.01%
Calculating       :  50.01%
Calculating       :  50.05%
Calculating       :  50.05%
Calculating       :  50.08%
Calculating       :  50.11%
Calculating       :  50.12%
Calculating       :  50.16%
Calculating       :  50.16%
Calculating       :  50.19%
Calculating       :  50.19%
Calculating       :  50.23%
Calculating       :  50.26%
Calculating       :  50.26%
Calculating       :  50.30%
Calculating       :  50.30%
Calculating       :  50.34%
Calculating       :  50.37%
Calculating       :  50.37%
Calculating       :  50.41%
Calculating       :  50.41%
Calculating       :  50.45%
Calculating       :  50.45%
Calculating       :  50.48%
Calculating       :  50.51%
Calculating       :  50.52%
Calculating       :  50.56%
Calculating       :  50.56%
Calculating       :  50.59%
Calculating       :  50.59%
Calculating       :  50.63%
Calculating       :  50.66%
Calculating       :  50.67%
Calculating       :  50.70%
Calculating       :  50.70%
Calculating       :  50.74%
Calculating       :  50.76%
Calculating       :  50.77%
Calculating       :  50.81%
Calculating       :  50.81%
Calculating       :  50.85%
Calculating       :  50.85%
Calculating       :  50.88%
Calculating       :  50.91%
Calculating       :  50.92%
Calculating       :  50.96%
Calculating       :  50.96%
Calculating       :  50.99%
Calculating       :  50.99%
Calculating       :  51.03%
Calculating       :  51.07%
Calculating       :  51.07%
Calculating       :  51.10%
Calculating       :  51.10%
Calculating       :  51.14%
Calculating       :  51.15%
Calculating       :  51.18%
Calculating       :  51.21%
Calculating       :  51.21%
Calculating       :  51.25%
Calculating       :  51.25%
Calculating       :  51.28%
Calculating       :  51.32%
Calculating       :  51.32%
Calculating       :  51.36%
Calculating       :  51.36%
Calculating       :  51.39%
Calculating       :  51.39%
Calculating       :  51.43%
Calculating       :  51.46%
Calculating       :  51.47%
Calculating       :  51.50%
Calculating       :  51.50%
Calculating       :  51.54%
Calculating       :  51.56%
Calculating       :  51.58%
Calculating       :  51.61%
Calculating       :  51.61%
Calculating       :  51.65%
Calculating       :  51.65%
Calculating       :  51.69%
Calculating       :  51.72%
Calculating       :  51.72%
Calculating       :  51.76%
Calculating       :  51.76%
Calculating       :  51.80%
Calculating       :  51.82%
Calculating       :  51.83%
Calculating       :  51.87%
Calculating       :  51.87%
Calculating       :  51.90%
Calculating       :  51.90%
Calculating       :  51.94%
Calculating       :  51.97%
Calculating       :  51.98%
Calculating       :  52.01%
Calculating       :  52.01%
Calculating       :  52.05%
Calculating       :  52.05%
Calculating       :  52.09%
Calculating       :  52.12%
Calculating       :  52.12%
Calculating       :  52.16%
Calculating       :  52.16%
Calculating       :  52.20%
Calculating       :  52.20%
Calculating       :  52.23%
Calculating       :  52.25%
Calculating       :  52.27%
Calculating       :  52.30%
Calculating       :  52.31%
Calculating       :  52.34%
Calculating       :  52.34%
Calculating       :  52.38%
Calculating       :  52.38%
Calculating       :  52.41%
Calculating       :  52.45%
Calculating       :  52.45%
Calculating       :  52.49%
Calculating       :  52.49%
Calculating       :  52.52%
Calculating       :  52.52%
Calculating       :  52.56%
Calculating       :  52.59%
Calculating       :  52.60%
Calculating       :  52.63%
Calculating       :  52.63%
Calculating       :  52.67%
Calculating       :  52.68%
Calculating       :  52.71%
Calculating       :  52.74%
Calculating       :  52.74%
Calculating       :  52.78%
Calculating       :  52.78%
Calculating       :  52.82%
Calculating       :  52.84%
Calculating       :  52.85%
Calculating       :  52.89%
Calculating       :  52.89%
Calculating       :  52.92%
Calculating       :  52.92%
Calculating       :  52.96%
Calculating       :  52.99%
Calculating       :  53.00%
Calculating       :  53.03%
Calculating       :  53.03%
Calculating       :  53.07%
Calculating       :  53.07%
Calculating       :  53.11%
Calculating       :  53.14%
Calculating       :  53.14%
Calculating       :  53.18%
Calculating       :  53.18%
Calculating       :  53.22%
Calculating       :  53.22%
Calculating       :  53.25%
Calculating       :  53.29%
Calculating       :  53.29%
Calculating       :  53.33%
Calculating       :  53.33%
Calculating       :  53.36%
Calculating       :  53.37%
Calculating       :  53.40%
Calculating       :  53.44%
Calculating       :  53.44%
Calculating       :  53.47%
Calculating       :  53.47%
Calculating       :  53.51%
Calculating       :  53.53%
Calculating       :  53.54%
Calculating       :  53.58%
Calculating       :  53.58%
Calculating       :  53.62%
Calculating       :  53.62%
Calculating       :  53.65%
Calculating       :  53.69%
Calculating       :  53.69%
Calculating       :  53.73%
Calculating       :  53.73%
Calculating       :  53.76%
Calculating       :  53.79%
Calculating       :  53.80%
Calculating       :  53.84%
Calculating       :  53.84%
Calculating       :  53.87%
Calculating       :  53.87%
Calculating       :  53.91%
Calculating       :  53.95%
Calculating       :  53.95%
Calculating       :  53.98%
Calculating       :  53.98%
Calculating       :  54.02%
Calculating       :  54.05%
Calculating       :  54.05%
Calculating       :  54.09%
Calculating       :  54.09%
Calculating       :  54.13%
Calculating       :  54.13%
Calculating       :  54.16%
Calculating       :  54.19%
Calculating       :  54.20%
Calculating       :  54.24%
Calculating       :  54.24%
Calculating       :  54.27%
Calculating       :  54.27%
Calculating       :  54.31%
Calculating       :  54.31%
Calculating       :  54.35%
Calculating       :  54.35%
Calculating       :  54.38%
Calculating       :  54.42%
Calculating       :  54.42%
Calculating       :  54.46%
Calculating       :  54.46%
Calculating       :  54.49%
Calculating       :  54.52%
Calculating       :  54.53%
Calculating       :  54.56%
Calculating       :  54.56%
Calculating       :  54.60%
Calculating       :  54.60%
Calculating       :  54.64%
Calculating       :  54.66%
Calculating       :  54.67%
Calculating       :  54.71%
Calculating       :  54.71%
Calculating       :  54.75%
Calculating       :  54.75%
Calculating       :  54.78%
Calculating       :  54.82%
Calculating       :  54.82%
Calculating       :  54.86%
Calculating       :  54.86%
Calculating       :  54.89%
Calculating       :  54.89%
Calculating       :  54.93%
Calculating       :  54.97%
Calculating       :  54.97%
Calculating       :  55.00%
Calculating       :  55.00%
Calculating       :  55.04%
Calculating       :  55.06%
Calculating       :  55.07%
Calculating       :  55.11%
Calculating       :  55.11%
Calculating       :  55.15%
Calculating       :  55.15%
Calculating       :  55.18%
Calculating       :  55.22%
Calculating       :  55.22%
Calculating       :  55.26%
Calculating       :  55.26%
Calculating       :  55.29%
Calculating       :  55.30%
Calculating       :  55.33%
Calculating       :  55.37%
Calculating       :  55.37%
Calculating       :  55.40%
Calculating       :  55.40%
Calculating       :  55.44%
Calculating       :  55.45%
Calculating       :  55.48%
Calculating       :  55.51%
Calculating       :  55.51%
Calculating       :  55.55%
Calculating       :  55.55%
Calculating       :  55.59%
Calculating       :  55.61%
Calculating       :  55.62%
Calculating       :  55.66%
Calculating       :  55.66%
Calculating       :  55.69%
Calculating       :  55.69%
Calculating       :  55.73%
Calculating       :  55.76%
Calculating       :  55.77%
Calculating       :  55.80%
Calculating       :  55.80%
Calculating       :  55.84%
Calculating       :  55.84%
Calculating       :  55.88%
Calculating       :  55.91%
Calculating       :  55.91%
Calculating       :  55.95%
Calculating       :  55.95%
Calculating       :  55.99%
Calculating       :  56.02%
Calculating       :  56.02%
Calculating       :  56.06%
Calculating       :  56.06%
Calculating       :  56.10%
Calculating       :  56.10%
Calculating       :  56.13%
Calculating       :  56.17%
Calculating       :  56.17%
Calculating       :  56.20%
Calculating       :  56.20%
Calculating       :  56.24%
Calculating       :  56.28%
Calculating       :  56.28%
Calculating       :  56.31%
Calculating       :  56.31%
Calculating       :  56.35%
Calculating       :  56.39%
Calculating       :  56.39%
Calculating       :  56.42%
Calculating       :  56.42%
Calculating       :  56.46%
Calculating       :  56.49%
Calculating       :  56.50%
Calculating       :  56.53%
Calculating       :  56.53%
Calculating       :  56.57%
Calculating       :  56.57%
Calculating       :  56.61%
Calculating       :  56.64%
Calculating       :  56.64%
Calculating       :  56.68%
Calculating       :  56.68%
Calculating       :  56.71%
Calculating       :  56.72%
Calculating       :  56.75%
Calculating       :  56.79%
Calculating       :  56.79%
Calculating       :  56.82%
Calculating       :  56.82%
Calculating       :  56.86%
Calculating       :  56.89%
Calculating       :  56.90%
Calculating       :  56.93%
Calculating       :  56.93%
Calculating       :  56.97%
Calculating       :  56.98%
Calculating       :  57.01%
Calculating       :  57.04%
Calculating       :  57.04%
Calculating       :  57.08%
Calculating       :  57.08%
Calculating       :  57.12%
Calculating       :  57.13%
Calculating       :  57.15%
Calculating       :  57.19%
Calculating       :  57.19%
Calculating       :  57.23%
Calculating       :  57.23%
Calculating       :  57.26%
Calculating       :  57.28%
Calculating       :  57.30%
Calculating       :  57.33%
Calculating       :  57.33%
Calculating       :  57.37%
Calculating       :  57.37%
Calculating       :  57.41%
Calculating       :  57.43%
Calculating       :  57.44%
Calculating       :  57.48%
Calculating       :  57.48%
Calculating       :  57.52%
Calculating       :  57.52%
Calculating       :  57.55%
Calculating       :  57.59%
Calculating       :  57.59%
Calculating       :  57.63%
Calculating       :  57.63%
Calculating       :  57.66%
Calculating       :  57.67%
Calculating       :  57.70%
Calculating       :  57.74%
Calculating       :  57.74%
Calculating       :  57.77%
Calculating       :  57.77%
Calculating       :  57.81%
Calculating       :  57.84%
Calculating       :  57.84%
Calculating       :  57.88%
Calculating       :  57.88%
Calculating       :  57.92%
Calculating       :  57.95%
Calculating       :  57.95%
Calculating       :  57.99%
Calculating       :  57.99%
Calculating       :  58.03%
Calculating       :  58.03%
Calculating       :  58.06%
Calculating       :  58.10%
Calculating       :  58.10%
Calculating       :  58.14%
Calculating       :  58.14%
Calculating       :  58.17%
Calculating       :  58.20%
Calculating       :  58.21%
Calculating       :  58.25%
Calculating       :  58.25%
Calculating       :  58.28%
Calculating       :  58.28%
Calculating       :  58.32%
Calculating       :  58.35%
Calculating       :  58.35%
Calculating       :  58.39%
Calculating       :  58.39%
Calculating       :  58.43%
Calculating       :  58.43%
Calculating       :  58.46%
Calculating       :  58.50%
Calculating       :  58.50%
Calculating       :  58.54%
Calculating       :  58.54%
Calculating       :  58.57%
Calculating       :  58.58%
Calculating       :  58.61%
Calculating       :  58.65%
Calculating       :  58.65%
Calculating       :  58.68%
Calculating       :  58.69%
Calculating       :  58.72%
Calculating       :  58.76%
Calculating       :  58.76%
Calculating       :  58.79%
Calculating       :  58.80%
Calculating       :  58.83%
Calculating       :  58.86%
Calculating       :  58.86%
Calculating       :  58.90%
Calculating       :  58.90%
Calculating       :  58.94%
Calculating       :  58.94%
Calculating       :  58.97%
Calculating       :  59.01%
Calculating       :  59.01%
Calculating       :  59.05%
Calculating       :  59.05%
Calculating       :  59.08%
Calculating       :  59.10%
Calculating       :  59.12%
Calculating       :  59.16%
Calculating       :  59.16%
Calculating       :  59.19%
Calculating       :  59.19%
Calculating       :  59.23%
Calculating       :  59.26%
Calculating       :  59.27%
Calculating       :  59.30%
Calculating       :  59.30%
Calculating       :  59.34%
Calculating       :  59.34%
Calculating       :  59.38%
Calculating       :  59.41%
Calculating       :  59.41%
Calculating       :  59.45%
Calculating       :  59.45%
Calculating       :  59.48%
Calculating       :  59.49%
Calculating       :  59.52%
Calculating       :  59.56%
Calculating       :  59.56%
Calculating       :  59.59%
Calculating       :  59.59%
Calculating       :  59.63%
Calculating       :  59.66%
Calculating       :  59.67%
Calculating       :  59.70%
Calculating       :  59.70%
Calculating       :  59.74%
Calculating       :  59.75%
Calculating       :  59.78%
Calculating       :  59.81%
Calculating       :  59.81%
Calculating       :  59.85%
Calculating       :  59.85%
Calculating       :  59.89%
Calculating       :  59.92%
Calculating       :  59.92%
Calculating       :  59.96%
Calculating       :  59.96%
Calculating       :  59.99%
Calculating       :  60.02%
Calculating       :  60.03%
Calculating       :  60.07%
Calculating       :  60.07%
Calculating       :  60.10%
Calculating       :  60.10%
Calculating       :  60.14%
Calculating       :  60.18%
Calculating       :  60.18%
Calculating       :  60.21%
Calculating       :  60.21%
Calculating       :  60.25%
Calculating       :  60.25%
Calculating       :  60.29%
Calculating       :  60.32%
Calculating       :  60.32%
Calculating       :  60.36%
Calculating       :  60.36%
Calculating       :  60.40%
Calculating       :  60.42%
Calculating       :  60.43%
Calculating       :  60.47%
Calculating       :  60.47%
Calculating       :  60.50%
Calculating       :  60.51%
Calculating       :  60.54%
Calculating       :  60.57%
Calculating       :  60.58%
Calculating       :  60.61%
Calculating       :  60.61%
Calculating       :  60.65%
Calculating       :  60.67%
Calculating       :  60.69%
Calculating       :  60.72%
Calculating       :  60.72%
Calculating       :  60.76%
Calculating       :  60.77%
Calculating       :  60.80%
Calculating       :  60.83%
Calculating       :  60.83%
Calculating       :  60.87%
Calculating       :  60.87%
Calculating       :  60.91%
Calculating       :  60.94%
Calculating       :  60.94%
Calculating       :  60.98%
Calculating       :  60.98%
Calculating       :  61.02%
Calculating       :  61.02%
Calculating       :  61.05%
Calculating       :  61.08%
Calculating       :  61.09%
Calculating       :  61.12%
Calculating       :  61.12%
Calculating       :  61.16%
Calculating       :  61.18%
Calculating       :  61.20%
Calculating       :  61.23%
Calculating       :  61.23%
Calculating       :  61.27%
Calculating       :  61.28%
Calculating       :  61.31%
Calculating       :  61.34%
Calculating       :  61.34%
Calculating       :  61.38%
Calculating       :  61.38%
Calculating       :  61.42%
Calculating       :  61.43%
Calculating       :  61.45%
Calculating       :  61.49%
Calculating       :  61.49%
Calculating       :  61.53%
Calculating       :  61.53%
Calculating       :  61.56%
Calculating       :  61.58%
Calculating       :  61.60%
Calculating       :  61.63%
Calculating       :  61.63%
Calculating       :  61.67%
Calculating       :  61.67%
Calculating       :  61.71%
Calculating       :  61.74%
Calculating       :  61.74%
Calculating       :  61.78%
Calculating       :  61.78%
Calculating       :  61.82%
Calculating       :  61.82%
Calculating       :  61.85%
Calculating       :  61.89%
Calculating       :  61.89%
Calculating       :  61.93%
Calculating       :  61.93%
Calculating       :  61.96%
Calculating       :  61.99%
Calculating       :  62.00%
Calculating       :  62.04%
Calculating       :  62.04%
Calculating       :  62.07%
Calculating       :  62.08%
Calculating       :  62.11%
Calculating       :  62.14%
Calculating       :  62.14%
Calculating       :  62.18%
Calculating       :  62.18%
Calculating       :  62.22%
Calculating       :  62.25%
Calculating       :  62.25%
Calculating       :  62.29%
Calculating       :  62.29%
Calculating       :  62.33%
Calculating       :  62.33%
Calculating       :  62.36%
Calculating       :  62.40%
Calculating       :  62.40%
Calculating       :  62.44%
Calculating       :  62.44%
Calculating       :  62.47%
Calculating       :  62.51%
Calculating       :  62.51%
Calculating       :  62.55%
Calculating       :  62.55%
Calculating       :  62.58%
Calculating       :  62.59%
Calculating       :  62.62%
Calculating       :  62.66%
Calculating       :  62.66%
Calculating       :  62.69%
Calculating       :  62.69%
Calculating       :  62.73%
Calculating       :  62.76%
Calculating       :  62.76%
Calculating       :  62.80%
Calculating       :  62.80%
Calculating       :  62.84%
Calculating       :  62.84%
Calculating       :  62.87%
Calculating       :  62.91%
Calculating       :  62.91%
Calculating       :  62.95%
Calculating       :  62.95%
Calculating       :  62.98%
Calculating       :  63.00%
Calculating       :  63.02%
Calculating       :  63.06%
Calculating       :  63.06%
Calculating       :  63.09%
Calculating       :  63.11%
Calculating       :  63.13%
Calculating       :  63.17%
Calculating       :  63.17%
Calculating       :  63.20%
Calculating       :  63.20%
Calculating       :  63.24%
Calculating       :  63.26%
Calculating       :  63.27%
Calculating       :  63.31%
Calculating       :  63.31%
Calculating       :  63.35%
Calculating       :  63.35%
Calculating       :  63.38%
Calculating       :  63.40%
Calculating       :  63.42%
Calculating       :  63.46%
Calculating       :  63.46%
Calculating       :  63.49%
Calculating       :  63.50%
Calculating       :  63.53%
Calculating       :  63.56%
Calculating       :  63.57%
Calculating       :  63.60%
Calculating       :  63.60%
Calculating       :  63.64%
Calculating       :  63.65%
Calculating       :  63.68%
Calculating       :  63.71%
Calculating       :  63.71%
Calculating       :  63.75%
Calculating       :  63.75%
Calculating       :  63.78%
Calculating       :  63.81%
Calculating       :  63.82%
Calculating       :  63.86%
Calculating       :  63.86%
Calculating       :  63.89%
Calculating       :  63.90%
Calculating       :  63.93%
Calculating       :  63.97%
Calculating       :  63.97%
Calculating       :  64.00%
Calculating       :  64.00%
Calculating       :  64.04%
Calculating       :  64.07%
Calculating       :  64.08%
Calculating       :  64.11%
Calculating       :  64.11%
Calculating       :  64.15%
Calculating       :  64.16%
Calculating       :  64.19%
Calculating       :  64.22%
Calculating       :  64.22%
Calculating       :  64.26%
Calculating       :  64.26%
Calculating       :  64.29%
Calculating       :  64.33%
Calculating       :  64.33%
Calculating       :  64.37%
Calculating       :  64.37%
Calculating       :  64.40%
Calculating       :  64.43%
Calculating       :  64.44%
Calculating       :  64.48%
Calculating       :  64.48%
Calculating       :  64.51%
Calculating       :  64.51%
Calculating       :  64.55%
Calculating       :  64.57%
Calculating       :  64.59%
Calculating       :  64.62%
Calculating       :  64.62%
Calculating       :  64.66%
Calculating       :  64.66%
Calculating       :  64.70%
Calculating       :  64.70%
Calculating       :  64.73%
Calculating       :  64.77%
Calculating       :  64.77%
Calculating       :  64.81%
Calculating       :  64.81%
Calculating       :  64.84%
Calculating       :  64.87%
Calculating       :  64.88%
Calculating       :  64.91%
Calculating       :  64.91%
Calculating       :  64.95%
Calculating       :  64.96%
Calculating       :  64.99%
Calculating       :  65.02%
Calculating       :  65.02%
Calculating       :  65.06%
Calculating       :  65.06%
Calculating       :  65.10%
Calculating       :  65.13%
Calculating       :  65.13%
Calculating       :  65.17%
Calculating       :  65.17%
Calculating       :  65.21%
Calculating       :  65.23%
Calculating       :  65.24%
Calculating       :  65.28%
Calculating       :  65.28%
Calculating       :  65.32%
Calculating       :  65.32%
Calculating       :  65.35%
Calculating       :  65.39%
Calculating       :  65.39%
Calculating       :  65.42%
Calculating       :  65.42%
Calculating       :  65.46%
Calculating       :  65.46%
Calculating       :  65.50%
Calculating       :  65.53%
Calculating       :  65.53%
Calculating       :  65.57%
Calculating       :  65.57%
Calculating       :  65.61%
Calculating       :  65.64%
Calculating       :  65.64%
Calculating       :  65.68%
Calculating       :  65.68%
Calculating       :  65.72%
Calculating       :  65.72%
Calculating       :  65.75%
Calculating       :  65.79%
Calculating       :  65.79%
Calculating       :  65.83%
Calculating       :  65.83%
Calculating       :  65.86%
Calculating       :  65.87%
Calculating       :  65.90%
Calculating       :  65.93%
Calculating       :  65.93%
Calculating       :  65.97%
Calculating       :  65.97%
Calculating       :  66.01%
Calculating       :  66.04%
Calculating       :  66.04%
Calculating       :  66.08%
Calculating       :  66.08%
Calculating       :  66.12%
Calculating       :  66.15%
Calculating       :  66.15%
Calculating       :  66.19%
Calculating       :  66.19%
Calculating       :  66.23%
Calculating       :  66.24%
Calculating       :  66.26%
Calculating       :  66.30%
Calculating       :  66.30%
Calculating       :  66.34%
Calculating       :  66.34%
Calculating       :  66.37%
Calculating       :  66.40%
Calculating       :  66.41%
Calculating       :  66.45%
Calculating       :  66.45%
Calculating       :  66.48%
Calculating       :  66.48%
Calculating       :  66.52%
Calculating       :  66.55%
Calculating       :  66.55%
Calculating       :  66.59%
Calculating       :  66.59%
Calculating       :  66.63%
Calculating       :  66.63%
Calculating       :  66.66%
Calculating       :  66.70%
Calculating       :  66.70%
Calculating       :  66.74%
Calculating       :  66.74%
Calculating       :  66.77%
Calculating       :  66.80%
Calculating       :  66.81%
Calculating       :  66.85%
Calculating       :  66.85%
Calculating       :  66.88%
Calculating       :  66.88%
Calculating       :  66.92%
Calculating       :  66.95%
Calculating       :  66.96%
Calculating       :  66.99%
Calculating       :  66.99%
Calculating       :  67.03%
Calculating       :  67.03%
Calculating       :  67.06%
Calculating       :  67.10%
Calculating       :  67.10%
Calculating       :  67.14%
Calculating       :  67.14%
Calculating       :  67.17%
Calculating       :  67.20%
Calculating       :  67.21%
Calculating       :  67.25%
Calculating       :  67.25%
Calculating       :  67.28%
Calculating       :  67.28%
Calculating       :  67.32%
Calculating       :  67.35%
Calculating       :  67.36%
Calculating       :  67.39%
Calculating       :  67.39%
Calculating       :  67.43%
Calculating       :  67.45%
Calculating       :  67.47%
Calculating       :  67.50%
Calculating       :  67.50%
Calculating       :  67.54%
Calculating       :  67.54%
Calculating       :  67.57%
Calculating       :  67.61%
Calculating       :  67.61%
Calculating       :  67.65%
Calculating       :  67.65%
Calculating       :  67.68%
Calculating       :  67.69%
Calculating       :  67.72%
Calculating       :  67.76%
Calculating       :  67.76%
Calculating       :  67.79%
Calculating       :  67.79%
Calculating       :  67.83%
Calculating       :  67.86%
Calculating       :  67.87%
Calculating       :  67.90%
Calculating       :  67.90%
Calculating       :  67.94%
Calculating       :  67.94%
Calculating       :  67.98%
Calculating       :  68.00%
Calculating       :  68.01%
Calculating       :  68.05%
Calculating       :  68.05%
Calculating       :  68.08%
Calculating       :  68.08%
Calculating       :  68.12%
Calculating       :  68.13%
Calculating       :  68.16%
Calculating       :  68.19%
Calculating       :  68.19%
Calculating       :  68.22%
Calculating       :  68.23%
Calculating       :  68.27%
Calculating       :  68.27%
Calculating       :  68.30%
Calculating       :  68.30%
Calculating       :  68.34%
Calculating       :  68.37%
Calculating       :  68.38%
Calculating       :  68.41%
Calculating       :  68.41%
Calculating       :  68.45%
Calculating       :  68.46%
Calculating       :  68.49%
Calculating       :  68.52%
Calculating       :  68.52%
Calculating       :  68.56%
Calculating       :  68.56%
Calculating       :  68.60%
Calculating       :  68.60%
Calculating       :  68.63%
Calculating       :  68.67%
Calculating       :  68.67%
Calculating       :  68.70%
Calculating       :  68.70%
Calculating       :  68.74%
Calculating       :  68.77%
Calculating       :  68.78%
Calculating       :  68.81%
Calculating       :  68.81%
Calculating       :  68.85%
Calculating       :  68.85%
Calculating       :  68.89%
Calculating       :  68.92%
Calculating       :  68.92%
Calculating       :  68.96%
Calculating       :  68.96%
Calculating       :  69.00%
Calculating       :  69.02%
Calculating       :  69.03%
Calculating       :  69.07%
Calculating       :  69.07%
Calculating       :  69.11%
Calculating       :  69.11%
Calculating       :  69.14%
Calculating       :  69.18%
Calculating       :  69.18%
Calculating       :  69.21%
Calculating       :  69.21%
Calculating       :  69.25%
Calculating       :  69.26%
Calculating       :  69.29%
Calculating       :  69.32%
Calculating       :  69.32%
Calculating       :  69.36%
Calculating       :  69.36%
Calculating       :  69.40%
Calculating       :  69.42%
Calculating       :  69.43%
Calculating       :  69.47%
Calculating       :  69.47%
Calculating       :  69.51%
Calculating       :  69.51%
Calculating       :  69.54%
Calculating       :  69.57%
Calculating       :  69.58%
Calculating       :  69.62%
Calculating       :  69.62%
Calculating       :  69.65%
Calculating       :  69.65%
Calculating       :  69.69%
Calculating       :  69.72%
Calculating       :  69.72%
Calculating       :  69.76%
Calculating       :  69.76%
Calculating       :  69.80%
Calculating       :  69.83%
Calculating       :  69.83%
Calculating       :  69.87%
Calculating       :  69.87%
Calculating       :  69.91%
Calculating       :  69.93%
Calculating       :  69.94%
Calculating       :  69.98%
Calculating       :  69.98%
Calculating       :  70.02%
Calculating       :  70.02%
Calculating       :  70.05%
Calculating       :  70.09%
Calculating       :  70.09%
Calculating       :  70.13%
Calculating       :  70.13%
Calculating       :  70.16%
Calculating       :  70.17%
Calculating       :  70.20%
Calculating       :  70.24%
Calculating       :  70.24%
Calculating       :  70.27%
Calculating       :  70.27%
Calculating       :  70.31%
Calculating       :  70.33%
Calculating       :  70.34%
Calculating       :  70.38%
Calculating       :  70.38%
Calculating       :  70.42%
Calculating       :  70.42%
Calculating       :  70.45%
Calculating       :  70.47%
Calculating       :  70.49%
Calculating       :  70.53%
Calculating       :  70.53%
Calculating       :  70.56%
Calculating       :  70.56%
Calculating       :  70.60%
Calculating       :  70.63%
Calculating       :  70.64%
Calculating       :  70.67%
Calculating       :  70.67%
Calculating       :  70.71%
Calculating       :  70.71%
Calculating       :  70.75%
Calculating       :  70.78%
Calculating       :  70.78%
Calculating       :  70.82%
Calculating       :  70.82%
Calculating       :  70.85%
Calculating       :  70.85%
Calculating       :  70.89%
Calculating       :  70.92%
Calculating       :  70.93%
Calculating       :  70.96%
Calculating       :  70.96%
Calculating       :  71.00%
Calculating       :  71.00%
Calculating       :  71.04%
Calculating       :  71.06%
Calculating       :  71.07%
Calculating       :  71.11%
Calculating       :  71.11%
Calculating       :  71.15%
Calculating       :  71.15%
Calculating       :  71.18%
Calculating       :  71.21%
Calculating       :  71.22%
Calculating       :  71.26%
Calculating       :  71.26%
Calculating       :  71.29%
Calculating       :  71.32%
Calculating       :  71.33%
Calculating       :  71.36%
Calculating       :  71.36%
Calculating       :  71.40%
Calculating       :  71.40%
Calculating       :  71.44%
Calculating       :  71.47%
Calculating       :  71.47%
Calculating       :  71.51%
Calculating       :  71.51%
Calculating       :  71.55%
Calculating       :  71.57%
Calculating       :  71.58%
Calculating       :  71.62%
Calculating       :  71.62%
Calculating       :  71.66%
Calculating       :  71.66%
Calculating       :  71.69%
Calculating       :  71.72%
Calculating       :  71.73%
Calculating       :  71.77%
Calculating       :  71.77%
Calculating       :  71.80%
Calculating       :  71.81%
Calculating       :  71.84%
Calculating       :  71.87%
Calculating       :  71.88%
Calculating       :  71.91%
Calculating       :  71.91%
Calculating       :  71.95%
Calculating       :  71.95%
Calculating       :  71.98%
Calculating       :  72.02%
Calculating       :  72.02%
Calculating       :  72.06%
Calculating       :  72.06%
Calculating       :  72.09%
Calculating       :  72.12%
Calculating       :  72.13%
Calculating       :  72.17%
Calculating       :  72.17%
Calculating       :  72.20%
Calculating       :  72.21%
Calculating       :  72.24%
Calculating       :  72.28%
Calculating       :  72.28%
Calculating       :  72.31%
Calculating       :  72.31%
Calculating       :  72.35%
Calculating       :  72.38%
Calculating       :  72.39%
Calculating       :  72.42%
Calculating       :  72.42%
Calculating       :  72.46%
Calculating       :  72.46%
Calculating       :  72.49%
Calculating       :  72.53%
Calculating       :  72.53%
Calculating       :  72.57%
Calculating       :  72.57%
Calculating       :  72.60%
Calculating       :  72.63%
Calculating       :  72.64%
Calculating       :  72.68%
Calculating       :  72.68%
Calculating       :  72.71%
Calculating       :  72.71%
Calculating       :  72.75%
Calculating       :  72.79%
Calculating       :  72.79%
Calculating       :  72.82%
Calculating       :  72.82%
Calculating       :  72.86%
Calculating       :  72.87%
Calculating       :  72.90%
Calculating       :  72.93%
Calculating       :  72.93%
Calculating       :  72.97%
Calculating       :  72.97%
Calculating       :  73.00%
Calculating       :  73.04%
Calculating       :  73.04%
Calculating       :  73.08%
Calculating       :  73.08%
Calculating       :  73.11%
Calculating       :  73.12%
Calculating       :  73.15%
Calculating       :  73.19%
Calculating       :  73.19%
Calculating       :  73.22%
Calculating       :  73.22%
Calculating       :  73.26%
Calculating       :  73.27%
Calculating       :  73.30%
Calculating       :  73.33%
Calculating       :  73.33%
Calculating       :  73.37%
Calculating       :  73.37%
Calculating       :  73.41%
Calculating       :  73.43%
Calculating       :  73.44%
Calculating       :  73.48%
Calculating       :  73.48%
Calculating       :  73.51%
Calculating       :  73.52%
Calculating       :  73.55%
Calculating       :  73.59%
Calculating       :  73.59%
Calculating       :  73.62%
Calculating       :  73.62%
Calculating       :  73.66%
Calculating       :  73.68%
Calculating       :  73.70%
Calculating       :  73.73%
Calculating       :  73.73%
Calculating       :  73.77%
Calculating       :  73.78%
Calculating       :  73.81%
Calculating       :  73.84%
Calculating       :  73.84%
Calculating       :  73.88%
Calculating       :  73.88%
Calculating       :  73.92%
Calculating       :  73.92%
Calculating       :  73.95%
Calculating       :  73.99%
Calculating       :  73.99%
Calculating       :  74.03%
Calculating       :  74.03%
Calculating       :  74.06%
Calculating       :  74.07%
Calculating       :  74.10%
Calculating       :  74.13%
Calculating       :  74.13%
Calculating       :  74.17%
Calculating       :  74.17%
Calculating       :  74.21%
Calculating       :  74.23%
Calculating       :  74.24%
Calculating       :  74.28%
Calculating       :  74.28%
Calculating       :  74.32%
Calculating       :  74.32%
Calculating       :  74.35%
Calculating       :  74.39%
Calculating       :  74.39%
Calculating       :  74.43%
Calculating       :  74.43%
Calculating       :  74.46%
Calculating       :  74.47%
Calculating       :  74.50%
Calculating       :  74.54%
Calculating       :  74.54%
Calculating       :  74.57%
Calculating       :  74.57%
Calculating       :  74.61%
Calculating       :  74.64%
Calculating       :  74.64%
Calculating       :  74.68%
Calculating       :  74.68%
Calculating       :  74.72%
Calculating       :  74.72%
Calculating       :  74.75%
Calculating       :  74.79%
Calculating       :  74.79%
Calculating       :  74.83%
Calculating       :  74.83%
Calculating       :  74.86%
Calculating       :  74.90%
Calculating       :  74.90%
Calculating       :  74.94%
Calculating       :  74.94%
Calculating       :  74.97%
Calculating       :  75.01%
Calculating       :  75.01%
Calculating       :  75.05%
Calculating       :  75.05%
Calculating       :  75.08%
Calculating       :  75.12%
Calculating       :  75.12%
Calculating       :  75.15%
Calculating       :  75.15%
Calculating       :  75.19%
Calculating       :  75.19%
Calculating       :  75.23%
Calculating       :  75.26%
Calculating       :  75.26%
Calculating       :  75.30%
Calculating       :  75.30%
Calculating       :  75.34%
Calculating       :  75.37%
Calculating       :  75.37%
Calculating       :  75.41%
Calculating       :  75.41%
Calculating       :  75.45%
Calculating       :  75.47%
Calculating       :  75.48%
Calculating       :  75.52%
Calculating       :  75.52%
Calculating       :  75.56%
Calculating       :  75.56%
Calculating       :  75.59%
Calculating       :  75.62%
Calculating       :  75.63%
Calculating       :  75.67%
Calculating       :  75.67%
Calculating       :  75.70%
Calculating       :  75.70%
Calculating       :  75.74%
Calculating       :  75.77%
Calculating       :  75.77%
Calculating       :  75.81%
Calculating       :  75.81%
Calculating       :  75.85%
Calculating       :  75.85%
Calculating       :  75.88%
Calculating       :  75.92%
Calculating       :  75.92%
Calculating       :  75.96%
Calculating       :  75.96%
Calculating       :  75.99%
Calculating       :  76.01%
Calculating       :  76.03%
Calculating       :  76.07%
Calculating       :  76.07%
Calculating       :  76.10%
Calculating       :  76.10%
Calculating       :  76.14%
Calculating       :  76.17%
Calculating       :  76.18%
Calculating       :  76.21%
Calculating       :  76.21%
Calculating       :  76.25%
Calculating       :  76.27%
Calculating       :  76.28%
Calculating       :  76.32%
Calculating       :  76.32%
Calculating       :  76.36%
Calculating       :  76.36%
Calculating       :  76.39%
Calculating       :  76.43%
Calculating       :  76.43%
Calculating       :  76.47%
Calculating       :  76.47%
Calculating       :  76.50%
Calculating       :  76.51%
Calculating       :  76.54%
Calculating       :  76.58%
Calculating       :  76.58%
Calculating       :  76.61%
Calculating       :  76.61%
Calculating       :  76.65%
Calculating       :  76.68%
Calculating       :  76.69%
Calculating       :  76.72%
Calculating       :  76.72%
Calculating       :  76.76%
Calculating       :  76.76%
Calculating       :  76.79%
Calculating       :  76.83%
Calculating       :  76.83%
Calculating       :  76.87%
Calculating       :  76.87%
Calculating       :  76.90%
Calculating       :  76.91%
Calculating       :  76.94%
Calculating       :  76.97%
Calculating       :  76.98%
Calculating       :  77.01%
Calculating       :  77.01%
Calculating       :  77.05%
Calculating       :  77.05%
Calculating       :  77.09%
Calculating       :  77.12%
Calculating       :  77.12%
Calculating       :  77.16%
Calculating       :  77.16%
Calculating       :  77.20%
Calculating       :  77.20%
Calculating       :  77.23%
Calculating       :  77.27%
Calculating       :  77.27%
Calculating       :  77.30%
Calculating       :  77.30%
Calculating       :  77.34%
Calculating       :  77.37%
Calculating       :  77.38%
Calculating       :  77.41%
Calculating       :  77.41%
Calculating       :  77.45%
Calculating       :  77.46%
Calculating       :  77.49%
Calculating       :  77.52%
Calculating       :  77.52%
Calculating       :  77.56%
Calculating       :  77.56%
Calculating       :  77.60%
Calculating       :  77.63%
Calculating       :  77.63%
Calculating       :  77.67%
Calculating       :  77.67%
Calculating       :  77.71%
Calculating       :  77.74%
Calculating       :  77.74%
Calculating       :  77.78%
Calculating       :  77.78%
Calculating       :  77.82%
Calculating       :  77.82%
Calculating       :  77.85%
Calculating       :  77.89%
Calculating       :  77.89%
Calculating       :  77.92%
Calculating       :  77.92%
Calculating       :  77.96%
Calculating       :  77.99%
Calculating       :  78.00%
Calculating       :  78.03%
Calculating       :  78.03%
Calculating       :  78.07%
Calculating       :  78.07%
Calculating       :  78.11%
Calculating       :  78.14%
Calculating       :  78.14%
Calculating       :  78.18%
Calculating       :  78.18%
Calculating       :  78.22%
Calculating       :  78.24%
Calculating       :  78.25%
Calculating       :  78.29%
Calculating       :  78.29%
Calculating       :  78.33%
Calculating       :  78.33%
Calculating       :  78.36%
Calculating       :  78.40%
Calculating       :  78.40%
Calculating       :  78.43%
Calculating       :  78.43%
Calculating       :  78.47%
Calculating       :  78.50%
Calculating       :  78.51%
Calculating       :  78.54%
Calculating       :  78.54%
Calculating       :  78.58%
Calculating       :  78.58%
Calculating       :  78.62%
Calculating       :  78.64%
Calculating       :  78.65%
Calculating       :  78.69%
Calculating       :  78.69%
Calculating       :  78.73%
Calculating       :  78.73%
Calculating       :  78.76%
Calculating       :  78.80%
Calculating       :  78.80%
Calculating       :  78.84%
Calculating       :  78.84%
Calculating       :  78.87%
Calculating       :  78.91%
Calculating       :  78.91%
Calculating       :  78.94%
Calculating       :  78.94%
Calculating       :  78.98%
Calculating       :  79.00%
Calculating       :  79.02%
Calculating       :  79.05%
Calculating       :  79.05%
Calculating       :  79.09%
Calculating       :  79.10%
Calculating       :  79.13%
Calculating       :  79.16%
Calculating       :  79.16%
Calculating       :  79.20%
Calculating       :  79.20%
Calculating       :  79.24%
Calculating       :  79.24%
Calculating       :  79.27%
Calculating       :  79.31%
Calculating       :  79.31%
Calculating       :  79.35%
Calculating       :  79.35%
Calculating       :  79.38%
Calculating       :  79.42%
Calculating       :  79.42%
Calculating       :  79.46%
Calculating       :  79.46%
Calculating       :  79.49%
Calculating       :  79.51%
Calculating       :  79.53%
Calculating       :  79.56%
Calculating       :  79.56%
Calculating       :  79.60%
Calculating       :  79.60%
Calculating       :  79.64%
Calculating       :  79.66%
Calculating       :  79.67%
Calculating       :  79.71%
Calculating       :  79.71%
Calculating       :  79.75%
Calculating       :  79.75%
Calculating       :  79.78%
Calculating       :  79.80%
Calculating       :  79.82%
Calculating       :  79.86%
Calculating       :  79.86%
Calculating       :  79.89%
Calculating       :  79.91%
Calculating       :  79.93%
Calculating       :  79.97%
Calculating       :  79.97%
Calculating       :  80.00%
Calculating       :  80.00%
Calculating       :  80.04%
Calculating       :  80.06%
Calculating       :  80.07%
Calculating       :  80.11%
Calculating       :  80.11%
Calculating       :  80.15%
Calculating       :  80.15%
Calculating       :  80.18%
Calculating       :  80.22%
Calculating       :  80.22%
Calculating       :  80.26%
Calculating       :  80.26%
Calculating       :  80.29%
Calculating       :  80.29%
Calculating       :  80.33%
Calculating       :  80.37%
Calculating       :  80.37%
Calculating       :  80.40%
Calculating       :  80.40%
Calculating       :  80.44%
Calculating       :  80.47%
Calculating       :  80.48%
Calculating       :  80.51%
Calculating       :  80.51%
Calculating       :  80.55%
Calculating       :  80.55%
Calculating       :  80.58%
Calculating       :  80.61%
Calculating       :  80.62%
Calculating       :  80.66%
Calculating       :  80.66%
Calculating       :  80.69%
Calculating       :  80.69%
Calculating       :  80.73%
Calculating       :  80.76%
Calculating       :  80.77%
Calculating       :  80.80%
Calculating       :  80.80%
Calculating       :  80.84%
Calculating       :  80.84%
Calculating       :  80.88%
Calculating       :  80.91%
Calculating       :  80.91%
Calculating       :  80.95%
Calculating       :  80.95%
Calculating       :  80.99%
Calculating       :  80.99%
Calculating       :  81.02%
Calculating       :  81.06%
Calculating       :  81.06%
Calculating       :  81.09%
Calculating       :  81.09%
Calculating       :  81.13%
Calculating       :  81.16%
Calculating       :  81.17%
Calculating       :  81.20%
Calculating       :  81.20%
Calculating       :  81.24%
Calculating       :  81.27%
Calculating       :  81.28%
Calculating       :  81.31%
Calculating       :  81.31%
Calculating       :  81.35%
Calculating       :  81.36%
Calculating       :  81.39%
Calculating       :  81.42%
Calculating       :  81.42%
Calculating       :  81.46%
Calculating       :  81.46%
Calculating       :  81.50%
Calculating       :  81.52%
Calculating       :  81.53%
Calculating       :  81.57%
Calculating       :  81.57%
Calculating       :  81.61%
Calculating       :  81.61%
Calculating       :  81.64%
Calculating       :  81.67%
Calculating       :  81.68%
Calculating       :  81.71%
Calculating       :  81.71%
Calculating       :  81.75%
Calculating       :  81.76%
Calculating       :  81.79%
Calculating       :  81.82%
Calculating       :  81.82%
Calculating       :  81.86%
Calculating       :  81.86%
Calculating       :  81.90%
Calculating       :  81.92%
Calculating       :  81.93%
Calculating       :  81.97%
Calculating       :  81.97%
Calculating       :  82.01%
Calculating       :  82.01%
Calculating       :  82.04%
Calculating       :  82.07%
Calculating       :  82.08%
Calculating       :  82.12%
Calculating       :  82.12%
Calculating       :  82.15%
Calculating       :  82.15%
Calculating       :  82.19%
Calculating       :  82.22%
Calculating       :  82.22%
Calculating       :  82.26%
Calculating       :  82.26%
Calculating       :  82.30%
Calculating       :  82.33%
Calculating       :  82.33%
Calculating       :  82.37%
Calculating       :  82.37%
Calculating       :  82.41%
Calculating       :  82.42%
Calculating       :  82.44%
Calculating       :  82.48%
Calculating       :  82.48%
Calculating       :  82.52%
Calculating       :  82.52%
Calculating       :  82.55%
Calculating       :  82.58%
Calculating       :  82.59%
Calculating       :  82.63%
Calculating       :  82.63%
Calculating       :  82.66%
Calculating       :  82.68%
Calculating       :  82.70%
Calculating       :  82.73%
Calculating       :  82.73%
Calculating       :  82.77%
Calculating       :  82.78%
Calculating       :  82.81%
Calculating       :  82.84%
Calculating       :  82.84%
Calculating       :  82.88%
Calculating       :  82.88%
Calculating       :  82.92%
Calculating       :  82.95%
Calculating       :  82.95%
Calculating       :  82.99%
Calculating       :  82.99%
Calculating       :  83.03%
Calculating       :  83.03%
Calculating       :  83.06%
Calculating       :  83.09%
Calculating       :  83.10%
Calculating       :  83.14%
Calculating       :  83.14%
Calculating       :  83.17%
Calculating       :  83.18%
Calculating       :  83.21%
Calculating       :  83.25%
Calculating       :  83.25%
Calculating       :  83.28%
Calculating       :  83.29%
Calculating       :  83.32%
Calculating       :  83.35%
Calculating       :  83.35%
Calculating       :  83.39%
Calculating       :  83.39%
Calculating       :  83.43%
Calculating       :  83.46%
Calculating       :  83.46%
Calculating       :  83.50%
Calculating       :  83.50%
Calculating       :  83.54%
Calculating       :  83.54%
Calculating       :  83.57%
Calculating       :  83.60%
Calculating       :  83.61%
Calculating       :  83.65%
Calculating       :  83.65%
Calculating       :  83.68%
Calculating       :  83.68%
Calculating       :  83.72%
Calculating       :  83.75%
Calculating       :  83.76%
Calculating       :  83.79%
Calculating       :  83.79%
Calculating       :  83.83%
Calculating       :  83.84%
Calculating       :  83.86%
Calculating       :  83.90%
Calculating       :  83.90%
Calculating       :  83.94%
Calculating       :  83.94%
Calculating       :  83.97%
Calculating       :  84.00%
Calculating       :  84.01%
Calculating       :  84.05%
Calculating       :  84.05%
Calculating       :  84.08%
Calculating       :  84.08%
Calculating       :  84.12%
Calculating       :  84.15%
Calculating       :  84.16%
Calculating       :  84.19%
Calculating       :  84.19%
Calculating       :  84.23%
Calculating       :  84.24%
Calculating       :  84.27%
Calculating       :  84.30%
Calculating       :  84.30%
Calculating       :  84.34%
Calculating       :  84.34%
Calculating       :  84.37%
Calculating       :  84.40%
Calculating       :  84.41%
Calculating       :  84.45%
Calculating       :  84.45%
Calculating       :  84.48%
Calculating       :  84.48%
Calculating       :  84.52%
Calculating       :  84.55%
Calculating       :  84.56%
Calculating       :  84.59%
Calculating       :  84.59%
Calculating       :  84.63%
Calculating       :  84.64%
Calculating       :  84.67%
Calculating       :  84.70%
Calculating       :  84.70%
Calculating       :  84.74%
Calculating       :  84.74%
Calculating       :  84.78%
Calculating       :  84.81%
Calculating       :  84.81%
Calculating       :  84.85%
Calculating       :  84.85%
Calculating       :  84.89%
Calculating       :  84.91%
Calculating       :  84.92%
Calculating       :  84.96%
Calculating       :  84.96%
Calculating       :  84.99%
Calculating       :  85.00%
Calculating       :  85.03%
Calculating       :  85.07%
Calculating       :  85.07%
Calculating       :  85.10%
Calculating       :  85.10%
Calculating       :  85.14%
Calculating       :  85.15%
Calculating       :  85.18%
Calculating       :  85.21%
Calculating       :  85.21%
Calculating       :  85.25%
Calculating       :  85.25%
Calculating       :  85.29%
Calculating       :  85.31%
Calculating       :  85.32%
Calculating       :  85.36%
Calculating       :  85.36%
Calculating       :  85.40%
Calculating       :  85.40%
Calculating       :  85.43%
Calculating       :  85.47%
Calculating       :  85.47%
Calculating       :  85.50%
Calculating       :  85.50%
Calculating       :  85.54%
Calculating       :  85.55%
Calculating       :  85.58%
Calculating       :  85.61%
Calculating       :  85.61%
Calculating       :  85.65%
Calculating       :  85.65%
Calculating       :  85.69%
Calculating       :  85.72%
Calculating       :  85.72%
Calculating       :  85.76%
Calculating       :  85.76%
Calculating       :  85.80%
Calculating       :  85.83%
Calculating       :  85.83%
Calculating       :  85.87%
Calculating       :  85.87%
Calculating       :  85.91%
Calculating       :  85.91%
Calculating       :  85.94%
Calculating       :  85.97%
Calculating       :  85.98%
Calculating       :  86.01%
Calculating       :  86.01%
Calculating       :  86.05%
Calculating       :  86.05%
Calculating       :  86.09%
Calculating       :  86.12%
Calculating       :  86.12%
Calculating       :  86.16%
Calculating       :  86.16%
Calculating       :  86.20%
Calculating       :  86.20%
Calculating       :  86.23%
Calculating       :  86.27%
Calculating       :  86.27%
Calculating       :  86.31%
Calculating       :  86.31%
Calculating       :  86.34%
Calculating       :  86.36%
Calculating       :  86.38%
Calculating       :  86.42%
Calculating       :  86.42%
Calculating       :  86.45%
Calculating       :  86.45%
Calculating       :  86.49%
Calculating       :  86.52%
Calculating       :  86.52%
Calculating       :  86.56%
Calculating       :  86.56%
Calculating       :  86.60%
Calculating       :  86.60%
Calculating       :  86.63%
Calculating       :  86.67%
Calculating       :  86.67%
Calculating       :  86.71%
Calculating       :  86.71%
Calculating       :  86.74%
Calculating       :  86.76%
Calculating       :  86.78%
Calculating       :  86.82%
Calculating       :  86.82%
Calculating       :  86.85%
Calculating       :  86.86%
Calculating       :  86.89%
Calculating       :  86.92%
Calculating       :  86.93%
Calculating       :  86.96%
Calculating       :  86.96%
Calculating       :  87.00%
Calculating       :  87.00%
Calculating       :  87.04%
Calculating       :  87.07%
Calculating       :  87.07%
Calculating       :  87.11%
Calculating       :  87.11%
Calculating       :  87.14%
Calculating       :  87.18%
Calculating       :  87.18%
Calculating       :  87.22%
Calculating       :  87.22%
Calculating       :  87.25%
Calculating       :  87.28%
Calculating       :  87.29%
Calculating       :  87.33%
Calculating       :  87.33%
Calculating       :  87.36%
Calculating       :  87.37%
Calculating       :  87.40%
Calculating       :  87.44%
Calculating       :  87.44%
Calculating       :  87.47%
Calculating       :  87.47%
Calculating       :  87.51%
Calculating       :  87.55%
Calculating       :  87.55%
Calculating       :  87.58%
Calculating       :  87.58%
Calculating       :  87.62%
Calculating       :  87.65%
Calculating       :  87.65%
Calculating       :  87.69%
Calculating       :  87.69%
Calculating       :  87.73%
Calculating       :  87.75%
Calculating       :  87.76%
Calculating       :  87.80%
Calculating       :  87.80%
Calculating       :  87.84%
Calculating       :  87.84%
Calculating       :  87.87%
Calculating       :  87.89%
Calculating       :  87.91%
Calculating       :  87.95%
Calculating       :  87.95%
Calculating       :  87.98%
Calculating       :  87.98%
Calculating       :  88.02%
Calculating       :  88.04%
Calculating       :  88.06%
Calculating       :  88.09%
Calculating       :  88.09%
Calculating       :  88.13%
Calculating       :  88.13%
Calculating       :  88.16%
Calculating       :  88.20%
Calculating       :  88.20%
Calculating       :  88.24%
Calculating       :  88.24%
Calculating       :  88.27%
Calculating       :  88.31%
Calculating       :  88.31%
Calculating       :  88.35%
Calculating       :  88.35%
Calculating       :  88.38%
Calculating       :  88.38%
Calculating       :  88.42%
Calculating       :  88.46%
Calculating       :  88.46%
Calculating       :  88.49%
Calculating       :  88.49%
Calculating       :  88.53%
Calculating       :  88.54%
Calculating       :  88.57%
Calculating       :  88.60%
Calculating       :  88.60%
Calculating       :  88.64%
Calculating       :  88.64%
Calculating       :  88.68%
Calculating       :  88.71%
Calculating       :  88.71%
Calculating       :  88.75%
Calculating       :  88.75%
Calculating       :  88.78%
Calculating       :  88.81%
Calculating       :  88.82%
Calculating       :  88.86%
Calculating       :  88.86%
Calculating       :  88.89%
Calculating       :  88.90%
Calculating       :  88.93%
Calculating       :  88.97%
Calculating       :  88.97%
Calculating       :  89.00%
Calculating       :  89.00%
Calculating       :  89.04%
Calculating       :  89.07%
Calculating       :  89.08%
Calculating       :  89.11%
Calculating       :  89.11%
Calculating       :  89.15%
Calculating       :  89.17%
Calculating       :  89.19%
Calculating       :  89.22%
Calculating       :  89.22%
Calculating       :  89.26%
Calculating       :  89.26%
Calculating       :  89.29%
Calculating       :  89.30%
Calculating       :  89.33%
Calculating       :  89.37%
Calculating       :  89.37%
Calculating       :  89.40%
Calculating       :  89.40%
Calculating       :  89.44%
Calculating       :  89.44%
Calculating       :  89.48%
Calculating       :  89.51%
Calculating       :  89.51%
Calculating       :  89.55%
Calculating       :  89.55%
Calculating       :  89.59%
Calculating       :  89.59%
Calculating       :  89.62%
Calculating       :  89.66%
Calculating       :  89.66%
Calculating       :  89.70%
Calculating       :  89.70%
Calculating       :  89.73%
Calculating       :  89.76%
Calculating       :  89.77%
Calculating       :  89.80%
Calculating       :  89.80%
Calculating       :  89.84%
Calculating       :  89.84%
Calculating       :  89.88%
Calculating       :  89.91%
Calculating       :  89.91%
Calculating       :  89.95%
Calculating       :  89.95%
Calculating       :  89.99%
Calculating       :  89.99%
Calculating       :  90.02%
Calculating       :  90.06%
Calculating       :  90.06%
Calculating       :  90.10%
Calculating       :  90.10%
Calculating       :  90.13%
Calculating       :  90.16%
Calculating       :  90.17%
Calculating       :  90.21%
Calculating       :  90.21%
Calculating       :  90.24%
Calculating       :  90.24%
Calculating       :  90.28%
Calculating       :  90.31%
Calculating       :  90.31%
Calculating       :  90.35%
Calculating       :  90.35%
Calculating       :  90.39%
Calculating       :  90.41%
Calculating       :  90.42%
Calculating       :  90.46%
Calculating       :  90.46%
Calculating       :  90.50%
Calculating       :  90.50%
Calculating       :  90.53%
Calculating       :  90.55%
Calculating       :  90.57%
Calculating       :  90.61%
Calculating       :  90.61%
Calculating       :  90.64%
Calculating       :  90.64%
Calculating       :  90.68%
Calculating       :  90.72%
Calculating       :  90.72%
Calculating       :  90.75%
Calculating       :  90.75%
Calculating       :  90.79%
Calculating       :  90.79%
Calculating       :  90.83%
Calculating       :  90.86%
Calculating       :  90.86%
Calculating       :  90.90%
Calculating       :  90.90%
Calculating       :  90.93%
Calculating       :  90.94%
Calculating       :  90.97%
Calculating       :  91.01%
Calculating       :  91.01%
Calculating       :  91.04%
Calculating       :  91.04%
Calculating       :  91.08%
Calculating       :  91.11%
Calculating       :  91.12%
Calculating       :  91.15%
Calculating       :  91.15%
Calculating       :  91.19%
Calculating       :  91.20%
Calculating       :  91.23%
Calculating       :  91.26%
Calculating       :  91.26%
Calculating       :  91.30%
Calculating       :  91.30%
Calculating       :  91.34%
Calculating       :  91.34%
Calculating       :  91.37%
Calculating       :  91.41%
Calculating       :  91.41%
Calculating       :  91.44%
Calculating       :  91.44%
Calculating       :  91.48%
Calculating       :  91.50%
Calculating       :  91.52%
Calculating       :  91.55%
Calculating       :  91.55%
Calculating       :  91.59%
Calculating       :  91.59%
Calculating       :  91.63%
Calculating       :  91.66%
Calculating       :  91.66%
Calculating       :  91.70%
Calculating       :  91.70%
Calculating       :  91.74%
Calculating       :  91.77%
Calculating       :  91.77%
Calculating       :  91.81%
Calculating       :  91.81%
Calculating       :  91.85%
Calculating       :  91.85%
Calculating       :  91.88%
Calculating       :  91.92%
Calculating       :  91.92%
Calculating       :  91.95%
Calculating       :  91.95%
Calculating       :  91.99%
Calculating       :  92.01%
Calculating       :  92.03%
Calculating       :  92.06%
Calculating       :  92.06%
Calculating       :  92.10%
Calculating       :  92.10%
Calculating       :  92.14%
Calculating       :  92.17%
Calculating       :  92.17%
Calculating       :  92.21%
Calculating       :  92.21%
Calculating       :  92.25%
Calculating       :  92.25%
Calculating       :  92.28%
Calculating       :  92.32%
Calculating       :  92.32%
Calculating       :  92.36%
Calculating       :  92.36%
Calculating       :  92.39%
Calculating       :  92.41%
Calculating       :  92.43%
Calculating       :  92.47%
Calculating       :  92.47%
Calculating       :  92.50%
Calculating       :  92.50%
Calculating       :  92.54%
Calculating       :  92.57%
Calculating       :  92.57%
Calculating       :  92.61%
Calculating       :  92.61%
Calculating       :  92.65%
Calculating       :  92.65%
Calculating       :  92.68%
Calculating       :  92.72%
Calculating       :  92.72%
Calculating       :  92.76%
Calculating       :  92.76%
Calculating       :  92.79%
Calculating       :  92.80%
Calculating       :  92.83%
Calculating       :  92.87%
Calculating       :  92.87%
Calculating       :  92.90%
Calculating       :  92.90%
Calculating       :  92.94%
Calculating       :  92.97%
Calculating       :  92.98%
Calculating       :  93.01%
Calculating       :  93.01%
Calculating       :  93.05%
Calculating       :  93.05%
Calculating       :  93.08%
Calculating       :  93.09%
Calculating       :  93.12%
Calculating       :  93.14%
Calculating       :  93.16%
Calculating       :  93.19%
Calculating       :  93.19%
Calculating       :  93.23%
Calculating       :  93.23%
Calculating       :  93.27%
Calculating       :  93.27%
Calculating       :  93.30%
Calculating       :  93.33%
Calculating       :  93.34%
Calculating       :  93.36%
Calculating       :  93.38%
Calculating       :  93.41%
Calculating       :  93.41%
Calculating       :  93.45%
Calculating       :  93.46%
Calculating       :  93.49%
Calculating       :  93.52%
Calculating       :  93.52%
Calculating       :  93.56%
Calculating       :  93.56%
Calculating       :  93.59%
Calculating       :  93.63%
Calculating       :  93.63%
Calculating       :  93.67%
Calculating       :  93.67%
Calculating       :  93.70%
Calculating       :  93.73%
Calculating       :  93.74%
Calculating       :  93.78%
Calculating       :  93.78%
Calculating       :  93.81%
Calculating       :  93.82%
Calculating       :  93.85%
Calculating       :  93.89%
Calculating       :  93.89%
Calculating       :  93.92%
Calculating       :  93.92%
Calculating       :  93.96%
Calculating       :  93.99%
Calculating       :  94.00%
Calculating       :  94.03%
Calculating       :  94.03%
Calculating       :  94.07%
Calculating       :  94.07%
Calculating       :  94.10%
Calculating       :  94.14%
Calculating       :  94.14%
Calculating       :  94.18%
Calculating       :  94.18%
Calculating       :  94.21%
Calculating       :  94.22%
Calculating       :  94.25%
Calculating       :  94.29%
Calculating       :  94.29%
Calculating       :  94.32%
Calculating       :  94.32%
Calculating       :  94.36%
Calculating       :  94.39%
Calculating       :  94.40%
Calculating       :  94.43%
Calculating       :  94.43%
Calculating       :  94.47%
Calculating       :  94.47%
Calculating       :  94.51%
Calculating       :  94.51%
Calculating       :  94.54%
Calculating       :  94.57%
Calculating       :  94.58%
Calculating       :  94.62%
Calculating       :  94.62%
Calculating       :  94.65%
Calculating       :  94.65%
Calculating       :  94.69%
Calculating       :  94.72%
Calculating       :  94.72%
Calculating       :  94.76%
Calculating       :  94.76%
Calculating       :  94.80%
Calculating       :  94.80%
Calculating       :  94.83%
Calculating       :  94.87%
Calculating       :  94.87%
Calculating       :  94.91%
Calculating       :  94.91%
Calculating       :  94.94%
Calculating       :  94.97%
Calculating       :  94.98%
Calculating       :  95.02%
Calculating       :  95.02%
Calculating       :  95.05%
Calculating       :  95.06%
Calculating       :  95.09%
Calculating       :  95.13%
Calculating       :  95.13%
Calculating       :  95.16%
Calculating       :  95.16%
Calculating       :  95.20%
Calculating       :  95.22%
Calculating       :  95.23%
Calculating       :  95.27%
Calculating       :  95.27%
Calculating       :  95.31%
Calculating       :  95.31%
Calculating       :  95.34%
Calculating       :  95.37%
Calculating       :  95.38%
Calculating       :  95.42%
Calculating       :  95.42%
Calculating       :  95.45%
Calculating       :  95.46%
Calculating       :  95.49%
Calculating       :  95.53%
Calculating       :  95.53%
Calculating       :  95.56%
Calculating       :  95.56%
Calculating       :  95.60%
Calculating       :  95.62%
Calculating       :  95.64%
Calculating       :  95.67%
Calculating       :  95.67%
Calculating       :  95.71%
Calculating       :  95.71%
Calculating       :  95.74%
Calculating       :  95.78%
Calculating       :  95.78%
Calculating       :  95.82%
Calculating       :  95.82%
Calculating       :  95.85%
Calculating       :  95.88%
Calculating       :  95.89%
Calculating       :  95.93%
Calculating       :  95.93%
Calculating       :  95.96%
Calculating       :  95.96%
Calculating       :  96.00%
Calculating       :  96.04%
Calculating       :  96.04%
Calculating       :  96.07%
Calculating       :  96.07%
Calculating       :  96.11%
Calculating       :  96.13%
Calculating       :  96.15%
Calculating       :  96.18%
Calculating       :  96.18%
Calculating       :  96.22%
Calculating       :  96.22%
Calculating       :  96.26%
Calculating       :  96.29%
Calculating       :  96.29%
Calculating       :  96.33%
Calculating       :  96.33%
Calculating       :  96.36%
Calculating       :  96.39%
Calculating       :  96.40%
Calculating       :  96.44%
Calculating       :  96.44%
Calculating       :  96.47%
Calculating       :  96.48%
Calculating       :  96.51%
Calculating       :  96.55%
Calculating       :  96.55%
Calculating       :  96.58%
Calculating       :  96.58%
Calculating       :  96.62%
Calculating       :  96.64%
Calculating       :  96.66%
Calculating       :  96.69%
Calculating       :  96.69%
Calculating       :  96.73%
Calculating       :  96.73%
Calculating       :  96.77%
Calculating       :  96.80%
Calculating       :  96.80%
Calculating       :  96.84%
Calculating       :  96.84%
Calculating       :  96.87%
Calculating       :  96.88%
Calculating       :  96.91%
Calculating       :  96.95%
Calculating       :  96.95%
Calculating       :  96.98%
Calculating       :  96.98%
Calculating       :  97.02%
Calculating       :  97.03%
Calculating       :  97.06%
Calculating       :  97.09%
Calculating       :  97.09%
Calculating       :  97.13%
Calculating       :  97.13%
Calculating       :  97.17%
Calculating       :  97.20%
Calculating       :  97.20%
Calculating       :  97.24%
Calculating       :  97.24%
Calculating       :  97.28%
Calculating       :  97.28%
Calculating       :  97.31%
Calculating       :  97.35%
Calculating       :  97.35%
Calculating       :  97.38%
Calculating       :  97.38%
Calculating       :  97.42%
Calculating       :  97.43%
Calculating       :  97.46%
Calculating       :  97.49%
Calculating       :  97.49%
Calculating       :  97.53%
Calculating       :  97.53%
Calculating       :  97.57%
Calculating       :  97.60%
Calculating       :  97.60%
Calculating       :  97.64%
Calculating       :  97.64%
Calculating       :  97.68%
Calculating       :  97.70%
Calculating       :  97.71%
Calculating       :  97.75%
Calculating       :  97.75%
Calculating       :  97.79%
Calculating       :  97.79%
Calculating       :  97.82%
Calculating       :  97.85%
Calculating       :  97.86%
Calculating       :  97.90%
Calculating       :  97.90%
Calculating       :  97.93%
Calculating       :  97.93%
Calculating       :  97.97%
Calculating       :  98.00%
Calculating       :  98.00%
Calculating       :  98.04%
Calculating       :  98.04%
Calculating       :  98.08%
Calculating       :  98.08%
Calculating       :  98.11%
Calculating       :  98.15%
Calculating       :  98.15%
Calculating       :  98.19%
Calculating       :  98.19%
Calculating       :  98.22%
Calculating       :  98.25%
Calculating       :  98.26%
Calculating       :  98.30%
Calculating       :  98.30%
Calculating       :  98.33%
Calculating       :  98.33%
Calculating       :  98.37%
Calculating       :  98.41%
Calculating       :  98.41%
Calculating       :  98.44%
Calculating       :  98.44%
Calculating       :  98.48%
Calculating       :  98.50%
Calculating       :  98.51%
Calculating       :  98.55%
Calculating       :  98.55%
Calculating       :  98.59%
Calculating       :  98.59%
Calculating       :  98.62%
Calculating       :  98.66%
Calculating       :  98.66%
Calculating       :  98.70%
Calculating       :  98.70%
Calculating       :  98.73%
Calculating       :  98.76%
Calculating       :  98.77%
Calculating       :  98.81%
Calculating       :  98.81%
Calculating       :  98.84%
Calculating       :  98.84%
Calculating       :  98.88%
Calculating       :  98.91%
Calculating       :  98.92%
Calculating       :  98.95%
Calculating       :  98.95%
Calculating       :  98.99%
Calculating       :  99.01%
Calculating       :  99.02%
Calculating       :  99.06%
Calculating       :  99.06%
Calculating       :  99.10%
Calculating       :  99.10%
Calculating       :  99.13%
Calculating       :  99.17%
Calculating       :  99.17%
Calculating       :  99.21%
Calculating       :  99.21%
Calculating       :  99.24%
Calculating       :  99.25%
Calculating       :  99.28%
Calculating       :  99.32%
Calculating       :  99.32%
Calculating       :  99.35%
Calculating       :  99.35%
Calculating       :  99.39%
Calculating       :  99.42%
Calculating       :  99.43%
Calculating       :  99.46%
Calculating       :  99.46%
Calculating       :  99.50%
Calculating       :  99.51%
Writing           :  99.51%
Writing           :  99.51%
Writing           :  99.53%
Writing           :  99.59%
Writing           :  99.65%
Writing           :  99.70%
Writing           :  99.75%
Writing           :  99.81%
Writing           :  99.86%
Writing           :  99.92%
Writing           :  99.97%
Finalizing        :  99.99%
Finished          : 100.00%
Processing time   : 968.209 s
